TransactionId,UserId,VisitYear,VisitMonth,VisitModeId,AttractionId,Rating
1,1680,2022,7,3,51,5.0
2,1781,2019,6,1,38,5.0
3,191,2021,8,5,16,4.0
4,940,2022,4,4,45,3.0
5,1661,2020,6,2,126,3.0
6,953,2020,1,3,108,4.0
7,1681,2023,7,1,32,2.0
8,1872,2019,2,5,102,4.0
9,950,2024,9,3,68,4.0
10,119,2020,11,2,113,3.0
11,681,2021,5,3,38,2.0
12,431,2019,11,1,10,4.0
13,949,2024,5,2,47,3.0
14,1172,2020,11,2,150,3.0
15,928,2023,7,2,84,4.0
16,391,2020,7,1,9,3.0
17,603,2019,5,5,147,4.0
18,1360,2021,12,3,124,4.0
19,54,2022,9,4,82,3.0
20,429,2021,6,1,112,3.0
21,1785,2024,10,4,28,3.0
22,199,2022,6,3,89,5.0
23,830,2023,11,3,137,4.0
24,414,2021,6,4,66,3.0
25,210,2019,10,3,6,3.0
26,846,2021,4,3,114,3.0
27,1043,2022,7,4,110,2.0
28,353,2021,8,1,111,3.0
29,156,2023,7,1,98,3.0
30,270,2024,6,5,21,2.0
31,1304,2019,1,4,18,3.0
32,1721,2019,12,3,119,3.0
33,361,2020,3,4,129,5.0
34,641,2022,3,4,12,3.0
35,688,2019,10,3,88,4.0
36,722,2020,1,1,76,3.0
37,489,2021,10,3,53,4.0
38,111,2021,5,2,97,3.0
39,1051,2024,9,1,138,2.0
40,715,2022,3,5,124,4.0
41,685,2024,9,4,23,3.0
42,530,2023,12,4,70,4.0
43,1859,2021,7,3,141,3.0
44,1221,2024,7,2,36,3.0
45,838,2024,8,3,129,3.0
46,411,2021,5,3,74,5.0
47,1603,2024,7,3,79,3.0
48,1777,2020,8,1,38,3.0
49,65,2020,1,4,138,4.0
50,1860,2023,6,2,80,4.0
51,1399,2023,7,2,87,5.0
52,200,2020,3,3,70,4.0
53,1507,2023,6,5,14,3.0
54,215,2022,5,2,118,5.0
55,102,2022,7,1,50,1.0
56,231,2024,4,5,37,4.0
57,920,2019,11,5,118,3.0
58,1240,2021,8,2,30,4.0
59,815,2020,8,4,103,5.0
60,244,2022,10,5,72,2.0
61,399,2019,1,1,120,4.0
62,1705,2019,4,4,8,4.0
63,1926,2023,3,2,117,4.0
64,1509,2019,8,4,35,3.0
65,207,2021,5,1,131,3.0
66,1640,2024,9,3,54,3.0
67,1384,2024,12,4,2,4.0
68,1053,2020,5,1,74,2.0
69,287,2024,4,4,9,3.0
70,1994,2021,6,1,41,4.0
71,886,2020,6,1,108,3.0
72,89,2022,5,5,85,3.0
73,420,2021,5,5,107,3.0
74,803,2021,5,4,132,4.0
75,125,2021,6,4,71,3.0
76,648,2019,6,1,82,3.0
77,937,2020,6,3,9,3.0
78,1898,2020,4,4,44,4.0
79,173,2024,8,4,109,2.0
80,1154,2021,6,2,10,4.0
81,1832,2022,3,2,54,4.0
82,1613,2021,10,3,21,4.0
83,1850,2024,11,1,129,3.0
84,341,2023,5,4,85,4.0
85,1603,2023,7,2,97,5.0
86,1958,2020,12,3,103,
87,653,2020,4,2,34,4.0
88,998,2024,3,4,8,2.0
89,1062,2024,5,5,60,5.0
90,988,2020,6,3,28,3.0
91,580,2021,6,5,49,4.0
92,1942,2020,8,3,48,3.0
93,1913,2023,4,2,118,3.0
94,762,2024,7,4,48,5.0
95,1611,2024,2,1,23,4.0
96,796,2024,12,2,144,3.0
97,1590,2021,4,3,8,5.0
98,1170,2020,4,2,31,2.0
99,941,2024,2,4,53,2.0
100,257,2021,5,3,10,2.0
101,1310,2020,12,2,135,4.0
102,643,2024,8,2,53,3.0
103,434,2021,9,2,118,3.0
104,387,2019,8,4,21,5.0
105,1964,2024,5,1,79,4.0
106,207,2020,10,4,19,2.0
107,1598,2020,5,1,35,5.0
108,1733,2022,10,2,62,4.0
109,63,2020,12,3,130,4.0
110,1179,2023,1,2,46,3.0
111,1155,2023,3,3,114,2.0
112,718,2022,10,3,14,4.0
113,1334,2020,2,2,38,2.0
114,818,2021,9,3,91,3.0
115,880,2020,3,5,71,5.0
116,864,2024,8,1,76,4.0
117,1602,2023,8,3,102,4.0
118,1267,2019,4,2,12,3.0
119,759,2022,11,4,105,4.0
120,1854,2023,11,1,130,3.0
121,1605,2022,3,1,115,4.0
122,1866,2019,9,3,43,3.0
123,1462,2019,9,3,53,3.0
124,783,2023,4,1,145,3.0
125,1546,2022,10,4,119,3.0
126,659,2022,4,2,140,4.0
127,542,2020,4,5,138,5.0
128,903,2020,9,5,66,4.0
129,1939,2021,2,4,20,3.0
130,1136,2022,12,4,35,3.0
131,768,2021,5,3,45,2.0
132,924,2024,6,4,126,5.0
133,583,2020,9,2,42,5.0
134,1318,2021,11,4,55,5.0
135,701,2020,10,3,128,4.0
136,1109,2019,5,4,25,4.0
137,740,2021,9,3,100,4.0
138,642,2019,5,3,83,4.0
139,1941,2021,7,2,148,5.0
140,692,2022,9,3,74,3.0
141,142,2021,7,2,79,3.0
142,758,2023,1,4,128,4.0
143,1065,2020,1,2,149,4.0
144,190,2021,2,5,110,1.0
145,612,2024,2,4,105,4.0
146,333,2020,9,4,132,1.0
147,1002,2022,3,5,147,5.0
148,1447,2023,3,3,111,
149,1937,2021,4,4,44,3.0
150,779,2020,3,3,97,2.0
151,1727,2023,11,1,36,5.0
152,430,2019,2,1,76,3.0
153,1561,2020,3,1,67,5.0
154,1126,2021,3,2,149,5.0
155,1517,2020,2,2,84,5.0
156,1512,2022,4,5,144,2.0
157,1065,2022,3,2,122,4.0
158,515,2024,5,5,128,5.0
159,1053,2022,2,4,26,4.0
160,1654,2022,12,4,117,3.0
161,1942,2023,10,4,38,4.0
162,1856,2020,8,5,87,4.0
163,363,2021,8,1,73,2.0
164,1195,2023,9,3,39,3.0
165,210,2020,12,2,148,4.0
166,1338,2020,2,2,132,4.0
167,1985,2020,7,3,87,4.0
168,106,2024,3,3,2,3.0
169,1314,2021,6,5,28,3.0
170,1892,2020,11,2,35,3.0
171,1695,2023,8,5,146,3.0
172,785,2024,8,2,61,4.0
173,208,2019,2,3,8,5.0
174,1848,2024,10,2,88,3.0
175,1843,2023,9,5,143,4.0
176,1158,2024,5,3,85,4.0
177,1958,2019,5,1,67,2.0
178,10,2019,7,5,27,4.0
179,1234,2021,10,2,132,3.0
180,78,2024,7,5,16,4.0
181,1872,2021,11,1,141,5.0
182,1361,2023,3,2,34,5.0
183,1827,2020,9,2,21,5.0
184,1126,2021,10,3,53,4.0
185,167,2024,9,4,1,4.0
186,54,2021,5,3,3,5.0
187,672,2023,6,1,28,2.0
188,1487,2022,6,3,104,5.0
189,303,2020,4,3,123,2.0
190,1705,2024,2,2,38,
191,479,2024,3,3,97,4.0
192,993,2023,8,3,53,2.0
193,407,2021,3,3,65,3.0
194,932,2021,10,3,51,5.0
195,905,2020,10,2,134,3.0
196,11,2022,5,5,77,5.0
197,1136,2020,5,4,76,1.0
198,1574,2020,12,4,129,5.0
199,1873,2019,1,4,99,2.0
200,662,2021,4,3,23,4.0
201,1762,2023,9,5,29,3.0
202,1758,2023,11,2,52,3.0
203,1977,2024,6,3,15,3.0
204,747,2022,9,4,104,2.0
205,1702,2024,3,4,75,5.0
206,1131,2023,12,3,7,2.0
207,117,2023,7,4,61,2.0
208,541,2022,9,3,125,4.0
209,1345,2019,3,2,137,3.0
210,322,2021,6,5,145,4.0
211,870,2024,9,3,139,3.0
212,1550,2023,5,4,92,3.0
213,300,2019,12,4,140,4.0
214,994,2019,10,1,144,4.0
215,430,2022,2,4,96,3.0
216,1073,2024,11,2,62,2.0
217,482,2023,5,4,145,3.0
218,1931,2024,8,4,63,5.0
219,154,2019,5,4,25,4.0
220,1928,2024,9,5,16,3.0
221,1584,2019,6,3,86,4.0
222,1712,2024,6,2,6,4.0
223,1704,2024,7,3,18,4.0
224,376,2022,3,3,37,4.0
225,1863,2022,6,2,80,3.0
226,1189,2021,1,2,72,4.0
227,1925,2022,1,3,77,5.0
228,1757,2023,8,4,77,3.0
229,1160,2020,4,3,150,3.0
230,749,2020,9,4,33,5.0
231,235,2024,10,3,72,4.0
232,203,2024,8,5,92,5.0
233,780,2022,6,4,42,5.0
234,1622,2020,7,2,28,4.0
235,1011,2024,10,3,7,
236,964,2024,5,5,49,2.0
237,489,2020,6,5,39,4.0
238,1129,2022,3,3,30,2.0
239,1277,2021,3,4,41,4.0
240,1965,2024,1,5,105,5.0
241,1459,2023,1,2,125,4.0
242,1215,2021,2,3,78,4.0
243,1821,2024,10,4,10,5.0
244,850,2022,8,1,111,5.0
245,1870,2021,2,4,23,4.0
246,740,2024,10,2,9,4.0
247,256,2021,10,3,86,3.0
248,836,2021,11,2,64,4.0
249,258,2021,12,4,47,4.0
250,237,2020,2,2,146,3.0
251,1763,2020,7,3,14,3.0
252,1590,2019,10,2,9,2.0
253,443,2023,3,1,89,3.0
254,1676,2022,8,4,63,2.0
255,138,2024,2,2,121,3.0
256,569,2022,4,2,7,3.0
257,1413,2019,12,1,63,4.0
258,608,2022,9,3,22,3.0
259,1462,2020,4,2,7,4.0
260,1749,2019,12,3,70,4.0
261,133,2022,3,4,111,4.0
262,48,2019,5,1,24,4.0
263,1881,2021,6,2,127,4.0
264,1041,2024,8,2,78,1.0
265,1013,2020,4,4,73,3.0
266,928,2023,4,1,139,5.0
267,868,2021,9,4,50,4.0
268,1381,2019,3,5,31,3.0
269,1160,2020,2,1,118,4.0
270,327,2019,2,2,17,4.0
271,1254,2019,4,4,131,5.0
272,1337,2019,1,5,124,3.0
273,228,2024,1,2,147,3.0
274,754,2023,9,3,70,3.0
275,1582,2021,7,4,94,3.0
276,1238,2023,2,3,133,3.0
277,273,2020,4,3,20,4.0
278,81,2022,9,3,46,4.0
279,1163,2020,10,5,71,3.0
280,924,2022,11,3,95,5.0
281,1923,2021,3,3,102,3.0
282,1045,2024,11,3,139,4.0
283,1863,2024,6,2,74,2.0
284,429,2021,4,3,26,4.0
285,895,2019,7,1,29,4.0
286,280,2020,2,3,121,3.0
287,1149,2020,6,3,70,2.0
288,377,2021,6,4,95,4.0
289,985,2022,8,4,85,3.0
290,689,2024,3,3,122,5.0
291,372,2019,1,3,33,3.0
292,194,2022,5,2,26,5.0
293,1025,2020,12,2,111,5.0
294,1895,2022,7,1,66,4.0
295,398,2022,7,1,123,3.0
296,810,2023,8,4,20,3.0
297,450,2022,7,5,41,4.0
298,1618,2020,3,3,145,4.0
299,830,2024,12,1,127,2.0
300,1949,2021,3,1,10,3.0
301,491,2021,8,1,123,4.0
302,162,2022,11,4,10,5.0
303,1166,2020,8,3,19,5.0
304,1304,2024,12,4,135,3.0
305,1982,2019,3,2,19,3.0
306,1743,2019,8,3,46,4.0
307,1769,2024,2,3,21,4.0
308,1269,2021,7,1,90,5.0
309,720,2024,3,3,9,3.0
310,859,2024,8,4,44,3.0
311,268,2024,4,1,49,3.0
312,863,2023,2,1,98,3.0
313,729,2023,11,3,75,3.0
314,72,2022,11,5,29,2.0
315,409,2023,3,5,70,2.0
316,1070,2020,3,1,69,4.0
317,739,2023,1,4,54,4.0
318,1988,2020,9,4,81,3.0
319,958,2021,11,4,49,4.0
320,1918,2021,3,1,51,2.0
321,1322,2023,6,5,118,3.0
322,81,2020,9,4,38,4.0
323,407,2020,6,3,50,4.0
324,1412,2023,10,1,22,3.0
325,1091,2021,10,2,105,5.0
326,604,2023,9,2,106,3.0
327,1045,2024,9,4,102,4.0
328,1806,2024,6,4,26,5.0
329,778,2021,5,5,68,3.0
330,91,2020,8,3,44,4.0
331,622,2024,2,5,115,4.0
332,1872,2020,8,4,51,2.0
333,1524,2023,1,1,63,4.0
334,1675,2023,9,2,69,3.0
335,1824,2021,8,4,115,2.0
336,236,2019,6,3,106,3.0
337,566,2021,4,2,123,3.0
338,120,2019,7,4,65,5.0
339,10,2021,8,2,123,3.0
340,1670,2021,9,3,131,5.0
341,1874,2022,12,5,79,3.0
342,312,2020,3,2,102,4.0
343,1445,2024,1,1,137,3.0
344,1070,2019,8,3,126,2.0
345,139,2024,2,4,42,5.0
346,1832,2020,2,2,108,4.0
347,1743,2021,4,3,67,3.0
348,1135,2024,9,3,23,4.0
349,1416,2022,1,4,56,4.0
350,795,2019,5,3,147,3.0
351,1586,2022,2,2,144,4.0
352,891,2022,11,2,118,4.0
353,1979,2024,10,2,149,4.0
354,127,2022,2,1,86,4.0
355,345,2024,4,1,114,3.0
356,1938,2022,6,4,25,2.0
357,578,2020,6,4,45,3.0
358,622,2022,3,2,26,3.0
359,1583,2024,6,4,141,4.0
360,379,2019,11,3,93,3.0
361,1028,2021,3,4,140,4.0
362,573,2019,2,4,63,3.0
363,396,2024,5,2,61,4.0
364,1929,2022,6,3,102,4.0
365,400,2023,4,2,86,3.0
366,189,2024,2,5,56,5.0
367,1348,2023,2,2,48,3.0
368,1735,2021,10,3,77,3.0
369,255,2024,2,2,12,5.0
370,1416,2021,4,2,29,3.0
371,1082,2024,10,2,7,3.0
372,1661,2024,8,4,24,3.0
373,254,2020,1,2,30,3.0
374,1952,2023,3,2,12,4.0
375,1239,2023,6,1,9,3.0
376,1685,2023,5,2,123,3.0
377,724,2020,12,2,28,3.0
378,1887,2022,2,3,84,5.0
379,1253,2019,1,3,15,3.0
380,254,2024,7,5,143,1.0
381,1846,2024,12,3,36,5.0
382,1592,2022,1,1,113,3.0
383,601,2019,10,4,97,3.0
384,1092,2022,12,1,116,3.0
385,777,2021,5,4,95,3.0
386,1087,2023,5,3,77,3.0
387,1931,2019,12,1,116,3.0
388,1798,2021,8,5,123,4.0
389,432,2021,7,3,57,3.0
390,1944,2024,4,4,142,1.0
391,876,2020,12,3,149,2.0
392,1410,2024,4,3,109,4.0
393,1529,2024,5,2,140,3.0
394,966,2022,11,2,16,4.0
395,914,2020,7,4,82,3.0
396,913,2020,10,1,98,4.0
397,1726,2019,12,3,140,4.0
398,773,2023,8,2,19,2.0
399,560,2023,2,3,121,2.0
400,724,2020,10,2,12,2.0
401,390,2023,8,2,54,5.0
402,784,2022,3,3,104,2.0
403,229,2023,2,4,44,3.0
404,180,2019,12,5,126,4.0
405,1448,2020,2,2,140,4.0
406,155,2023,6,3,24,3.0
407,1137,2021,12,2,39,2.0
408,1560,2024,11,3,12,3.0
409,1449,2024,11,2,107,3.0
410,893,2019,9,1,133,1.0
411,388,2021,6,3,91,4.0
412,1862,2023,4,1,20,4.0
413,1671,2019,11,1,27,3.0
414,1225,2024,7,4,6,5.0
415,174,2019,5,4,74,3.0
416,71,2019,12,3,109,4.0
417,631,2022,5,1,23,4.0
418,316,2020,1,2,128,4.0
419,1721,2022,8,2,38,2.0
420,412,2021,6,4,78,3.0
421,566,2020,8,4,101,4.0
422,1952,2024,8,2,81,3.0
423,1637,2019,8,3,72,4.0
424,438,2021,5,2,51,3.0
425,768,2020,4,4,65,3.0
426,1032,2019,4,2,36,4.0
427,1329,2020,12,4,45,3.0
428,1873,2020,9,4,114,3.0
429,1743,2021,5,2,133,
430,1955,2021,11,4,128,3.0
431,82,2019,10,4,50,2.0
432,473,2019,7,3,49,5.0
433,1127,2019,10,1,9,3.0
434,99,2022,12,2,42,3.0
435,711,2024,7,1,88,4.0
436,308,2019,2,3,41,4.0
437,1866,2019,6,2,111,
438,127,2023,3,4,8,4.0
439,297,2023,9,3,62,5.0
440,391,2023,2,3,43,2.0
441,298,2020,6,5,75,4.0
442,1138,2024,6,3,4,2.0
443,729,2022,5,2,63,3.0
444,1825,2019,8,5,119,4.0
445,522,2019,7,3,129,3.0
446,1075,2022,3,3,39,
447,1321,2023,10,2,65,4.0
448,1252,2023,6,3,104,2.0
449,1593,2022,2,4,70,4.0
450,404,2022,9,3,82,5.0
451,1015,2023,5,2,52,1.0
452,1602,2019,8,5,126,4.0
453,1727,2021,10,3,95,3.0
454,1236,2019,8,4,145,3.0
455,1304,2024,12,1,117,2.0
456,1729,2022,8,3,56,4.0
457,1250,2023,5,5,50,3.0
458,1898,2021,12,3,14,5.0
459,256,2024,7,1,94,3.0
460,696,2024,9,4,113,3.0
461,225,2022,4,1,54,2.0
462,182,2024,11,2,4,5.0
463,944,2022,12,2,124,5.0
464,452,2023,12,2,34,5.0
465,815,2020,5,1,88,5.0
466,876,2024,11,3,8,3.0
467,1242,2020,9,4,10,4.0
468,1892,2023,2,2,135,4.0
469,1699,2022,12,3,101,4.0
470,757,2019,7,3,1,3.0
471,652,2023,7,5,16,3.0
472,1542,2019,5,4,74,2.0
473,248,2022,11,5,103,3.0
474,1081,2023,2,4,64,3.0
475,847,2019,5,3,131,3.0
476,366,2021,7,1,98,4.0
477,1233,2022,3,4,93,3.0
478,642,2024,3,4,44,3.0
479,372,2021,8,2,103,3.0
480,1307,2019,7,2,132,4.0
481,349,2019,10,3,8,3.0
482,1346,2020,10,2,111,4.0
483,325,2024,1,5,132,3.0
484,870,2023,5,2,65,4.0
485,1616,2021,11,2,115,2.0
486,458,2024,12,1,54,3.0
487,1536,2024,2,3,29,3.0
488,1444,2024,10,4,123,3.0
489,1806,2019,3,3,47,3.0
490,338,2019,10,2,114,3.0
491,1431,2023,6,5,48,3.0
492,1874,2021,2,2,60,3.0
493,1527,2019,3,1,103,3.0
494,376,2022,12,2,52,3.0
495,1645,2021,10,3,122,2.0
496,215,2024,1,3,6,3.0
497,1178,2022,12,3,2,4.0
498,996,2020,11,1,13,4.0
499,1063,2024,7,4,39,3.0
500,1040,2022,1,2,9,2.0
501,63,2020,6,2,58,3.0
502,1017,2019,2,3,4,4.0
503,1874,2022,5,3,114,4.0
504,874,2023,4,5,23,3.0
505,554,2024,9,3,146,2.0
506,1990,2019,9,2,129,4.0
507,198,2021,3,5,105,4.0
508,973,2024,11,3,120,3.0
509,1026,2022,9,3,117,3.0
510,956,2019,8,1,127,2.0
511,1844,2024,10,2,84,4.0
512,844,2023,9,5,94,5.0
513,1947,2021,10,5,71,3.0
514,134,2023,4,5,94,5.0
515,1468,2022,9,4,58,3.0
516,1186,2020,12,3,19,3.0
517,482,2023,10,3,140,3.0
518,456,2020,5,1,105,2.0
519,1440,2020,8,4,106,3.0
520,1276,2022,11,4,43,
521,1223,2019,8,4,116,5.0
522,102,2022,10,2,78,3.0
523,1196,2022,11,2,12,4.0
524,1963,2023,5,4,144,3.0
525,35,2019,5,5,149,4.0
526,939,2022,5,3,131,4.0
527,989,2021,5,1,72,3.0
528,1794,2020,9,5,35,5.0
529,566,2021,6,3,2,3.0
530,952,2024,12,3,111,5.0
531,1435,2023,9,5,134,4.0
532,121,2019,9,3,16,3.0
533,1603,2024,12,3,103,3.0
534,1645,2022,11,4,5,3.0
535,1440,2019,1,3,117,5.0
536,1297,2024,12,2,5,3.0
537,1496,2022,11,2,147,4.0
538,1564,2024,4,4,26,3.0
539,1807,2019,3,2,61,4.0
540,857,2020,7,5,105,4.0
541,913,2024,12,3,127,2.0
542,1276,2020,8,3,55,4.0
543,387,2022,7,1,148,5.0
544,1713,2022,3,3,3,3.0
545,1542,2024,11,2,71,
546,1263,2021,10,4,149,4.0
547,604,2023,1,1,42,5.0
548,696,2023,4,3,81,3.0
549,870,2023,11,4,67,4.0
550,1326,2022,9,3,60,4.0
551,1557,2019,5,4,116,3.0
552,1344,2020,7,4,78,4.0
553,1860,2022,2,3,108,3.0
554,1922,2021,11,2,78,3.0
555,1410,2020,8,2,150,4.0
556,742,2023,7,1,71,5.0
557,1199,2021,8,2,120,3.0
558,851,2023,8,3,92,4.0
559,1259,2022,6,4,121,2.0
560,1625,2021,3,3,133,3.0
561,739,2019,6,2,34,4.0
562,1012,2019,10,4,46,4.0
563,92,2022,1,3,46,4.0
564,1474,2021,5,2,74,3.0
565,980,2023,10,1,74,3.0
566,920,2022,7,4,1,2.0
567,1065,2020,1,3,135,4.0
568,431,2023,11,3,129,4.0
569,1196,2022,1,4,91,4.0
570,1491,2024,6,3,46,5.0
571,700,2024,2,2,124,1.0
572,263,2024,4,3,41,3.0
573,774,2019,5,1,46,5.0
574,398,2022,4,2,150,5.0
575,748,2019,11,3,139,4.0
576,1254,2024,7,1,88,3.0
577,227,2023,5,4,26,4.0
578,1495,2020,4,1,19,2.0
579,450,2022,6,2,145,3.0
580,1790,2022,5,3,40,4.0
581,1465,2022,10,3,103,4.0
582,546,2022,3,2,53,4.0
583,1127,2024,9,4,75,4.0
584,222,2023,6,3,148,4.0
585,200,2021,4,2,89,3.0
586,1913,2023,6,1,65,5.0
587,1605,2019,2,5,63,5.0
588,309,2020,7,3,35,4.0
589,566,2019,9,2,84,3.0
590,396,2024,8,2,86,4.0
591,791,2019,1,3,15,4.0
592,583,2024,8,2,61,2.0
593,657,2023,1,2,97,5.0
594,1059,2024,5,4,9,3.0
595,379,2023,8,4,147,3.0
596,1766,2021,11,2,130,4.0
597,1456,2023,12,2,96,3.0
598,1522,2024,7,2,3,3.0
599,339,2024,3,5,78,4.0
600,1417,2023,10,3,135,5.0
601,1673,2023,5,2,4,4.0
602,351,2022,7,3,119,2.0
603,1503,2024,3,3,126,4.0
604,716,2021,5,1,12,4.0
605,1576,2022,6,5,35,4.0
606,957,2024,9,1,109,4.0
607,1605,2020,11,3,137,3.0
608,295,2023,3,3,116,3.0
609,779,2019,7,3,79,4.0
610,547,2022,12,1,91,3.0
611,497,2019,1,3,79,4.0
612,617,2024,7,4,87,5.0
613,765,2024,10,4,116,5.0
614,255,2020,2,2,8,3.0
615,1415,2019,9,1,32,5.0
616,1101,2022,6,5,9,3.0
617,1659,2024,8,3,120,4.0
618,1411,2020,9,3,110,4.0
619,299,2024,2,4,8,2.0
620,140,2021,1,2,16,3.0
621,846,2021,4,5,40,3.0
622,963,2021,4,3,37,3.0
623,481,2020,4,4,78,3.0
624,1565,2021,12,3,75,4.0
625,1164,2020,9,4,54,4.0
626,1496,2021,5,2,25,4.0
627,219,2020,8,1,98,4.0
628,1631,2019,2,2,119,3.0
629,413,2021,3,4,97,3.0
630,897,2019,2,3,122,3.0
631,879,2020,6,3,138,2.0
632,1642,2023,8,2,127,3.0
633,554,2019,7,3,98,4.0
634,482,2020,7,3,8,3.0
635,680,2023,2,3,51,4.0
636,722,2019,8,4,65,3.0
637,364,2023,7,2,107,5.0
638,353,2019,12,3,128,4.0
639,463,2019,3,2,97,3.0
640,935,2020,1,2,55,3.0
641,687,2024,6,2,119,5.0
642,785,2019,3,4,105,3.0
643,1439,2019,3,1,120,3.0
644,482,2024,3,2,89,3.0
645,1820,2022,9,3,98,4.0
646,1504,2022,6,3,53,4.0
647,350,2019,11,4,60,4.0
648,628,2021,2,4,42,3.0
649,368,2022,12,3,39,2.0
650,546,2022,5,2,98,5.0
651,731,2022,7,1,58,3.0
652,262,2019,10,2,21,4.0
653,29,2024,6,3,6,3.0
654,878,2023,2,1,130,4.0
655,1402,2020,3,4,66,5.0
656,606,2024,11,5,87,2.0
657,1721,2020,1,4,136,4.0
658,739,2019,11,3,17,3.0
659,1802,2024,9,4,141,4.0
660,472,2019,7,2,106,5.0
661,1079,2019,4,5,97,3.0
662,1527,2022,11,2,65,1.0
663,119,2020,1,3,106,2.0
664,1861,2019,9,1,31,3.0
665,730,2019,3,3,46,5.0
666,996,2019,5,2,145,3.0
667,1257,2024,1,1,42,5.0
668,1286,2023,7,3,108,2.0
669,48,2024,2,1,140,3.0
670,1735,2022,2,2,89,4.0
671,1248,2022,4,4,45,4.0
672,1998,2020,6,1,128,2.0
673,944,2024,12,3,124,2.0
674,1228,2023,10,1,82,4.0
675,883,2022,5,4,18,3.0
676,1780,2019,8,5,67,5.0
677,1665,2023,10,3,65,4.0
678,1818,2020,5,5,29,2.0
679,1009,2020,10,3,61,4.0
680,1583,2023,8,3,24,4.0
681,718,2024,9,2,104,2.0
682,922,2022,12,5,65,3.0
683,1521,2019,5,4,110,3.0
684,163,2022,1,1,69,5.0
685,1421,2024,7,1,108,4.0
686,32,2023,4,2,110,1.0
687,1162,2020,1,2,25,3.0
688,955,2022,2,2,67,5.0
689,938,2020,7,5,113,3.0
690,989,2024,12,4,89,2.0
691,984,2024,5,3,34,3.0
692,815,2022,7,2,125,4.0
693,903,2019,3,3,30,5.0
694,1137,2021,2,5,150,4.0
695,1527,2019,10,4,107,4.0
696,1105,2023,8,4,49,3.0
697,1286,2023,3,4,30,3.0
698,1674,2020,7,3,136,2.0
699,1980,2024,7,1,79,5.0
700,218,2023,1,4,121,3.0
701,1426,2024,4,3,125,3.0
702,451,2020,11,4,11,2.0
703,394,2020,5,4,103,4.0
704,1587,2021,9,2,51,3.0
705,138,2020,8,2,137,5.0
706,1696,2023,1,4,33,4.0
707,1542,2021,12,3,6,5.0
708,1990,2022,12,2,100,4.0
709,1336,2020,9,3,83,3.0
710,1746,2019,2,2,84,4.0
711,238,2024,11,3,40,2.0
712,1780,2021,1,3,75,4.0
713,321,2019,7,3,145,4.0
714,629,2023,6,5,115,2.0
715,257,2019,9,2,148,4.0
716,804,2024,2,5,50,3.0
717,1498,2021,11,4,131,5.0
718,537,2021,7,4,58,5.0
719,1645,2020,4,4,141,4.0
720,1213,2019,4,1,130,4.0
721,1258,2021,9,3,25,5.0
722,1878,2021,3,1,146,3.0
723,864,2021,4,3,92,3.0
724,690,2021,12,1,117,3.0
725,1990,2022,11,1,87,4.0
726,1115,2019,4,5,33,5.0
727,1230,2021,7,5,148,3.0
728,593,2024,5,3,17,2.0
729,431,2024,3,3,122,3.0
730,340,2022,4,4,32,4.0
731,448,2021,2,5,118,4.0
732,391,2021,11,1,64,5.0
733,1494,2023,3,1,36,3.0
734,116,2021,3,5,36,2.0
735,1259,2024,8,1,48,5.0
736,1899,2019,2,4,136,2.0
737,1532,2022,12,3,116,4.0
738,806,2022,11,3,101,2.0
739,119,2021,5,1,95,4.0
740,1669,2021,3,4,63,4.0
741,7,2019,2,3,136,2.0
742,1363,2021,11,5,42,
743,1342,2021,6,3,142,3.0
744,384,2022,7,5,58,2.0
745,1480,2022,2,2,52,3.0
746,351,2021,10,2,72,2.0
747,452,2022,7,5,113,3.0
748,1624,2022,1,1,108,3.0
749,1959,2019,1,2,116,4.0
750,530,2024,12,1,14,4.0
751,1843,2024,1,4,25,3.0
752,1827,2021,4,4,128,3.0
753,1539,2023,1,5,148,5.0
754,281,2021,1,1,20,3.0
755,599,2019,10,2,136,4.0
756,1356,2024,10,2,40,3.0
757,1999,2020,4,5,147,3.0
758,1629,2021,3,3,150,3.0
759,841,2022,3,2,96,5.0
760,471,2021,5,2,29,2.0
761,1921,2020,10,2,119,4.0
762,553,2023,8,4,16,5.0
763,685,2021,6,3,51,3.0
764,1930,2022,1,3,96,5.0
765,1124,2022,2,3,11,4.0
766,530,2024,3,1,59,3.0
767,11,2021,3,3,120,2.0
768,860,2021,6,4,14,3.0
769,1973,2024,11,2,56,4.0
770,866,2021,6,3,1,3.0
771,1400,2020,4,4,99,4.0
772,507,2019,7,3,12,3.0
773,1552,2020,1,3,43,2.0
774,1552,2020,9,4,79,3.0
775,1217,2020,1,2,33,4.0
776,1544,2022,5,2,35,5.0
777,1158,2022,12,3,126,4.0
778,757,2020,5,2,117,4.0
779,1476,2021,9,3,13,3.0
780,1671,2021,4,4,129,4.0
781,1683,2019,11,1,71,3.0
782,427,2020,5,5,22,4.0
783,1354,2023,3,5,137,4.0
784,9,2019,1,1,51,4.0
785,1144,2020,4,3,49,3.0
786,1143,2021,7,2,22,4.0
787,727,2019,1,5,133,5.0
788,1989,2022,3,3,44,4.0
789,1766,2023,5,4,89,4.0
790,78,2021,9,5,36,4.0
791,418,2020,8,3,135,3.0
792,416,2023,1,4,119,4.0
793,1796,2020,1,2,76,4.0
794,1038,2019,1,2,52,2.0
795,1458,2019,4,3,99,3.0
796,1620,2019,4,4,75,5.0
797,1536,2024,2,1,142,5.0
798,179,2024,6,3,102,3.0
799,281,2022,8,4,5,4.0
800,791,2024,9,2,124,3.0
801,677,2023,12,3,29,5.0
802,1495,2021,9,1,46,4.0
803,313,2023,12,1,66,4.0
804,744,2021,12,2,32,3.0
805,474,2024,11,4,142,3.0
806,378,2024,5,1,147,1.0
807,346,2024,1,2,24,4.0
808,391,2022,1,4,49,4.0
809,1129,2022,11,2,56,5.0
810,821,2019,11,3,101,4.0
811,871,2022,4,3,90,3.0
812,959,2019,9,5,102,3.0
813,1483,2022,6,4,5,3.0
814,1724,2019,1,1,78,2.0
815,1053,2021,8,3,32,3.0
816,1285,2023,2,3,35,2.0
817,1478,2020,2,2,117,3.0
818,1381,2022,6,3,22,4.0
819,269,2020,1,4,5,4.0
820,1966,2020,5,4,74,2.0
821,330,2020,10,3,111,3.0
822,824,2019,8,2,77,4.0
823,1306,2021,1,3,25,5.0
824,807,2019,3,3,117,4.0
825,487,2024,12,3,58,5.0
826,1847,2023,12,5,107,4.0
827,144,2020,12,5,31,3.0
828,492,2024,7,5,137,5.0
829,1986,2021,6,4,43,3.0
830,1460,2022,10,3,146,2.0
831,174,2023,12,2,57,5.0
832,1510,2023,2,5,110,4.0
833,1940,2019,11,3,76,4.0
834,196,2020,8,2,12,5.0
835,829,2021,2,1,15,5.0
836,937,2022,11,4,61,2.0
837,263,2024,1,2,29,3.0
838,402,2021,1,4,92,3.0
839,348,2021,5,3,21,5.0
840,371,2019,7,2,89,4.0
841,808,2022,6,4,31,4.0
842,928,2021,3,4,28,4.0
843,476,2022,8,2,56,3.0
844,579,2024,6,1,88,4.0
845,385,2022,2,3,60,4.0
846,1593,2019,10,2,53,4.0
847,424,2023,4,2,52,4.0
848,1816,2021,9,5,51,4.0
849,1078,2021,5,2,61,4.0
850,1606,2024,10,3,126,4.0
851,1273,2022,4,2,87,4.0
852,533,2023,3,2,64,3.0
853,1203,2024,1,2,113,4.0
854,549,2021,10,2,80,5.0
855,238,2024,9,4,143,1.0
856,510,2020,8,4,85,4.0
857,552,2024,8,3,33,3.0
858,271,2024,1,4,85,3.0
859,48,2019,5,1,117,4.0
860,1888,2019,11,3,32,3.0
861,1027,2019,4,4,31,3.0
862,805,2020,1,3,90,3.0
863,1860,2024,11,5,133,5.0
864,450,2019,1,3,51,3.0
865,806,2019,9,5,77,3.0
866,1694,2021,11,1,99,4.0
867,1265,2021,9,1,100,3.0
868,799,2022,1,2,22,4.0
869,512,2022,11,4,60,5.0
870,71,2023,2,1,150,4.0
871,171,2021,11,2,134,2.0
872,324,2021,1,5,116,3.0
873,1574,2019,6,3,4,4.0
874,1279,2024,11,2,63,4.0
875,867,2020,4,1,8,4.0
876,1566,2022,1,4,46,3.0
877,322,2024,2,5,130,4.0
878,422,2022,5,4,59,4.0
879,786,2022,5,1,26,5.0
880,1835,2020,3,3,109,3.0
881,1229,2023,6,3,114,3.0
882,1702,2020,5,5,99,5.0
883,497,2023,8,4,122,4.0
884,1697,2022,4,4,106,4.0
885,145,2021,4,3,96,3.0
886,456,2023,11,1,134,4.0
887,1047,2023,10,4,49,3.0
888,102,2020,10,3,69,2.0
889,1717,2021,5,1,85,3.0
890,1735,2021,11,4,101,4.0
891,1083,2019,5,1,72,4.0
892,612,2021,9,4,67,5.0
893,198,2019,10,4,25,4.0
894,1238,2021,4,1,96,4.0
895,1076,2020,8,4,19,2.0
896,1520,2020,3,3,72,3.0
897,1206,2023,5,3,62,5.0
898,257,2019,7,5,117,3.0
899,244,2019,8,5,72,4.0
900,1562,2020,5,2,1,
901,319,2019,9,4,76,2.0
902,1878,2024,8,3,33,4.0
903,212,2024,11,4,58,4.0
904,1457,2023,1,2,45,3.0
905,1951,2023,7,3,25,4.0
906,883,2019,9,1,142,2.0
907,114,2022,6,5,39,3.0
908,1754,2019,4,5,77,4.0
909,375,2020,7,2,125,4.0
910,1055,2021,6,3,55,3.0
911,1970,2023,6,2,141,5.0
912,1490,2020,12,2,61,3.0
913,93,2020,6,1,143,3.0
914,1642,2023,3,4,68,4.0
915,323,2020,1,2,3,4.0
916,1499,2021,2,3,131,3.0
917,1242,2020,7,5,130,3.0
918,576,2024,3,1,145,4.0
919,848,2022,2,3,19,3.0
920,236,2019,5,5,127,4.0
921,1974,2019,3,4,52,1.0
922,477,2024,7,2,127,4.0
923,618,2024,1,2,145,3.0
924,1006,2023,12,4,30,2.0
925,1345,2019,11,1,56,2.0
926,1011,2023,11,3,41,4.0
927,1011,2022,3,2,46,3.0
928,1166,2024,9,4,90,1.0
929,1716,2021,1,2,62,3.0
930,791,2021,9,3,99,3.0
931,1665,2022,10,4,102,4.0
932,1574,2019,4,1,31,2.0
933,1923,2023,6,3,7,3.0
934,1827,2021,12,5,112,3.0
935,1597,2020,3,3,28,4.0
936,494,2023,7,1,30,4.0
937,1549,2020,4,5,91,3.0
938,1474,2024,2,1,40,4.0
939,580,2020,9,2,29,4.0
940,1356,2021,12,2,47,4.0
941,506,2021,7,4,79,3.0
942,1047,2023,7,2,127,2.0
943,1594,2020,7,2,149,3.0
944,378,2020,2,3,110,3.0
945,674,2020,3,2,135,5.0
946,1591,2020,9,4,80,3.0
947,908,2021,8,3,62,3.0
948,1922,2022,3,3,123,4.0
949,16,2024,1,2,46,3.0
950,1444,2021,3,5,122,4.0
951,1629,2021,7,2,150,2.0
952,1836,2019,4,2,59,3.0
953,314,2019,9,2,96,3.0
954,1969,2023,7,5,118,5.0
955,785,2022,2,3,118,3.0
956,705,2022,4,1,31,2.0
957,712,2021,1,2,145,3.0
958,1277,2022,1,3,76,5.0
959,1319,2024,10,2,7,2.0
960,948,2020,5,3,18,4.0
961,143,2021,11,2,110,4.0
962,1974,2020,3,2,65,4.0
963,445,2019,4,4,17,3.0
964,188,2023,7,3,79,5.0
965,1195,2023,4,1,90,4.0
966,825,2024,6,2,12,3.0
967,1232,2019,2,4,53,4.0
968,1752,2020,1,4,70,4.0
969,195,2022,11,4,118,4.0
970,569,2023,3,4,98,4.0
971,1034,2024,2,1,14,2.0
972,1576,2023,4,1,93,5.0
973,1202,2024,6,1,136,4.0
974,766,2023,6,1,9,5.0
975,1221,2020,10,4,148,4.0
976,1960,2022,10,1,15,4.0
977,961,2022,4,3,94,3.0
978,1768,2021,3,2,53,4.0
979,1560,2024,2,4,110,5.0
980,603,2023,2,4,127,5.0
981,500,2022,1,4,128,5.0
982,1541,2021,1,2,131,4.0
983,415,2023,6,5,123,3.0
984,674,2020,8,4,47,4.0
985,471,2020,10,3,70,4.0
986,1213,2021,4,3,108,4.0
987,589,2019,4,2,26,4.0
988,1317,2021,9,4,87,4.0
989,1870,2021,8,5,80,4.0
990,1660,2022,9,2,148,4.0
991,1896,2021,3,2,8,3.0
992,49,2024,1,2,15,4.0
993,911,2020,7,5,5,4.0
994,441,2021,6,3,83,3.0
995,1836,2023,4,5,83,2.0
996,1424,2020,12,3,89,3.0
997,641,2022,2,2,37,4.0
998,1128,2024,4,3,47,3.0
999,1211,2021,9,2,63,4.0
1000,992,2020,7,3,8,3.0
1001,949,2020,3,3,113,4.0
1002,111,2019,7,3,8,4.0
1003,905,2020,6,2,101,4.0
1004,697,2024,4,3,69,4.0
1005,1637,2020,9,4,150,3.0
1006,1731,2024,10,2,104,4.0
1007,1501,2024,1,5,72,4.0
1008,62,2023,1,3,106,1.0
1009,1683,2024,11,3,18,3.0
1010,793,2021,3,1,28,3.0
1011,833,2024,2,1,75,3.0
1012,1891,2022,8,4,129,4.0
1013,1735,2019,4,5,124,3.0
1014,102,2023,12,3,57,5.0
1015,720,2024,12,2,43,3.0
1016,1500,2024,1,4,145,2.0
1017,1078,2021,3,5,85,4.0
1018,516,2019,8,3,18,4.0
1019,1050,2022,5,2,34,4.0
1020,1734,2024,1,3,126,2.0
1021,447,2024,6,5,135,4.0
1022,1493,2022,8,2,137,2.0
1023,1470,2023,12,2,2,3.0
1024,1772,2019,5,4,124,3.0
1025,596,2022,10,3,17,2.0
1026,432,2019,6,2,122,4.0
1027,1096,2023,9,3,133,4.0
1028,1063,2019,12,5,55,4.0
1029,820,2022,10,4,30,3.0
1030,1559,2024,9,1,108,3.0
1031,1599,2019,10,4,11,4.0
1032,492,2021,3,3,87,4.0
1033,1592,2019,10,2,50,2.0
1034,462,2023,12,1,64,4.0
1035,816,2024,12,5,124,3.0
1036,55,2019,4,1,149,4.0
1037,681,2022,6,2,61,3.0
1038,1918,2023,9,3,44,3.0
1039,886,2019,1,4,126,2.0
1040,1421,2021,9,2,62,3.0
1041,216,2019,4,4,30,2.0
1042,1272,2024,11,4,136,3.0
1043,744,2022,8,4,149,2.0
1044,1488,2022,5,4,44,3.0
1045,1857,2024,1,1,24,4.0
1046,1064,2023,9,4,23,3.0
1047,206,2020,7,3,90,4.0
1048,953,2022,8,3,47,4.0
1049,247,2020,1,1,94,4.0
1050,900,2022,6,3,114,4.0
1051,123,2023,10,2,1,4.0
1052,1281,2024,11,3,129,4.0
1053,621,2024,5,2,5,2.0
1054,404,2021,4,3,18,4.0
1055,35,2024,9,1,109,5.0
1056,1777,2024,3,3,94,4.0
1057,1675,2022,11,3,147,5.0
1058,1624,2019,8,2,86,3.0
1059,117,2019,12,5,63,4.0
1060,700,2022,3,3,101,4.0
1061,1943,2023,2,4,115,3.0
1062,1158,2024,10,3,101,4.0
1063,257,2020,4,4,56,2.0
1064,283,2024,5,4,144,3.0
1065,527,2023,4,3,46,3.0
1066,1945,2021,6,5,52,3.0
1067,340,2021,11,2,42,4.0
1068,1806,2021,9,4,45,3.0
1069,1357,2023,1,3,32,3.0
1070,1844,2023,11,1,88,3.0
1071,1653,2020,6,3,110,3.0
1072,665,2021,9,1,65,5.0
1073,1656,2019,5,4,139,5.0
1074,339,2024,2,4,72,5.0
1075,582,2021,6,3,71,3.0
1076,424,2020,5,2,11,2.0
1077,267,2020,1,5,136,4.0
1078,181,2019,10,4,23,5.0
1079,375,2021,11,4,25,4.0
1080,241,2023,11,2,141,4.0
1081,761,2020,3,3,78,3.0
1082,143,2021,8,2,11,4.0
1083,123,2022,7,4,67,4.0
1084,1980,2021,8,2,89,4.0
1085,176,2023,10,2,2,3.0
1086,149,2020,5,2,114,2.0
1087,61,2021,4,3,101,3.0
1088,266,2024,6,3,2,4.0
1089,1056,2024,8,4,93,5.0
1090,1655,2022,6,5,34,3.0
1091,1470,2021,4,1,111,2.0
1092,1161,2024,1,1,57,5.0
1093,171,2021,7,2,31,4.0
1094,1549,2021,1,4,77,4.0
1095,75,2022,6,5,67,4.0
1096,1262,2021,8,2,52,3.0
1097,819,2024,6,2,132,4.0
1098,1765,2020,7,5,98,4.0
1099,616,2019,4,3,74,3.0
1100,1277,2021,3,3,34,5.0
1101,880,2024,11,2,86,2.0
1102,1045,2019,11,1,4,3.0
1103,1878,2023,2,1,133,3.0
1104,1426,2019,3,3,1,4.0
1105,830,2022,5,4,105,5.0
1106,895,2021,9,2,52,4.0
1107,1410,2019,1,3,108,4.0
1108,693,2023,10,2,55,2.0
1109,336,2020,1,1,4,4.0
1110,936,2021,11,1,143,2.0
1111,137,2022,1,1,115,3.0
1112,340,2022,11,5,7,3.0
1113,842,2019,12,2,5,3.0
1114,1594,2021,10,1,80,3.0
1115,1563,2022,12,4,144,4.0
1116,522,2022,6,2,87,5.0
1117,844,2023,8,2,2,3.0
1118,308,2023,8,2,105,2.0
1119,1511,2020,1,1,65,4.0
1120,493,2023,11,1,96,3.0
1121,1600,2024,9,3,53,4.0
1122,1685,2024,6,3,2,4.0
1123,1379,2024,3,1,3,1.0
1124,661,2020,9,4,95,3.0
1125,1906,2022,12,1,96,4.0
1126,1373,2021,2,3,49,3.0
1127,1292,2024,12,1,13,3.0
1128,1713,2023,7,1,116,4.0
1129,1763,2019,10,3,23,2.0
1130,156,2024,2,2,29,3.0
1131,1764,2023,2,1,68,3.0
1132,1531,2022,8,3,108,4.0
1133,414,2021,4,4,150,4.0
1134,616,2021,5,3,94,4.0
1135,1506,2023,8,1,145,5.0
1136,434,2023,3,2,98,4.0
1137,905,2022,5,3,128,4.0
1138,1378,2024,5,2,27,4.0
1139,1301,2020,5,2,9,2.0
1140,1820,2021,9,3,101,3.0
1141,224,2022,2,5,147,4.0
1142,591,2019,11,4,111,4.0
1143,1970,2021,9,2,52,3.0
1144,1138,2024,1,4,74,4.0
1145,498,2023,7,2,17,3.0
1146,580,2023,3,4,52,5.0
1147,679,2019,2,3,103,4.0
1148,1109,2019,9,3,25,3.0
1149,570,2021,3,2,73,5.0
1150,1244,2020,7,4,44,2.0
1151,891,2019,4,3,74,3.0
1152,1221,2022,4,3,115,3.0
1153,311,2023,9,3,133,3.0
1154,1248,2023,8,1,62,4.0
1155,1850,2019,1,3,125,4.0
1156,271,2023,11,1,106,2.0
1157,655,2021,8,2,139,4.0
1158,1388,2019,4,3,112,3.0
1159,1235,2021,2,3,83,5.0
1160,1350,2020,6,1,102,5.0
1161,1120,2023,9,1,48,3.0
1162,1366,2023,1,3,102,3.0
1163,1219,2023,4,5,107,3.0
1164,149,2019,12,3,92,3.0
1165,1503,2021,2,4,16,4.0
1166,894,2021,10,3,78,3.0
1167,103,2024,3,2,107,3.0
1168,819,2022,7,1,30,4.0
1169,871,2022,10,2,119,2.0
1170,174,2021,12,5,127,3.0
1171,1993,2020,8,2,81,5.0
1172,445,2023,3,2,145,5.0
1173,662,2024,1,3,129,5.0
1174,882,2019,9,4,70,2.0
1175,1666,2022,7,3,133,3.0
1176,1486,2023,10,2,140,3.0
1177,1542,2019,12,5,17,4.0
1178,475,2022,10,2,150,3.0
1179,1691,2021,7,2,1,2.0
1180,1660,2022,9,4,73,5.0
1181,928,2022,8,5,141,4.0
1182,1092,2024,3,5,109,3.0
1183,75,2019,4,3,41,4.0
1184,1521,2020,2,4,97,5.0
1185,1922,2021,5,2,33,1.0
1186,946,2023,3,4,36,4.0
1187,1082,2022,11,4,137,3.0
1188,999,2020,11,2,8,1.0
1189,166,2019,9,2,145,4.0
1190,1240,2024,5,4,69,4.0
1191,1443,2019,1,3,10,2.0
1192,1856,2019,7,5,119,4.0
1193,1860,2021,1,4,8,3.0
1194,984,2022,1,4,49,4.0
1195,1918,2020,2,2,37,2.0
1196,1058,2020,6,4,118,3.0
1197,1285,2019,9,4,60,3.0
1198,1204,2021,5,3,99,4.0
1199,1998,2024,10,1,11,
1200,1476,2019,7,4,105,3.0
1201,241,2022,11,2,107,5.0
1202,144,2020,5,1,43,4.0
1203,820,2023,4,1,133,5.0
1204,1032,2019,1,2,71,5.0
1205,1338,2020,3,3,101,2.0
1206,964,2019,1,1,28,3.0
1207,1030,2022,3,3,140,4.0
1208,1844,2023,12,4,37,3.0
1209,670,2020,7,3,94,2.0
1210,988,2021,8,3,14,4.0
1211,1115,2020,5,2,7,4.0
1212,937,2019,8,3,20,3.0
1213,1937,2019,7,3,142,4.0
1214,1925,2024,11,4,32,4.0
1215,1027,2022,10,4,132,4.0
1216,902,2022,7,3,88,3.0
1217,1178,2020,10,2,14,4.0
1218,362,2020,8,4,67,4.0
1219,852,2023,12,5,72,3.0
1220,434,2021,7,5,41,1.0
1221,289,2019,11,5,91,4.0
1222,191,2021,3,2,130,4.0
1223,1175,2022,3,4,133,3.0
1224,2,2022,4,1,79,4.0
1225,1293,2022,10,1,135,4.0
1226,864,2024,11,3,139,4.0
1227,733,2020,5,1,14,3.0
1228,1539,2022,6,2,96,2.0
1229,1078,2024,6,1,116,2.0
1230,1467,2024,3,1,3,4.0
1231,1419,2024,7,2,91,2.0
1232,65,2023,10,3,138,3.0
1233,431,2019,10,2,41,5.0
1234,1140,2024,2,3,129,2.0
1235,1952,2019,5,3,141,2.0
1236,309,2022,8,1,96,5.0
1237,212,2021,8,4,95,4.0
1238,1883,2023,9,1,81,2.0
1239,1934,2023,9,4,62,3.0
1240,335,2023,4,5,68,4.0
1241,804,2020,6,5,79,2.0
1242,1254,2023,3,3,73,2.0
1243,391,2023,9,4,124,2.0
1244,653,2019,6,2,116,4.0
1245,791,2022,5,5,53,5.0
1246,1284,2019,10,1,77,4.0
1247,617,2022,12,3,33,5.0
1248,825,2020,11,3,27,5.0
1249,580,2021,2,4,56,2.0
1250,1520,2020,10,4,9,4.0
1251,307,2024,7,2,129,4.0
1252,462,2024,2,2,19,5.0
1253,500,2023,5,4,49,5.0
1254,1812,2023,3,5,38,
1255,1889,2021,4,1,32,3.0
1256,1001,2019,8,4,56,3.0
1257,313,2022,5,3,108,4.0
1258,1513,2021,9,2,134,4.0
1259,985,2020,10,1,29,5.0
1260,1700,2020,1,4,36,4.0
1261,720,2019,10,1,71,3.0
1262,1998,2023,2,4,48,4.0
1263,1615,2020,1,2,120,
1264,448,2024,2,3,34,2.0
1265,1452,2023,1,2,61,3.0
1266,574,2019,5,4,82,5.0
1267,700,2019,11,1,58,4.0
1268,501,2021,9,2,93,3.0
1269,1365,2019,6,3,120,4.0
1270,526,2024,12,3,80,5.0
1271,1278,2024,6,3,69,4.0
1272,1165,2022,2,1,143,2.0
1273,1502,2020,1,1,148,4.0
1274,1988,2024,7,2,150,4.0
1275,18,2022,3,1,3,3.0
1276,1981,2021,5,2,126,5.0
1277,219,2024,4,1,135,4.0
1278,1054,2020,5,3,121,1.0
1279,682,2022,12,1,113,4.0
1280,1279,2023,1,3,55,4.0
1281,1444,2024,2,4,109,4.0
1282,1720,2019,4,4,87,3.0
1283,804,2020,9,3,125,5.0
1284,1866,2024,4,1,53,3.0
1285,645,2021,3,3,112,3.0
1286,408,2023,9,2,118,3.0
1287,759,2023,8,3,126,5.0
1288,1058,2020,8,5,26,5.0
1289,1337,2020,8,3,130,4.0
1290,1666,2021,8,5,33,4.0
1291,450,2019,7,2,141,3.0
1292,607,2023,7,2,6,2.0
1293,1878,2019,10,1,34,3.0
1294,880,2024,5,1,92,4.0
1295,484,2023,4,1,82,5.0
1296,1972,2021,3,5,104,3.0
1297,898,2019,10,3,61,3.0
1298,1971,2023,1,5,1,5.0
1299,1839,2021,3,4,93,4.0
1300,1813,2020,2,4,77,2.0
1301,1164,2021,5,5,77,3.0
1302,1597,2024,3,2,57,4.0
1303,1922,2023,7,4,134,3.0
1304,539,2023,12,3,119,2.0
1305,76,2022,6,3,28,
1306,642,2019,12,3,6,5.0
1307,1274,2024,4,5,28,3.0
1308,1095,2023,10,5,8,5.0
1309,162,2022,2,2,107,3.0
1310,1122,2023,8,1,94,4.0
1311,349,2021,10,2,70,3.0
1312,1012,2023,9,4,89,3.0
1313,1152,2024,12,1,122,2.0
1314,1274,2021,8,3,125,3.0
1315,826,2019,8,2,66,3.0
1316,817,2023,8,5,89,3.0
1317,1358,2024,5,4,87,3.0
1318,1499,2023,3,3,143,4.0
1319,1616,2024,11,2,115,3.0
1320,668,2021,12,4,48,2.0
1321,849,2024,12,2,134,3.0
1322,662,2020,10,3,60,3.0
1323,1056,2022,3,5,114,5.0
1324,255,2024,3,3,147,4.0
1325,861,2024,4,5,122,5.0
1326,378,2022,7,3,17,3.0
1327,1065,2022,3,3,31,5.0
1328,1702,2021,10,5,120,2.0
1329,1971,2024,2,4,19,3.0
1330,893,2024,11,5,2,5.0
1331,113,2020,6,4,39,3.0
1332,456,2019,5,1,73,3.0
1333,210,2023,6,2,20,3.0
1334,1519,2023,6,4,24,5.0
1335,1970,2019,7,4,51,5.0
1336,1108,2021,4,4,90,4.0
1337,354,2022,4,2,82,4.0
1338,43,2019,5,3,120,4.0
1339,1953,2022,2,3,148,4.0
1340,633,2024,3,3,5,4.0
1341,225,2020,6,3,104,3.0
1342,355,2023,1,5,25,3.0
1343,511,2019,6,3,55,4.0
1344,1312,2020,5,2,52,3.0
1345,1784,2022,1,3,106,5.0
1346,551,2024,6,2,39,3.0
1347,1375,2024,8,3,135,3.0
1348,130,2024,10,5,58,2.0
1349,21,2024,5,3,123,3.0
1350,110,2023,7,4,143,2.0
1351,1847,2021,1,4,77,5.0
1352,1164,2019,4,3,16,3.0
1353,1611,2023,8,3,106,3.0
1354,44,2020,6,3,64,4.0
1355,45,2022,12,2,51,5.0
1356,1698,2023,10,1,69,3.0
1357,206,2019,11,4,45,2.0
1358,311,2024,6,1,43,3.0
1359,1038,2020,1,2,149,2.0
1360,1214,2020,7,3,42,4.0
1361,458,2021,12,5,69,4.0
1362,890,2021,3,2,108,4.0
1363,1350,2021,12,4,34,3.0
1364,886,2019,1,3,93,5.0
1365,766,2020,8,2,135,2.0
1366,144,2021,12,1,122,3.0
1367,904,2020,3,1,5,4.0
1368,1606,2022,4,3,61,4.0
1369,1254,2024,10,3,1,4.0
1370,1787,2019,5,3,92,3.0
1371,253,2019,8,1,49,4.0
1372,23,2022,2,2,135,5.0
1373,1097,2019,9,1,27,3.0
1374,358,2022,7,4,128,3.0
1375,1188,2021,7,2,52,3.0
1376,1808,2021,9,3,139,4.0
1377,675,2022,6,4,30,5.0
1378,1099,2024,9,2,41,4.0
1379,1364,2019,6,1,53,4.0
1380,301,2019,11,3,148,2.0
1381,1795,2023,7,5,111,4.0
1382,406,2019,4,4,123,3.0
1383,1617,2021,11,2,83,5.0
1384,1320,2021,4,2,120,3.0
1385,282,2021,12,2,95,3.0
1386,1450,2022,12,2,101,4.0
1387,393,2019,7,5,126,2.0
1388,1199,2020,6,1,148,3.0
1389,1920,2019,4,2,87,4.0
1390,1907,2024,11,1,67,2.0
1391,1743,2023,4,4,98,3.0
1392,989,2020,8,3,112,5.0
1393,1120,2019,10,2,148,2.0
1394,601,2020,3,2,105,3.0
1395,1842,2024,3,1,144,4.0
1396,955,2023,12,1,110,4.0
1397,1544,2022,12,5,143,3.0
1398,720,2024,4,3,113,3.0
1399,1481,2020,3,3,133,5.0
1400,449,2022,8,3,29,3.0
1401,1468,2023,8,3,149,3.0
1402,92,2019,4,4,53,4.0
1403,210,2021,3,1,120,3.0
1404,705,2021,7,3,59,3.0
1405,965,2020,4,3,69,2.0
1406,1423,2020,7,2,113,3.0
1407,719,2024,9,2,82,4.0
1408,37,2022,4,4,108,5.0
1409,651,2019,7,5,12,4.0
1410,879,2023,12,1,126,4.0
1411,1088,2022,7,2,62,3.0
1412,1289,2021,2,3,119,4.0
1413,496,2021,9,4,43,2.0
1414,1221,2022,6,3,90,3.0
1415,1264,2024,9,5,89,3.0
1416,1554,2023,1,4,21,4.0
1417,1045,2021,9,1,72,5.0
1418,1622,2020,9,1,96,3.0
1419,444,2019,1,1,126,4.0
1420,1424,2020,6,4,134,4.0
1421,92,2019,6,3,58,2.0
1422,206,2023,7,5,97,4.0
1423,1730,2022,8,4,27,3.0
1424,951,2019,9,4,135,4.0
1425,1242,2024,11,1,131,3.0
1426,1207,2019,10,1,150,5.0
1427,1390,2022,4,5,73,3.0
1428,492,2019,12,3,54,4.0
1429,357,2022,6,5,114,3.0
1430,86,2022,11,2,109,5.0
1431,1730,2024,6,3,32,3.0
1432,448,2022,4,3,81,3.0
1433,1151,2021,9,1,97,3.0
1434,910,2022,9,3,69,3.0
1435,325,2022,2,5,56,3.0
1436,828,2021,1,3,36,3.0
1437,167,2023,10,3,62,4.0
1438,354,2022,2,4,37,2.0
1439,280,2024,6,4,46,4.0
1440,1649,2020,6,4,28,3.0
1441,1135,2023,6,3,57,5.0
1442,1852,2023,6,3,95,4.0
1443,872,2023,12,3,57,4.0
1444,403,2024,7,5,22,5.0
1445,1218,2021,11,5,121,4.0
1446,1860,2022,6,3,65,4.0
1447,1066,2019,6,2,88,3.0
1448,36,2021,8,5,79,5.0
1449,608,2019,3,2,76,3.0
1450,1850,2023,12,1,66,2.0
1451,1037,2023,12,3,114,2.0
1452,1904,2020,3,3,129,3.0
1453,1019,2023,2,1,136,3.0
1454,25,2020,5,2,67,4.0
1455,1747,2023,3,4,52,4.0
1456,1527,2024,1,3,13,3.0
1457,1431,2023,10,1,67,3.0
1458,1941,2020,3,2,149,4.0
1459,393,2020,5,4,40,3.0
1460,1812,2019,12,1,127,2.0
1461,466,2024,5,1,114,2.0
1462,1942,2022,1,5,100,4.0
1463,383,2019,3,3,85,4.0
1464,1101,2022,3,3,114,3.0
1465,1579,2022,7,3,15,5.0
1466,157,2022,6,3,20,4.0
1467,134,2022,1,3,30,3.0
1468,1700,2019,4,3,115,4.0
1469,121,2021,6,4,65,5.0
1470,1228,2023,7,2,32,3.0
1471,1877,2024,6,3,7,4.0
1472,1230,2020,12,2,74,5.0
1473,963,2022,6,4,60,5.0
1474,835,2024,9,4,27,5.0
1475,1277,2022,7,4,4,4.0
1476,1144,2020,5,3,114,3.0
1477,1004,2022,1,3,117,5.0
1478,308,2019,9,4,37,2.0
1479,1326,2021,11,2,75,5.0
1480,1480,2022,11,5,38,4.0
1481,1418,2019,10,2,62,3.0
1482,151,2020,3,3,17,2.0
1483,1406,2024,6,4,142,2.0
1484,1460,2022,9,4,109,4.0
1485,367,2021,9,3,136,5.0
1486,1698,2020,8,3,45,3.0
1487,1048,2019,1,3,131,3.0
1488,945,2021,9,3,78,4.0
1489,1446,2022,7,3,30,3.0
1490,1020,2020,2,4,50,4.0
1491,1090,2023,7,1,122,3.0
1492,625,2021,9,3,117,4.0
1493,1856,2019,12,1,109,5.0
1494,1939,2019,10,4,34,3.0
1495,261,2024,4,2,98,3.0
1496,1467,2021,9,3,142,3.0
1497,47,2021,9,2,8,4.0
1498,738,2020,3,2,49,5.0
1499,1940,2023,10,3,13,3.0
1500,350,2023,2,3,16,5.0
1501,754,2020,10,3,150,4.0
1502,440,2023,9,5,37,3.0
1503,1457,2021,12,1,27,5.0
1504,928,2020,8,2,12,4.0
1505,1187,2023,1,3,148,3.0
1506,1886,2019,12,4,71,3.0
1507,1043,2024,5,2,119,5.0
1508,1469,2019,6,2,38,3.0
1509,196,2020,11,4,97,5.0
1510,431,2020,3,3,133,3.0
1511,1894,2020,8,4,101,3.0
1512,1720,2021,10,1,78,3.0
1513,1314,2023,7,2,32,4.0
1514,757,2021,9,3,36,2.0
1515,400,2022,9,1,90,3.0
1516,1704,2024,7,3,68,5.0
1517,1571,2021,2,1,7,4.0
1518,484,2023,9,3,30,3.0
1519,1180,2021,10,5,65,3.0
1520,1238,2019,4,5,27,4.0
1521,955,2020,10,2,84,4.0
1522,1854,2019,3,1,46,4.0
1523,249,2024,3,5,44,5.0
1524,516,2019,2,3,17,3.0
1525,191,2023,7,3,76,2.0
1526,1386,2019,4,4,29,3.0
1527,1289,2019,9,2,95,4.0
1528,1975,2022,8,3,141,3.0
1529,1085,2019,6,4,137,3.0
1530,302,2019,4,3,101,4.0
1531,902,2023,11,4,122,3.0
1532,177,2019,11,5,139,2.0
1533,1342,2022,5,2,103,4.0
1534,1349,2019,3,4,39,4.0
1535,1716,2019,10,2,76,3.0
1536,680,2023,9,5,129,5.0
1537,621,2021,6,2,101,2.0
1538,143,2019,7,2,55,3.0
1539,831,2023,9,4,26,3.0
1540,951,2024,3,5,22,3.0
1541,1509,2022,12,4,57,4.0
1542,1508,2021,7,4,121,4.0
1543,281,2024,2,5,83,3.0
1544,571,2021,12,3,9,3.0
1545,1023,2022,12,4,138,4.0
1546,671,2021,12,1,61,4.0
1547,52,2023,9,1,59,4.0
1548,1692,2022,4,2,123,4.0
1549,1463,2021,7,5,57,4.0
1550,1041,2021,7,2,93,3.0
1551,635,2020,7,2,139,3.0
1552,1686,2021,2,1,78,4.0
1553,71,2019,4,1,93,5.0
1554,893,2021,6,3,54,1.0
1555,1602,2019,7,1,134,4.0
1556,1906,2020,4,4,12,3.0
1557,503,2021,9,4,42,4.0
1558,1302,2019,12,3,149,
1559,380,2020,6,2,73,3.0
1560,232,2023,8,4,27,2.0
1561,707,2024,3,3,63,3.0
1562,1771,2022,3,2,39,4.0
1563,1379,2023,1,2,79,4.0
1564,979,2023,12,2,36,5.0
1565,566,2024,4,3,60,3.0
1566,284,2024,9,3,137,3.0
1567,542,2019,8,4,13,5.0
1568,306,2021,2,3,115,2.0
1569,375,2024,2,2,12,
1570,1376,2024,10,3,69,4.0
1571,266,2022,10,4,101,1.0
1572,95,2021,7,2,144,3.0
1573,1085,2019,5,1,38,2.0
1574,574,2021,5,4,8,4.0
1575,910,2022,10,3,113,3.0
1576,280,2022,3,1,135,3.0
1577,420,2022,2,3,85,2.0
1578,883,2020,4,3,10,3.0
1579,1381,2024,3,1,76,3.0
1580,829,2020,3,4,59,3.0
1581,1084,2021,6,3,68,4.0
1582,1044,2022,10,1,9,5.0
1583,538,2020,9,4,48,5.0
1584,560,2019,4,3,150,2.0
1585,852,2022,6,5,7,
1586,65,2020,6,2,138,4.0
1587,1371,2024,5,3,78,3.0
1588,1229,2023,12,3,88,4.0
1589,613,2021,12,5,141,5.0
1590,748,2021,12,4,33,3.0
1591,658,2024,6,3,148,3.0
1592,1303,2019,10,4,42,4.0
1593,1520,2021,9,1,53,3.0
1594,218,2019,10,4,68,4.0
1595,827,2019,2,3,91,2.0
1596,28,2024,12,2,49,4.0
1597,905,2019,12,2,119,3.0
1598,497,2024,10,2,4,3.0
1599,672,2023,7,1,100,4.0
1600,914,2022,6,2,99,2.0
1601,648,2023,3,1,81,5.0
1602,789,2020,1,3,93,5.0
1603,1530,2019,12,3,113,3.0
1604,1621,2021,3,1,136,2.0
1605,12,2023,5,3,33,3.0
1606,756,2020,6,2,72,3.0
1607,1694,2020,9,3,85,4.0
1608,1061,2023,4,5,52,3.0
1609,411,2022,3,4,147,3.0
1610,1188,2022,4,3,77,5.0
1611,290,2021,4,3,89,3.0
1612,44,2023,1,1,30,5.0
1613,1265,2023,5,3,63,4.0
1614,1031,2021,7,2,94,3.0
1615,1514,2019,6,3,65,4.0
1616,690,2024,5,5,116,3.0
1617,1709,2019,12,4,21,4.0
1618,843,2021,4,3,24,4.0
1619,1477,2024,11,4,51,2.0
1620,201,2021,8,4,48,3.0
1621,195,2023,8,3,123,4.0
1622,1566,2021,4,4,131,4.0
1623,1668,2023,12,3,71,2.0
1624,1885,2022,6,4,76,4.0
1625,650,2020,0,1,45,4.0
1626,45,2024,3,3,80,4.0
1627,1960,2021,6,2,106,2.0
1628,1203,2021,9,1,109,2.0
1629,495,2022,12,3,146,3.0
1630,1528,2024,11,5,87,5.0
1631,1808,2024,2,4,52,3.0
1632,570,2021,1,1,11,4.0
1633,1540,2020,12,1,104,3.0
1634,1576,2020,10,2,121,5.0
1635,1004,2020,2,2,83,4.0
1636,1265,2020,11,1,139,2.0
1637,540,2021,10,1,48,3.0
1638,1859,2019,12,2,8,2.0
1639,1967,2022,2,1,95,4.0
1640,1963,2024,10,2,19,3.0
1641,1475,2021,5,4,13,3.0
1642,85,2019,7,5,106,5.0
1643,733,2021,4,4,66,3.0
1644,890,2021,1,2,91,4.0
1645,1920,2022,9,2,113,3.0
1646,1094,2020,1,3,58,3.0
1647,1073,2020,6,4,92,4.0
1648,294,2023,3,3,81,2.0
1649,1588,2020,12,4,88,4.0
1650,673,2024,6,3,106,3.0
1651,184,2020,3,5,58,3.0
1652,1976,2023,12,4,76,3.0
1653,381,2019,9,1,89,3.0
1654,33,2020,3,2,22,4.0
1655,156,2021,5,3,32,3.0
1656,906,2021,7,2,14,5.0
1657,206,2019,10,3,30,2.0
1658,1686,2020,12,3,66,5.0
1659,1025,2024,11,3,141,3.0
1660,648,2024,1,4,139,3.0
1661,7,2021,6,2,115,3.0
1662,960,2019,1,5,84,3.0
1663,303,2020,4,2,31,2.0
1664,1957,2024,4,5,54,4.0
1665,583,2024,4,2,115,4.0
1666,950,2023,3,3,137,3.0
1667,38,2024,5,5,145,5.0
1668,262,2023,6,2,59,4.0
1669,415,2022,12,4,73,3.0
1670,104,2023,6,3,77,1.0
1671,1452,2022,1,3,9,2.0
1672,1891,2021,8,3,18,3.0
1673,1971,2022,4,2,7,2.0
1674,532,2020,2,3,111,4.0
1675,1578,2022,9,2,34,4.0
1676,1009,2021,9,4,106,3.0
1677,92,2021,5,3,57,3.0
1678,182,2020,3,1,120,5.0
1679,1096,2024,6,1,18,3.0
1680,848,2023,6,3,49,3.0
1681,17,2019,12,1,31,2.0
1682,1861,2021,1,3,66,3.0
1683,1461,2021,3,5,85,3.0
1684,1005,2024,10,1,26,5.0
1685,1974,2023,12,3,101,4.0
1686,1943,2024,8,5,145,5.0
1687,1948,2021,4,5,7,4.0
1688,518,2019,3,1,13,5.0
1689,1762,2023,11,4,143,2.0
1690,1010,2020,8,2,98,4.0
1691,1453,2022,5,4,138,3.0
1692,1720,2021,6,2,106,3.0
1693,327,2021,2,2,108,4.0
1694,897,2019,10,3,24,3.0
1695,258,2023,1,2,77,2.0
1696,559,2023,12,3,55,4.0
1697,828,2021,3,2,126,2.0
1698,1711,2023,2,5,7,5.0
1699,1726,2024,1,3,3,2.0
1700,780,2023,6,3,84,4.0
1701,659,2024,1,2,146,4.0
1702,1062,2021,4,5,150,3.0
1703,1824,2021,10,3,90,4.0
1704,1954,2024,9,1,65,4.0
1705,454,2022,5,3,41,4.0
1706,373,2022,1,2,149,5.0
1707,1414,2022,2,2,28,4.0
1708,603,2024,7,2,19,3.0
1709,400,2023,6,3,77,4.0
1710,63,2023,11,2,59,3.0
1711,807,2019,6,4,75,3.0
1712,784,2023,5,2,136,4.0
1713,1127,2020,8,1,41,4.0
1714,401,2019,11,1,132,4.0
1715,1429,2020,10,3,32,4.0
1716,1361,2023,2,1,49,4.0
1717,925,2023,6,1,1,3.0
1718,363,2020,12,2,102,5.0
1719,1014,2020,10,5,129,5.0
1720,1350,2021,10,1,133,4.0
1721,746,2020,2,1,26,5.0
1722,527,2021,5,3,116,3.0
1723,1014,2023,10,3,22,4.0
1724,711,2020,2,1,95,5.0
1725,802,2020,9,4,106,2.0
1726,698,2019,7,3,23,5.0
1727,607,2023,9,3,17,3.0
1728,1434,2020,9,3,11,3.0
1729,921,2020,2,4,107,4.0
1730,934,2023,2,1,93,5.0
1731,1307,2019,5,5,18,4.0
1732,723,2022,12,1,76,5.0
1733,203,2019,12,3,120,3.0
1734,1706,2024,10,2,36,4.0
1735,112,2023,3,3,91,2.0
1736,1144,2023,12,4,44,3.0
1737,532,2022,9,3,40,3.0
1738,428,2021,4,2,59,4.0
1739,84,2024,9,4,53,4.0
1740,1801,2023,6,5,75,4.0
1741,859,2019,6,2,31,3.0
1742,686,2022,3,2,59,3.0
1743,1483,2022,8,3,94,5.0
1744,78,2020,4,4,59,3.0
1745,1130,2021,12,1,99,5.0
1746,990,2024,2,1,18,2.0
1747,1107,2019,4,3,21,4.0
1748,248,2024,2,4,130,3.0
1749,1906,2023,3,2,70,5.0
1750,477,2019,9,3,92,3.0
1751,1357,2020,12,4,111,4.0
1752,1495,2024,2,1,22,3.0
1753,688,2023,3,2,146,3.0
1754,262,2019,2,2,64,4.0
1755,594,2019,10,4,134,4.0
1756,1614,2024,7,3,63,5.0
1757,1813,2019,5,4,61,3.0
1758,1874,2022,9,3,91,3.0
1759,453,2024,2,2,29,4.0
1760,1214,2019,10,3,92,5.0
1761,303,2019,2,2,148,4.0
1762,1421,2023,7,3,97,4.0
1763,832,2024,1,5,11,5.0
1764,1428,2022,3,3,105,5.0
1765,1371,2020,8,3,6,4.0
1766,1986,2019,7,2,16,4.0
1767,978,2024,6,3,43,3.0
1768,684,2023,8,4,46,3.0
1769,1054,2024,11,4,1,4.0
1770,326,2023,4,5,3,4.0
1771,224,2021,12,5,119,3.0
1772,1039,2021,2,3,69,2.0
1773,1651,2021,12,4,30,4.0
1774,1067,2023,12,4,65,2.0
1775,1564,2019,6,3,104,2.0
1776,356,2019,2,1,111,2.0
1777,899,2024,5,5,44,2.0
1778,1227,2020,4,5,26,5.0
1779,696,2019,7,3,144,4.0
1780,29,2023,3,2,95,5.0
1781,147,2021,1,1,148,4.0
1782,1856,2020,11,1,47,5.0
1783,1211,2021,11,4,17,3.0
1784,530,2021,7,3,58,3.0
1785,518,2022,11,3,50,2.0
1786,80,2024,12,2,108,4.0
1787,1890,2024,12,3,108,5.0
1788,217,2023,10,4,11,3.0
1789,1519,2021,1,4,89,3.0
1790,481,2022,10,3,52,3.0
1791,672,2019,12,2,93,4.0
1792,548,2022,3,1,59,4.0
1793,1650,2023,1,4,81,5.0
1794,66,2024,5,4,108,3.0
1795,705,2019,10,2,45,3.0
1796,559,2024,10,2,30,3.0
1797,546,2022,8,3,106,3.0
1798,386,2019,12,4,143,3.0
1799,1825,2024,2,4,67,5.0
1800,758,2021,11,1,150,3.0
1801,837,2021,11,5,28,5.0
1802,771,2020,12,3,123,5.0
1803,1961,2019,4,3,149,4.0
1804,679,2019,8,1,45,4.0
1805,684,2020,4,1,23,4.0
1806,656,2020,6,1,100,4.0
1807,654,2021,12,2,131,4.0
1808,180,2022,7,5,13,5.0
1809,1209,2024,10,4,97,3.0
1810,51,2023,6,5,131,3.0
1811,452,2021,1,3,5,4.0
1812,405,2024,2,1,78,4.0
1813,583,2022,9,3,12,5.0
1814,1514,2021,4,3,27,4.0
1815,1199,2020,4,4,73,4.0
1816,1982,2021,2,3,50,3.0
1817,703,2019,10,2,13,4.0
1818,1858,2019,2,4,121,5.0
1819,90,2024,7,4,31,3.0
1820,1009,2020,4,3,131,4.0
1821,1598,2022,11,1,27,4.0
1822,1064,2019,8,3,78,3.0
1823,1867,2022,1,4,110,3.0
1824,630,2024,8,2,73,4.0
1825,67,2021,2,4,63,5.0
1826,1548,2019,7,2,113,5.0
1827,137,2019,3,2,2,4.0
1828,1530,2023,9,2,124,5.0
1829,1467,2019,6,1,104,4.0
1830,1689,2020,6,2,115,2.0
1831,958,2024,11,4,64,4.0
1832,1792,2022,6,3,58,4.0
1833,340,2024,3,2,86,5.0
1834,869,2024,7,4,97,3.0
1835,244,2022,10,3,139,3.0
1836,1534,2024,1,3,129,4.0
1837,1429,2019,4,4,9,3.0
1838,1613,2020,7,2,23,4.0
1839,1529,2020,3,3,142,5.0
1840,617,2024,10,1,59,3.0
1841,137,2022,1,2,88,2.0
1842,1859,2020,4,2,9,2.0
1843,986,2020,8,4,16,4.0
1844,189,2023,11,1,62,3.0
1845,1855,2024,5,4,108,4.0
1846,1989,2019,4,4,116,3.0
1847,891,2021,12,2,135,3.0
1848,1541,2022,7,2,30,3.0
1849,73,2020,3,2,31,2.0
1850,187,2023,11,2,82,5.0
1851,554,2023,1,5,83,5.0
1852,1313,2024,9,1,6,4.0
1853,267,2023,11,3,68,5.0
1854,69,2024,7,2,135,2.0
1855,1338,2021,11,3,25,4.0
1856,1541,2020,8,2,124,3.0
1857,1479,2020,8,2,68,5.0
1858,1599,2024,2,1,79,2.0
1859,1606,2022,3,5,97,4.0
1860,1205,2020,9,3,106,2.0
1861,1039,2023,9,1,96,5.0
1862,1714,2020,8,4,16,5.0
1863,697,2020,3,4,45,2.0
1864,196,2019,2,3,127,3.0
1865,1504,2024,2,5,7,4.0
1866,552,2020,2,2,108,5.0
1867,1958,2023,3,4,79,2.0
1868,829,2019,12,4,18,4.0
1869,1704,2019,10,3,19,4.0
1870,85,2023,3,3,148,4.0
1871,1319,2019,4,1,5,5.0
1872,897,2019,11,1,4,3.0
1873,926,2020,6,3,3,3.0
1874,531,2022,4,5,95,
1875,1943,2019,4,2,139,4.0
1876,786,2019,5,3,26,3.0
1877,1701,2021,7,1,120,4.0
1878,851,2023,7,2,108,4.0
1879,97,2019,7,2,35,3.0
1880,1759,2020,8,5,11,3.0
1881,371,2020,4,2,74,3.0
1882,541,2020,6,1,13,5.0
1883,1723,2020,10,1,18,4.0
1884,1788,2022,5,3,70,4.0
1885,1834,2019,12,3,123,3.0
1886,852,2024,6,2,150,5.0
1887,1514,2020,5,2,95,2.0
1888,656,2024,9,2,42,5.0
1889,1481,2023,5,1,50,3.0
1890,1006,2021,5,4,92,4.0
1891,104,2020,5,4,26,3.0
1892,836,2024,7,2,78,3.0
1893,936,2024,1,3,116,4.0
1894,515,2022,5,2,127,4.0
1895,749,2019,10,1,9,4.0
1896,1006,2024,4,3,44,4.0
1897,100,2021,7,4,39,5.0
1898,304,2019,4,2,84,2.0
1899,1534,2023,12,2,28,5.0
1900,704,2019,3,2,143,4.0
1901,1217,2021,10,2,138,4.0
1902,1132,2019,10,3,50,2.0
1903,1103,2021,5,4,62,5.0
1904,827,2023,12,2,66,3.0
1905,967,2019,12,4,7,5.0
1906,1648,2019,1,5,134,3.0
1907,1931,2024,7,2,117,5.0
1908,514,2020,3,3,50,3.0
1909,1339,2019,12,2,83,3.0
1910,1940,2022,12,3,58,3.0
1911,16,2020,6,4,35,3.0
1912,1570,2024,5,4,46,4.0
1913,994,2019,10,3,17,5.0
1914,1936,2022,5,4,122,3.0
1915,1157,2024,9,3,99,4.0
1916,1677,2023,8,4,140,5.0
1917,333,2019,4,4,1,4.0
1918,285,2020,5,4,95,5.0
1919,1854,2019,12,1,85,4.0
1920,1053,2024,6,2,94,5.0
1921,1117,2020,6,4,149,3.0
1922,340,2019,11,1,59,4.0
1923,454,2021,7,3,22,5.0
1924,1637,2020,7,3,2,3.0
1925,607,2019,5,4,74,4.0
1926,1169,2021,9,4,27,3.0
1927,634,2024,1,1,22,5.0
1928,527,2020,3,3,23,2.0
1929,333,2024,10,4,42,4.0
1930,1860,2022,4,1,18,4.0
1931,1881,2021,12,3,73,4.0
1932,231,2023,11,3,99,2.0
1933,707,2021,5,2,44,3.0
1934,1128,2020,12,2,21,3.0
1935,767,2020,9,1,86,5.0
1936,1443,2019,10,4,13,4.0
1937,521,2022,6,2,111,5.0
1938,118,2019,2,3,58,2.0
1939,674,2020,7,3,62,4.0
1940,1196,2019,10,1,38,5.0
1941,362,2019,2,3,43,4.0
1942,1632,2024,1,2,22,3.0
1943,25,2019,10,2,84,4.0
1944,136,2022,8,2,22,3.0
1945,1018,2020,7,3,103,3.0
1946,1025,2019,9,3,39,2.0
1947,590,2020,9,1,85,4.0
1948,518,2019,6,2,81,4.0
1949,140,2020,8,1,96,3.0
1950,1326,2023,6,2,114,3.0
1951,759,2022,3,1,85,3.0
1952,238,2023,9,2,128,3.0
1953,800,2023,5,3,39,3.0
1954,1875,2024,11,5,113,5.0
1955,523,2019,5,2,52,3.0
1956,1790,2019,3,4,95,4.0
1957,518,2021,10,1,74,3.0
1958,372,2022,2,2,137,4.0
1959,522,2023,12,3,41,5.0
1960,647,2019,8,1,78,5.0
1961,242,2019,6,3,25,4.0
1962,1176,2023,3,1,96,4.0
1963,667,2022,3,4,6,5.0
1964,1437,2021,3,3,62,5.0
1965,982,2020,10,4,2,4.0
1966,886,2023,3,2,50,4.0
1967,942,2023,1,2,73,4.0
1968,313,2019,3,4,50,3.0
1969,1426,2019,8,3,58,4.0
1970,209,2023,6,3,23,4.0
1971,1444,2024,5,3,108,4.0
1972,2000,2020,12,3,120,2.0
1973,1528,2023,5,3,69,3.0
1974,911,2024,10,2,9,3.0
1975,629,2019,2,4,10,4.0
1976,1746,2020,7,4,102,5.0
1977,515,2019,2,1,140,4.0
1978,965,2023,1,1,130,4.0
1979,1542,2023,9,4,61,3.0
1980,1845,2019,9,3,75,5.0
1981,1842,2020,7,5,25,4.0
1982,176,2022,6,3,11,1.0
1983,1797,2024,4,2,115,4.0
1984,229,2023,10,1,65,4.0
1985,1169,2020,3,3,75,2.0
1986,1860,2021,6,3,52,4.0
1987,1310,2019,12,5,47,4.0
1988,1895,2020,9,4,148,2.0
1989,689,2022,11,5,123,5.0
1990,630,2021,3,4,104,4.0
1991,653,2022,1,3,59,3.0
1992,711,2020,10,3,109,3.0
1993,1366,2022,7,3,51,3.0
1994,905,2022,10,3,78,3.0
1995,1475,2020,11,4,22,4.0
1996,833,2019,5,2,107,4.0
1997,616,2021,2,5,10,3.0
1998,381,2019,12,3,109,4.0
1999,1103,2019,4,3,91,3.0
2000,1797,2020,2,2,10,4.0
2001,1718,2021,7,2,76,5.0
2002,507,2020,1,3,34,3.0
2003,956,2019,1,2,72,3.0
2004,1411,2020,10,1,2,3.0
2005,1225,2024,2,2,109,4.0
2006,135,2023,8,2,77,2.0
2007,1183,2021,6,5,55,3.0
2008,78,2019,2,3,132,4.0
2009,233,2021,12,3,97,4.0
2010,1308,2024,2,5,92,4.0
2011,206,2023,8,2,23,4.0
2012,679,2023,2,5,76,3.0
2013,1177,2020,8,5,106,3.0
2014,1311,2021,3,3,139,2.0
2015,892,2019,11,3,91,3.0
2016,189,2024,6,4,26,4.0
2017,1599,2019,1,2,102,3.0
2018,1900,2022,1,2,12,4.0
2019,1778,2020,7,2,47,
2020,1498,2022,7,2,138,2.0
2021,805,2023,4,1,121,2.0
2022,1753,2020,8,4,136,3.0
2023,977,2019,10,1,53,3.0
2024,273,2022,9,3,103,3.0
2025,1702,2022,9,2,106,4.0
2026,641,2019,12,2,37,3.0
2027,1878,2019,3,4,142,3.0
2028,737,2022,1,4,146,3.0
2029,1739,2022,2,3,17,4.0
2030,1075,2019,1,3,115,3.0
2031,935,2022,4,4,68,3.0
2032,594,2021,2,2,102,5.0
2033,1672,2019,12,3,84,4.0
2034,122,2022,5,2,34,4.0
2035,938,2022,3,2,15,2.0
2036,738,2019,7,5,77,3.0
2037,1087,2023,6,4,126,4.0
2038,510,2020,1,3,124,3.0
2039,1330,2022,12,1,42,3.0
2040,772,2023,9,4,130,3.0
2041,377,2024,10,5,54,5.0
2042,394,2020,12,5,85,
2043,1394,2021,11,4,49,3.0
2044,524,2019,3,3,79,4.0
2045,615,2024,10,1,80,3.0
2046,1254,2020,1,1,105,3.0
2047,660,2023,5,2,71,3.0
2048,777,2024,10,3,80,4.0
2049,489,2021,9,5,98,3.0
2050,691,2023,10,4,63,4.0
2051,1386,2021,10,2,79,3.0
2052,1068,2022,1,2,13,4.0
2053,1996,2020,7,2,131,3.0
2054,1544,2024,8,3,19,5.0
2055,34,2019,2,4,131,3.0
2056,758,2022,3,4,115,3.0
2057,580,2024,6,4,143,5.0
2058,1176,2023,8,3,4,3.0
2059,532,2023,11,3,33,4.0
2060,1933,2022,9,5,8,4.0
2061,599,2024,12,3,63,2.0
2062,1044,2024,3,2,136,3.0
2063,246,2020,5,2,115,2.0
2064,1820,2022,4,1,106,3.0
2065,1824,2021,11,1,128,5.0
2066,1588,2020,8,3,1,2.0
2067,704,2023,7,4,119,3.0
2068,118,2019,7,2,47,3.0
2069,1422,2019,4,2,104,3.0
2070,859,2019,11,2,115,2.0
2071,1981,2020,8,4,103,4.0
2072,1397,2022,7,2,63,4.0
2073,1078,2024,9,1,92,2.0
2074,1974,2024,10,3,71,3.0
2075,1601,2024,5,3,95,3.0
2076,917,2023,9,1,69,2.0
2077,38,2021,10,4,60,4.0
2078,186,2023,8,3,31,3.0
2079,888,2020,2,3,59,4.0
2080,1125,2022,3,3,109,5.0
2081,61,2019,1,1,131,3.0
2082,254,2024,4,2,16,3.0
2083,1409,2024,2,3,28,3.0
2084,1504,2023,7,2,77,4.0
2085,60,2020,11,1,106,4.0
2086,1016,2020,1,2,26,3.0
2087,162,2023,4,3,49,5.0
2088,1447,2021,1,4,7,3.0
2089,1669,2022,2,3,8,4.0
2090,1739,2021,1,5,22,5.0
2091,1197,2024,8,3,110,4.0
2092,1258,2019,12,3,131,3.0
2093,1854,2021,9,2,75,4.0
2094,1225,2020,9,1,27,4.0
2095,893,2023,2,2,139,4.0
2096,1510,2020,11,1,42,4.0
2097,1182,2020,7,4,24,4.0
2098,1685,2020,12,2,21,4.0
2099,1050,2024,5,1,53,5.0
2100,1739,2020,9,4,111,3.0
2101,90,2024,6,2,60,4.0
2102,73,2024,7,4,67,3.0
2103,199,2024,2,4,52,5.0
2104,1113,2021,6,2,142,4.0
2105,1418,2022,3,2,103,4.0
2106,433,2023,9,5,100,4.0
2107,312,2019,9,4,66,3.0
2108,1721,2019,11,5,80,5.0
2109,1502,2020,6,1,133,5.0
2110,1297,2024,10,3,99,
2111,977,2019,11,2,123,3.0
2112,841,2023,6,2,7,4.0
2113,42,2024,12,1,129,3.0
2114,377,2024,10,4,143,3.0
2115,1794,2022,4,3,101,2.0
2116,679,2022,6,4,144,1.0
2117,1410,2023,2,1,86,5.0
2118,1408,2022,5,5,42,3.0
2119,619,2023,5,2,91,3.0
2120,409,2021,4,5,95,4.0
2121,1384,2024,5,3,22,5.0
2122,188,2021,1,1,31,4.0
2123,990,2020,6,4,44,4.0
2124,1777,2023,3,3,83,4.0
2125,1423,2022,3,2,23,3.0
2126,1529,2019,9,2,116,4.0
2127,167,2019,11,5,17,3.0
2128,400,2019,3,5,141,5.0
2129,551,2022,7,3,102,2.0
2130,585,2024,11,2,51,5.0
2131,389,2020,8,2,56,3.0
2132,1945,2019,1,2,105,2.0
2133,330,2024,10,3,14,2.0
2134,1417,2023,1,3,108,4.0
2135,1174,2022,8,2,83,5.0
2136,1222,2020,6,4,34,4.0
2137,430,2023,7,5,135,3.0
2138,616,2021,3,2,95,4.0
2139,1213,2020,11,3,25,3.0
2140,599,2020,2,3,99,4.0
2141,1389,2019,12,2,62,3.0
2142,80,2021,1,3,115,5.0
2143,146,2023,4,1,74,3.0
2144,1457,2023,7,1,150,5.0
2145,1234,2023,7,4,140,3.0
2146,87,2024,4,2,7,2.0
2147,1799,2024,4,4,62,4.0
2148,10,2020,7,1,31,3.0
2149,1912,2021,1,3,68,5.0
2150,1459,2021,2,3,22,3.0
2151,1977,2023,5,4,81,4.0
2152,1898,2024,1,2,24,3.0
2153,627,2024,2,3,94,3.0
2154,1514,2019,1,5,69,2.0
2155,422,2022,10,2,149,3.0
2156,944,2019,2,1,132,5.0
2157,481,2020,3,2,91,3.0
2158,973,2021,10,5,68,3.0
2159,1745,2022,6,2,108,4.0
2160,873,2023,6,1,101,3.0
2161,185,2024,8,5,21,5.0
2162,650,2021,8,2,57,3.0
2163,1574,2022,5,1,149,1.0
2164,1044,2019,11,3,48,4.0
2165,1121,2019,3,1,2,5.0
2166,863,2024,3,3,126,3.0
2167,586,2024,7,1,140,4.0
2168,1197,2024,11,3,99,4.0
2169,1267,2020,11,3,96,5.0
2170,1797,2022,9,1,53,3.0
2171,1236,2020,1,3,54,4.0
2172,1991,2023,9,5,138,5.0
2173,1654,2021,2,2,129,5.0
2174,158,2024,11,5,75,3.0
2175,785,2021,2,5,47,3.0
2176,770,2022,2,2,29,3.0
2177,7,2022,7,3,2,2.0
2178,362,2023,7,4,73,3.0
2179,1525,2019,5,4,84,4.0
2180,705,2021,6,4,102,3.0
2181,296,2021,9,2,121,
2182,575,2020,8,5,56,2.0
2183,550,2023,9,2,26,3.0
2184,350,2023,3,3,127,4.0
2185,203,2019,7,4,115,5.0
2186,1529,2023,2,2,80,
2187,1650,2024,3,3,6,3.0
2188,993,2020,12,3,71,2.0
2189,1231,2022,1,5,93,4.0
2190,1839,2022,6,3,129,5.0
2191,1686,2019,6,3,77,4.0
2192,66,2023,3,1,70,2.0
2193,1906,2023,1,1,57,4.0
2194,134,2020,2,1,63,5.0
2195,54,2020,9,3,3,4.0
2196,807,2023,8,3,16,5.0
2197,1492,2023,7,1,114,4.0
2198,161,2019,2,2,55,2.0
2199,586,2021,7,2,128,3.0
2200,526,2022,3,4,60,5.0
2201,795,2019,4,1,150,4.0
2202,1973,2024,12,3,28,2.0
2203,663,2020,6,4,29,4.0
2204,418,2024,1,4,89,4.0
2205,245,2019,8,3,121,3.0
2206,397,2024,3,2,22,4.0
2207,267,2019,1,1,76,3.0
2208,1148,2023,9,2,34,3.0
2209,842,2021,8,4,111,2.0
2210,996,2021,3,2,85,3.0
2211,1665,2019,9,2,99,5.0
2212,1161,2023,3,2,41,1.0
2213,311,2022,7,3,44,3.0
2214,754,2020,7,2,96,
2215,626,2021,2,2,53,4.0
2216,1654,2022,9,1,104,2.0
2217,615,2023,7,3,24,3.0
2218,278,2022,6,1,46,3.0
2219,1473,2019,9,3,16,4.0
2220,857,2022,10,3,14,4.0
2221,192,2021,6,3,40,2.0
2222,1380,2021,10,1,74,3.0
2223,422,2021,1,3,22,3.0
2224,1737,2021,8,3,14,4.0
2225,1665,2020,4,2,132,3.0
2226,740,2020,7,1,78,5.0
2227,1112,2023,8,5,108,3.0
2228,1136,2020,10,2,109,3.0
2229,1307,2023,7,3,16,3.0
2230,139,2021,1,1,94,4.0
2231,650,2022,12,3,130,5.0
2232,341,2019,7,2,68,4.0
2233,1395,2020,2,4,130,4.0
2234,139,2024,2,1,142,4.0
2235,1034,2023,1,2,82,3.0
2236,1456,2019,3,4,16,4.0
2237,1897,2024,4,2,93,4.0
2238,577,2024,12,1,133,3.0
2239,16,2019,10,4,87,2.0
2240,1448,2020,1,5,121,3.0
2241,4,2020,5,2,81,3.0
2242,133,2024,4,3,63,4.0
2243,1981,2024,6,2,142,3.0
2244,1726,2023,2,3,23,2.0
2245,1416,2020,4,4,68,4.0
2246,1672,2024,7,3,24,2.0
2247,151,2024,7,2,99,3.0
2248,178,2024,11,2,139,4.0
2249,602,2021,12,3,150,4.0
2250,48,2023,5,3,36,4.0
2251,1777,2023,10,3,110,5.0
2252,113,2019,11,1,132,4.0
2253,1089,2022,5,2,126,4.0
2254,1708,2022,6,4,76,4.0
2255,1470,2022,8,1,27,3.0
2256,470,2021,11,4,70,3.0
2257,941,2023,10,3,117,3.0
2258,1097,2024,11,4,93,4.0
2259,1536,2022,10,2,59,4.0
2260,853,2024,3,2,33,2.0
2261,571,2023,3,5,98,3.0
2262,1592,2020,11,3,65,3.0
2263,1773,2023,6,1,71,3.0
2264,978,2023,3,5,141,3.0
2265,57,2024,4,2,2,4.0
2266,1002,2021,6,4,36,5.0
2267,1779,2019,7,1,138,3.0
2268,1979,2023,3,4,139,3.0
2269,803,2022,4,5,46,4.0
2270,301,2022,5,2,150,4.0
2271,1145,2023,3,1,32,2.0
2272,1662,2022,12,3,8,2.0
2273,1891,2019,1,2,47,3.0
2274,104,2024,10,3,80,4.0
2275,582,2020,4,3,1,5.0
2276,956,2020,7,1,26,3.0
2277,197,2023,4,5,119,3.0
2278,1773,2023,12,4,94,5.0
2279,225,2022,12,2,91,3.0
2280,1331,2023,5,3,149,4.0
2281,1838,2019,1,4,35,3.0
2282,1371,2020,3,3,135,4.0
2283,1527,2020,9,5,54,3.0
2284,527,2021,10,1,139,4.0
2285,1655,2021,1,2,118,2.0
2286,838,2019,1,3,33,3.0
2287,123,2023,6,1,32,4.0
2288,734,2022,10,2,82,3.0
2289,700,2021,10,3,76,3.0
2290,1043,2024,1,2,36,4.0
2291,530,2021,12,2,40,4.0
2292,925,2019,4,2,135,4.0
2293,856,2024,3,1,114,4.0
2294,654,2019,5,2,29,2.0
2295,1393,2019,10,1,109,3.0
2296,611,2021,4,5,24,3.0
2297,1532,2022,8,2,67,4.0
2298,502,2020,3,1,2,4.0
2299,1730,2024,2,5,98,1.0
2300,731,2020,2,4,28,2.0
2301,82,2024,6,2,36,2.0
2302,300,2022,1,4,29,2.0
2303,1613,2020,7,4,28,3.0
2304,1745,2021,10,4,12,5.0
2305,424,2019,7,3,84,2.0
2306,1205,2024,6,3,131,5.0
2307,1149,2022,3,5,46,4.0
2308,268,2021,2,3,117,4.0
2309,904,2023,2,4,82,4.0
2310,1388,2022,1,1,39,2.0
2311,1935,2022,7,4,10,3.0
2312,1696,2021,4,5,118,2.0
2313,196,2021,8,1,4,4.0
2314,476,2020,5,2,64,3.0
2315,874,2023,4,4,6,4.0
2316,302,2021,6,4,117,3.0
2317,1142,2021,5,4,149,5.0
2318,18,2023,2,5,49,3.0
2319,228,2022,1,1,48,3.0
2320,95,2024,12,3,85,4.0
2321,591,2020,2,3,76,3.0
2322,1525,2019,4,2,58,4.0
2323,355,2021,5,2,55,4.0
2324,1975,2022,6,3,29,3.0
2325,540,2023,9,3,38,
2326,90,2022,9,3,88,4.0
2327,671,2024,8,3,111,4.0
2328,1497,2019,4,3,113,4.0
2329,214,2022,12,2,78,3.0
2330,144,2023,1,2,113,2.0
2331,1699,2022,4,3,89,3.0
2332,1185,2020,5,3,54,2.0
2333,687,2023,5,4,54,3.0
2334,1513,2024,7,3,78,3.0
2335,1689,2020,1,4,47,5.0
2336,719,2022,11,5,115,3.0
2337,1123,2023,2,3,28,5.0
2338,22,2019,5,3,9,4.0
2339,613,2019,7,5,74,2.0
2340,1191,2023,11,2,11,4.0
2341,395,2023,7,4,29,4.0
2342,1983,2019,7,3,57,2.0
2343,1943,2022,3,3,1,4.0
2344,516,2023,9,4,34,5.0
2345,793,2024,7,2,82,2.0
2346,379,2023,1,1,57,3.0
2347,1008,2020,6,2,135,4.0
2348,248,2022,11,4,15,3.0
2349,782,2023,11,2,108,5.0
2350,1111,2020,3,3,89,4.0
2351,1224,2019,9,2,97,4.0
2352,1193,2021,4,3,101,4.0
2353,443,2023,10,3,8,2.0
2354,1585,2022,7,2,119,3.0
2355,1384,2022,4,2,50,5.0
2356,1507,2022,12,2,98,3.0
2357,936,2024,3,1,45,4.0
2358,1786,2022,5,3,60,3.0
2359,780,2019,12,3,106,3.0
2360,1612,2021,3,1,141,3.0
2361,408,2020,3,2,132,4.0
2362,495,2023,12,3,109,4.0
2363,1054,2024,6,5,81,4.0
2364,1112,2023,10,3,80,4.0
2365,1493,2020,2,5,145,2.0
2366,595,2023,8,3,32,3.0
2367,1746,2019,2,4,144,4.0
2368,660,2020,5,1,98,3.0
2369,1069,2020,3,3,93,4.0
2370,1864,2021,6,2,89,3.0
2371,1079,2020,5,4,122,3.0
2372,1364,2021,12,4,103,4.0
2373,1818,2019,8,4,15,5.0
2374,1950,2023,1,1,118,5.0
2375,999,2021,6,3,110,3.0
2376,834,2023,10,4,138,4.0
2377,394,2019,6,1,141,4.0
2378,1075,2024,8,2,143,4.0
2379,1837,2022,7,3,7,3.0
2380,975,2020,12,2,95,5.0
2381,697,2023,8,1,141,3.0
2382,215,2023,7,4,145,2.0
2383,780,2023,12,5,83,4.0
2384,474,2024,4,2,137,3.0
2385,1954,2024,10,5,133,5.0
2386,1056,2019,10,4,1,3.0
2387,274,2020,5,3,133,5.0
2388,135,2019,12,4,96,4.0
2389,1702,2019,4,5,87,2.0
2390,1863,2019,11,4,27,4.0
2391,1527,2023,1,2,138,3.0
2392,248,2022,4,2,45,5.0
2393,197,2019,4,3,63,3.0
2394,396,2021,5,2,45,2.0
2395,1503,2019,6,1,146,1.0
2396,1531,2020,10,3,73,3.0
2397,1676,2019,6,2,18,4.0
2398,194,2022,8,1,2,3.0
2399,307,2019,2,4,148,4.0
2400,1801,2023,1,1,36,4.0
2401,1858,2024,5,3,116,2.0
2402,1452,2024,2,3,5,3.0
2403,213,2023,2,5,135,3.0
2404,138,2023,2,2,98,4.0
2405,112,2024,4,2,34,2.0
2406,1384,2024,3,3,134,4.0
2407,1692,2020,2,3,45,2.0
2408,1264,2022,4,4,150,4.0
2409,525,2020,4,2,90,4.0
2410,1515,2024,12,2,68,4.0
2411,119,2019,8,1,9,5.0
2412,1657,2021,9,4,40,3.0
2413,1784,2021,9,2,9,2.0
2414,1437,2024,1,2,128,5.0
2415,1759,2020,6,3,16,4.0
2416,1173,2024,8,2,17,4.0
2417,937,2021,12,1,19,5.0
2418,645,2023,6,2,147,2.0
2419,1844,2022,4,4,146,3.0
2420,1395,2021,10,3,108,3.0
2421,381,2020,3,3,12,4.0
2422,1914,2020,11,3,76,2.0
2423,119,2022,5,5,143,3.0
2424,1176,2020,1,1,15,4.0
2425,382,2024,5,2,120,3.0
2426,1329,2019,12,4,3,1.0
2427,826,2020,6,3,121,4.0
2428,875,2019,1,5,82,3.0
2429,1344,2024,5,3,134,5.0
2430,1513,2021,9,4,63,3.0
2431,761,2019,1,3,118,3.0
2432,1996,2019,11,1,127,4.0
2433,997,2024,10,5,49,2.0
2434,321,2024,10,3,97,5.0
2435,13,2020,10,1,70,2.0
2436,405,2022,2,2,65,3.0
2437,1383,2020,10,2,120,4.0
2438,1079,2024,3,2,34,4.0
2439,676,2023,2,1,18,4.0
2440,963,2021,1,2,73,3.0
2441,1677,2024,2,4,124,4.0
2442,1144,2020,2,3,25,3.0
2443,117,2024,11,2,52,2.0
2444,99,2020,1,1,101,4.0
2445,965,2024,8,4,72,3.0
2446,809,2024,1,4,91,3.0
2447,1702,2022,12,1,80,4.0
2448,1166,2019,7,5,122,4.0
2449,1514,2023,7,2,132,2.0
2450,1171,2023,1,2,68,4.0
2451,691,2024,11,2,65,4.0
2452,1315,2020,6,5,42,4.0
2453,1243,2020,2,4,67,4.0
2454,1441,2021,9,3,126,5.0
2455,379,2021,12,3,76,5.0
2456,1284,2019,1,2,104,2.0
2457,571,2019,3,2,63,2.0
2458,1581,2021,8,2,107,5.0
2459,1598,2024,1,4,107,5.0
2460,1250,2019,10,3,80,5.0
2461,1894,2020,8,3,141,3.0
2462,1076,2024,7,5,132,3.0
2463,51,2019,4,2,24,2.0
2464,1213,2019,6,1,35,4.0
2465,1556,2024,1,2,144,3.0
2466,203,2020,9,5,61,3.0
2467,210,2020,8,1,47,4.0
2468,547,2019,7,1,120,3.0
2469,1689,2021,10,2,91,4.0
2470,1055,2024,7,5,20,4.0
2471,1953,2024,5,2,14,4.0
2472,1746,2022,10,3,122,3.0
2473,1110,2023,12,4,115,2.0
2474,1359,2022,11,3,53,4.0
2475,663,2023,7,1,130,5.0
2476,181,2022,5,1,19,4.0
2477,798,2020,2,2,131,4.0
2478,1185,2024,5,4,12,5.0
2479,365,2024,10,4,96,4.0
2480,444,2019,10,2,127,3.0
2481,30,2019,2,2,93,4.0
2482,1469,2023,7,1,117,4.0
2483,1799,2019,9,3,52,2.0
2484,1655,2023,9,2,44,4.0
2485,760,2024,11,5,40,2.0
2486,1187,2019,1,2,18,3.0
2487,1922,2023,6,1,42,4.0
2488,1183,2019,2,3,38,4.0
2489,592,2020,9,5,114,1.0
2490,678,2022,7,2,32,3.0
2491,1455,2023,6,4,25,5.0
2492,893,2019,10,3,110,5.0
2493,1675,2019,11,3,81,5.0
2494,1729,2020,4,3,33,4.0
2495,72,2023,10,4,106,5.0
2496,1447,2021,12,3,33,3.0
2497,740,2020,1,2,118,3.0
2498,1040,2019,10,4,5,4.0
2499,530,2024,2,1,89,4.0
2500,737,2023,10,2,90,4.0
2501,661,2024,9,2,56,1.0
2502,101,2021,11,3,104,3.0
2503,1566,2023,7,4,57,4.0
2504,287,2022,4,3,99,3.0
2505,752,2022,9,3,34,4.0
2506,387,2021,4,1,86,4.0
2507,322,2022,1,5,114,4.0
2508,747,2021,2,2,145,4.0
2509,1838,2022,11,1,55,5.0
2510,1889,2021,5,4,71,4.0
2511,764,2024,2,4,72,2.0
2512,1011,2024,1,2,130,4.0
2513,1972,2021,1,3,145,4.0
2514,470,2021,10,4,97,4.0
2515,1890,2023,2,1,124,4.0
2516,212,2022,10,5,13,4.0
2517,452,2020,7,2,114,3.0
2518,677,2024,3,3,122,3.0
2519,75,2023,11,1,108,5.0
2520,1632,2022,6,1,88,3.0
2521,1711,2023,5,1,135,4.0
2522,767,2020,9,2,99,3.0
2523,1673,2023,8,5,127,2.0
2524,1546,2019,9,3,28,4.0
2525,1603,2023,8,2,100,4.0
2526,1606,2022,12,3,66,4.0
2527,1147,2022,5,2,131,3.0
2528,222,2023,3,3,133,4.0
2529,1847,2020,2,3,127,3.0
2530,1218,2023,3,2,33,4.0
2531,1803,2019,10,3,74,5.0
2532,1919,2023,11,2,1,2.0
2533,375,2023,4,4,147,5.0
2534,805,2019,2,3,39,5.0
2535,385,2023,9,2,94,5.0
2536,102,2023,10,2,74,4.0
2537,1933,2022,1,2,136,4.0
2538,1847,2022,2,5,124,2.0
2539,1864,2019,5,4,117,4.0
2540,1768,2024,6,5,97,4.0
2541,1298,2024,2,4,18,3.0
2542,1045,2023,8,5,138,4.0
2543,1983,2019,6,2,10,4.0
2544,1105,2021,10,3,69,2.0
2545,1285,2023,12,2,57,4.0
2546,424,2023,2,4,59,3.0
2547,1494,2024,6,5,147,4.0
2548,1639,2022,10,4,35,3.0
2549,1358,2023,1,4,87,2.0
2550,998,2021,11,4,33,3.0
2551,396,2023,5,1,137,3.0
2552,68,2022,10,3,111,3.0
2553,1255,2023,8,4,63,3.0
2554,1367,2020,12,3,13,4.0
2555,1546,2020,2,3,23,2.0
2556,1901,2019,11,2,37,4.0
2557,995,2023,7,2,61,2.0
2558,1659,2023,10,5,133,3.0
2559,1433,2020,10,4,18,3.0
2560,555,2021,7,3,87,4.0
2561,1691,2022,6,1,53,4.0
2562,107,2023,10,1,7,3.0
2563,1198,2020,7,3,93,4.0
2564,1881,2021,12,1,106,1.0
2565,1318,2020,9,1,144,4.0
2566,1875,2023,8,1,77,5.0
2567,113,2024,7,2,49,3.0
2568,1065,2023,3,1,129,4.0
2569,1562,2023,9,4,38,3.0
2570,1285,2023,3,3,103,4.0
2571,1762,2024,8,3,142,4.0
2572,926,2021,10,5,1,3.0
2573,1366,2020,6,3,139,3.0
2574,840,2024,12,4,31,4.0
2575,1745,2019,2,2,73,4.0
2576,239,2021,3,2,39,2.0
2577,509,2023,4,2,22,3.0
2578,194,2023,12,5,106,4.0
2579,1405,2023,7,5,73,3.0
2580,466,2021,4,3,77,4.0
2581,635,2024,12,4,73,4.0
2582,1674,2020,5,2,113,2.0
2583,721,2019,4,3,145,2.0
2584,292,2022,11,2,77,5.0
2585,42,2020,2,3,24,3.0
2586,454,2021,12,2,50,4.0
2587,1830,2021,1,3,75,5.0
2588,1098,2020,7,3,16,4.0
2589,1990,2024,7,3,35,3.0
2590,431,2021,12,2,31,3.0
2591,703,2023,12,3,146,3.0
2592,327,2019,11,2,61,4.0
2593,797,2024,11,1,132,4.0
2594,1127,2024,11,3,83,5.0
2595,1617,2019,7,1,76,2.0
2596,737,2022,11,3,141,5.0
2597,1544,2022,10,2,104,4.0
2598,1253,2020,5,3,36,3.0
2599,584,2023,11,3,43,4.0
2600,1825,2023,1,1,100,3.0
2601,869,2024,2,2,1,3.0
2602,302,2022,2,3,23,5.0
2603,1926,2023,7,4,12,4.0
2604,1827,2023,1,1,108,5.0
2605,100,2023,3,1,67,3.0
2606,1805,2022,3,4,2,4.0
2607,1895,2023,3,2,112,4.0
2608,1659,2019,1,2,99,4.0
2609,510,2022,3,2,108,4.0
2610,1263,2020,4,5,25,4.0
2611,1077,2021,10,3,132,4.0
2612,1241,2023,8,2,28,2.0
2613,1233,2019,4,3,86,5.0
2614,1279,2023,2,2,84,
2615,1029,2020,7,2,33,2.0
2616,1381,2023,4,5,57,3.0
2617,1054,2023,9,3,8,4.0
2618,33,2019,3,3,71,3.0
2619,71,2020,12,4,102,5.0
2620,1917,2023,2,2,47,2.0
2621,1819,2021,11,1,81,3.0
2622,1172,2021,9,2,144,1.0
2623,350,2019,9,4,36,3.0
2624,1563,2023,11,2,44,3.0
2625,287,2019,6,3,18,5.0
2626,755,2020,9,1,82,5.0
2627,660,2021,7,1,31,3.0
2628,25,2023,9,3,129,4.0
2629,1615,2021,7,2,44,4.0
2630,1020,2024,12,4,100,5.0
2631,633,2022,4,5,29,3.0
2632,1015,2020,9,5,49,3.0
2633,1,2020,2,3,26,3.0
2634,874,2023,1,2,83,2.0
2635,1040,2021,9,3,5,5.0
2636,680,2022,3,1,13,3.0
2637,1661,2021,1,5,76,3.0
2638,500,2020,8,3,82,5.0
2639,276,2022,8,2,50,3.0
2640,1056,2020,8,4,65,5.0
2641,1775,2024,6,2,63,2.0
2642,751,2023,10,4,114,4.0
2643,94,2023,1,3,67,3.0
2644,1940,2020,2,4,128,2.0
2645,889,2019,5,5,33,3.0
2646,346,2019,12,2,30,3.0
2647,1232,2024,9,3,61,3.0
2648,640,2024,7,2,13,4.0
2649,1876,2023,12,4,101,3.0
2650,588,2022,12,3,59,2.0
2651,1101,2020,2,5,55,4.0
2652,1087,2023,7,4,81,4.0
2653,485,2022,12,2,13,2.0
2654,999,2022,3,1,57,4.0
2655,219,2019,2,3,146,3.0
2656,1288,2022,5,2,95,3.0
2657,1517,2023,12,2,87,3.0
2658,1901,2023,3,3,76,5.0
2659,652,2019,8,3,71,4.0
2660,571,2019,4,3,141,5.0
2661,1098,2024,9,2,140,4.0
2662,1386,2020,11,2,62,4.0
2663,1985,2021,1,2,139,3.0
2664,51,2022,5,4,13,4.0
2665,477,2021,7,3,48,5.0
2666,525,2024,3,3,46,4.0
2667,511,2024,8,5,105,5.0
2668,928,2021,5,5,91,4.0
2669,1746,2020,1,1,71,2.0
2670,62,2024,8,4,39,3.0
2671,1632,2023,1,2,77,4.0
2672,1236,2023,3,4,41,2.0
2673,1231,2021,2,2,75,4.0
2674,1357,2021,1,1,51,3.0
2675,231,2020,5,5,134,4.0
2676,1494,2021,11,3,112,3.0
2677,497,2022,4,2,27,5.0
2678,1034,2019,3,4,142,3.0
2679,1354,2022,10,2,99,4.0
2680,1208,2022,12,1,53,2.0
2681,647,2024,4,2,80,3.0
2682,793,2019,1,4,30,2.0
2683,954,2020,10,3,8,4.0
2684,83,2021,8,3,64,3.0
2685,1453,2024,12,3,118,3.0
2686,200,2020,8,3,53,4.0
2687,918,2024,12,2,58,2.0
2688,1310,2024,2,1,149,2.0
2689,161,2019,2,2,149,4.0
2690,1992,2021,8,4,70,1.0
2691,755,2020,9,4,7,5.0
2692,32,2021,5,2,102,
2693,1318,2024,6,2,108,3.0
2694,1116,2021,5,3,138,3.0
2695,1281,2022,1,1,143,4.0
2696,1503,2019,11,3,95,3.0
2697,952,2022,11,3,17,2.0
2698,1654,2021,12,3,38,3.0
2699,741,2024,7,1,108,5.0
2700,1091,2023,3,5,92,4.0
2701,318,2020,5,2,66,4.0
2702,1240,2022,9,1,61,4.0
2703,524,2021,3,2,107,5.0
2704,1394,2021,2,4,64,1.0
2705,1603,2021,12,4,24,3.0
2706,1718,2023,1,3,147,4.0
2707,1859,2020,8,3,53,4.0
2708,245,2019,2,3,42,2.0
2709,276,2020,1,1,11,2.0
2710,1853,2023,8,2,71,5.0
2711,762,2020,3,2,148,3.0
2712,53,2019,9,3,24,4.0
2713,574,2021,10,3,37,5.0
2714,1673,2024,7,5,27,4.0
2715,710,2024,3,3,15,4.0
2716,154,2024,12,3,91,4.0
2717,1445,2023,5,5,45,3.0
2718,390,2023,10,2,113,3.0
2719,706,2023,3,3,61,5.0
2720,8,2019,2,4,96,4.0
2721,1204,2021,9,3,14,3.0
2722,891,2022,3,4,50,4.0
2723,1735,2021,7,3,63,1.0
2724,669,2023,8,5,9,5.0
2725,410,2024,2,1,63,4.0
2726,332,2022,4,4,71,3.0
2727,401,2019,3,2,61,4.0
2728,903,2021,1,1,76,5.0
2729,175,2020,12,1,120,3.0
2730,805,2021,1,3,116,3.0
2731,1710,2020,10,2,3,2.0
2732,1536,2019,5,1,97,3.0
2733,1275,2020,4,3,136,4.0
2734,1787,2021,7,3,131,4.0
2735,1561,2019,11,2,49,5.0
2736,1306,2019,8,3,118,3.0
2737,1727,2020,1,4,121,2.0
2738,249,2022,10,4,55,4.0
2739,1637,2022,0,3,131,3.0
2740,591,2021,12,4,95,3.0
2741,1467,2022,3,4,113,3.0
2742,1827,2020,11,2,113,4.0
2743,993,2023,5,1,118,
2744,178,2019,5,1,144,2.0
2745,741,2019,8,3,129,3.0
2746,814,2024,7,5,64,3.0
2747,1874,2021,3,1,85,4.0
2748,1886,2022,3,3,98,3.0
2749,1137,2021,8,2,129,5.0
2750,1902,2022,12,3,59,3.0
2751,873,2023,3,4,47,4.0
2752,823,2023,7,4,111,4.0
2753,1674,2020,4,5,144,4.0
2754,1335,2022,3,3,137,1.0
2755,1045,2023,10,3,23,3.0
2756,914,2021,9,4,138,3.0
2757,1412,2021,6,3,119,2.0
2758,1507,2022,6,5,24,1.0
2759,982,2022,6,2,1,3.0
2760,64,2020,12,1,31,3.0
2761,204,2024,12,1,140,4.0
2762,289,2022,1,4,114,2.0
2763,925,2022,10,1,87,4.0
2764,1229,2020,5,4,95,4.0
2765,1608,2023,8,3,62,5.0
2766,466,2024,12,3,136,4.0
2767,1574,2023,6,4,24,5.0
2768,1333,2022,6,3,48,3.0
2769,104,2022,8,1,31,3.0
2770,703,2020,4,3,128,4.0
2771,606,2019,4,5,82,4.0
2772,1774,2022,8,1,103,2.0
2773,1843,2020,3,2,138,5.0
2774,1639,2019,8,4,30,4.0
2775,1057,2023,3,1,145,4.0
2776,986,2021,2,1,19,4.0
2777,623,2024,2,4,114,3.0
2778,1546,2024,4,4,106,2.0
2779,173,2019,2,2,124,4.0
2780,543,2023,4,5,24,4.0
2781,271,2021,6,4,144,4.0
2782,989,2023,3,1,120,5.0
2783,600,2019,7,3,17,3.0
2784,395,2021,5,4,84,3.0
2785,753,2022,1,3,123,4.0
2786,1722,2021,5,3,72,3.0
2787,1117,2022,1,3,58,3.0
2788,1647,2019,9,2,42,5.0
2789,1828,2019,6,3,78,3.0
2790,1805,2022,8,2,148,3.0
2791,703,2021,2,4,92,4.0
2792,1755,2022,6,2,109,2.0
2793,1819,2021,10,1,117,4.0
2794,1920,2019,3,1,117,3.0
2795,703,2023,12,4,61,4.0
2796,457,2019,6,3,116,4.0
2797,1169,2023,2,2,50,3.0
2798,1864,2019,3,3,88,4.0
2799,1802,2024,6,3,46,4.0
2800,1143,2020,12,4,141,3.0
2801,299,2024,6,2,110,4.0
2802,845,2019,3,2,88,4.0
2803,1429,2021,5,4,68,5.0
2804,1121,2021,11,3,79,3.0
2805,691,2019,12,3,117,5.0
2806,686,2021,8,2,42,4.0
2807,120,2020,11,4,125,4.0
2808,578,2021,10,5,43,2.0
2809,1339,2021,6,3,22,5.0
2810,483,2020,11,1,111,4.0
2811,1987,2023,1,1,107,5.0
2812,165,2022,10,2,51,5.0
2813,1178,2024,7,3,98,2.0
2814,994,2023,8,3,110,5.0
2815,1667,2020,12,3,119,3.0
2816,1776,2020,4,2,143,4.0
2817,1087,2024,3,2,129,4.0
2818,1261,2020,8,5,66,3.0
2819,1398,2019,9,2,35,3.0
2820,1042,2022,1,5,15,4.0
2821,370,2024,6,3,87,3.0
2822,858,2020,5,1,100,4.0
2823,484,2022,10,3,104,5.0
2824,929,2021,11,5,2,2.0
2825,1231,2021,2,4,106,3.0
2826,419,2021,7,2,119,4.0
2827,499,2019,9,1,109,3.0
2828,1646,2021,4,3,79,2.0
2829,756,2020,12,1,3,1.0
2830,397,2023,11,2,74,3.0
2831,1427,2020,3,5,97,5.0
2832,1434,2024,1,3,86,3.0
2833,1653,2019,7,4,87,4.0
2834,1520,2021,11,3,78,3.0
2835,1984,2020,9,2,83,5.0
2836,1150,2021,10,2,49,4.0
2837,574,2023,9,4,91,3.0
2838,1726,2024,2,3,43,4.0
2839,530,2023,1,3,74,4.0
2840,583,2022,1,2,63,2.0
2841,1657,2022,12,2,108,4.0
2842,1764,2024,12,1,135,3.0
2843,679,2024,11,2,95,3.0
2844,1459,2023,1,4,21,4.0
2845,1845,2019,11,4,101,2.0
2846,1598,2020,12,4,49,5.0
2847,10,2020,10,4,8,4.0
2848,1330,2020,6,3,29,3.0
2849,340,2024,2,2,150,4.0
2850,1693,2019,5,3,65,3.0
2851,135,2024,3,1,31,2.0
2852,1987,2023,8,4,21,4.0
2853,355,2022,11,4,98,5.0
2854,841,2020,6,3,115,2.0
2855,469,2020,1,2,53,5.0
2856,1628,2023,5,2,16,4.0
2857,787,2023,10,1,54,4.0
2858,1490,2022,8,2,100,4.0
2859,135,2022,1,5,18,4.0
2860,906,2023,5,1,41,5.0
2861,1823,2023,5,5,1,4.0
2862,1854,2023,1,3,71,4.0
2863,418,2020,5,3,26,5.0
2864,789,2019,10,1,30,4.0
2865,819,2021,2,1,17,3.0
2866,1131,2021,7,3,110,3.0
2867,1075,2021,8,3,74,3.0
2868,212,2022,9,3,143,5.0
2869,1526,2024,4,2,60,4.0
2870,452,2023,7,1,34,3.0
2871,630,2023,9,2,31,2.0
2872,1682,2023,8,4,143,3.0
2873,1380,2021,11,3,89,5.0
2874,794,2022,3,2,49,3.0
2875,1825,2021,2,4,99,4.0
2876,789,2023,12,1,84,3.0
2877,1131,2024,9,4,18,4.0
2878,492,2021,6,3,106,
2879,367,2023,7,4,18,4.0
2880,984,2019,12,1,30,1.0
2881,1127,2021,11,4,107,4.0
2882,1612,2024,10,4,67,3.0
2883,782,2023,8,2,34,4.0
2884,1791,2022,9,1,11,3.0
2885,1215,2020,7,4,90,5.0
2886,141,2023,6,3,105,4.0
2887,1479,2024,9,3,31,3.0
2888,1150,2021,1,1,63,4.0
2889,779,2023,10,2,52,4.0
2890,935,2022,4,4,134,3.0
2891,604,2021,7,2,119,2.0
2892,1229,2020,8,1,42,3.0
2893,1134,2022,4,2,78,4.0
2894,895,2021,4,4,139,4.0
2895,571,2022,3,2,52,3.0
2896,798,2019,2,3,22,4.0
2897,996,2021,11,3,45,4.0
2898,944,2023,7,2,92,3.0
2899,619,2024,9,1,149,3.0
2900,1164,2020,2,2,47,4.0
2901,454,2022,11,2,9,5.0
2902,1002,2020,4,5,28,4.0
2903,244,2023,6,4,62,5.0
2904,945,2021,7,4,15,5.0
2905,1568,2023,9,4,6,3.0
2906,1636,2021,2,1,99,4.0
2907,1390,2020,11,4,124,4.0
2908,1492,2022,2,3,35,4.0
2909,132,2022,8,4,79,3.0
2910,683,2023,3,5,86,3.0
2911,1309,2023,12,2,101,5.0
2912,1602,2023,8,3,147,4.0
2913,1166,2024,12,2,133,4.0
2914,1708,2021,12,4,48,4.0
2915,547,2022,4,2,147,5.0
2916,307,2021,3,2,6,5.0
2917,173,2022,2,4,145,3.0
2918,1166,2019,9,1,22,5.0
2919,1331,2024,1,3,18,4.0
2920,571,2022,3,3,18,4.0
2921,1568,2022,11,3,19,5.0
2922,1479,2024,8,1,70,4.0
2923,721,2021,6,1,97,2.0
2924,478,2021,2,3,112,4.0
2925,1485,2022,11,3,3,4.0
2926,1343,2024,11,5,45,2.0
2927,342,2020,1,4,20,5.0
2928,511,2019,9,3,22,4.0
2929,972,2019,4,2,112,4.0
2930,1023,2023,9,5,97,5.0
2931,332,2019,4,2,32,2.0
2932,1898,2023,1,5,46,5.0
2933,778,2024,10,5,139,4.0
2934,763,2023,11,5,87,3.0
2935,122,2020,9,2,36,5.0
2936,1752,2022,2,1,141,2.0
2937,471,2021,6,3,30,3.0
2938,1974,2019,7,3,44,5.0
2939,993,2020,10,2,104,4.0
2940,1750,2023,10,3,77,3.0
2941,359,2022,11,3,11,2.0
2942,332,2021,8,2,122,4.0
2943,1603,2023,12,2,35,4.0
2944,1640,2022,10,3,104,3.0
2945,1087,2024,3,1,51,4.0
2946,65,2019,9,3,113,4.0
2947,1888,2020,2,4,135,3.0
2948,787,2020,10,4,116,3.0
2949,1872,2021,3,4,139,2.0
2950,1742,2024,4,3,81,4.0
2951,1703,2021,7,4,10,4.0
2952,1378,2020,5,3,81,3.0
2953,1347,2019,8,4,70,3.0
2954,1066,2021,7,1,108,5.0
2955,50,2020,8,4,38,4.0
2956,776,2020,8,1,105,4.0
2957,1462,2019,3,1,67,
2958,1625,2022,9,3,101,3.0
2959,1120,2023,12,1,63,5.0
2960,1420,2023,7,2,58,1.0
2961,44,2019,8,4,33,3.0
2962,937,2024,9,3,125,3.0
2963,1016,2022,2,4,11,4.0
2964,1785,2022,2,4,36,4.0
2965,623,2024,7,3,65,3.0
2966,460,2020,5,5,24,3.0
2967,705,2022,9,2,138,2.0
2968,341,2019,11,1,52,4.0
2969,1117,2021,10,2,37,4.0
2970,1286,2020,3,4,39,3.0
2971,1603,2020,4,1,29,2.0
2972,1944,2022,2,3,100,4.0
2973,148,2019,2,3,73,5.0
2974,495,2024,9,4,35,3.0
2975,602,2020,9,4,131,5.0
2976,500,2019,3,2,99,4.0
2977,1655,2021,9,2,61,4.0
2978,279,2021,6,3,77,4.0
2979,60,2022,11,4,99,4.0
2980,1722,2023,9,2,23,4.0
2981,1924,2022,4,4,122,5.0
2982,453,2022,6,2,39,4.0
2983,666,2023,3,2,5,4.0
2984,1007,2022,11,2,79,4.0
2985,1052,2019,7,4,132,5.0
2986,1982,2021,11,4,110,2.0
2987,809,2023,7,3,47,2.0
2988,25,2020,7,4,60,5.0
2989,846,2024,3,3,90,3.0
2990,1113,2021,12,2,35,5.0
2991,1034,2020,9,4,124,3.0
2992,1025,2021,4,1,45,3.0
2993,1846,2022,11,5,33,5.0
2994,1615,2023,3,4,15,4.0
2995,504,2020,2,4,104,3.0
2996,711,2020,9,3,4,4.0
2997,1336,2019,9,4,121,3.0
2998,821,2021,7,1,146,4.0
2999,857,2024,9,3,17,4.0
3000,336,2024,4,2,15,4.0
3001,509,2022,4,3,141,3.0
3002,1482,2022,5,3,19,2.0
3003,1686,2022,3,2,62,3.0
3004,1570,2020,3,2,131,4.0
3005,616,2021,1,3,21,4.0
3006,274,2024,3,5,100,3.0
3007,320,2022,7,3,58,4.0
3008,787,2020,5,3,66,4.0
3009,1036,2019,6,5,140,4.0
3010,1786,2023,12,4,98,3.0
3011,1798,2024,1,4,48,5.0
3012,6,2019,11,3,141,4.0
3013,1416,2021,1,3,88,5.0
3014,598,2024,7,2,15,3.0
3015,396,2020,2,4,59,2.0
3016,1111,2020,6,2,37,3.0
3017,68,2021,11,4,97,5.0
3018,669,2021,1,4,130,3.0
3019,1105,2021,7,3,6,5.0
3020,545,2024,6,2,118,3.0
3021,1187,2024,6,1,138,4.0
3022,921,2022,8,3,150,4.0
3023,1599,2019,4,2,100,4.0
3024,364,2020,10,1,48,4.0
3025,115,2020,3,2,22,3.0
3026,1060,2019,5,3,142,5.0
3027,514,2021,6,3,62,4.0
3028,1414,2019,12,2,52,2.0
3029,187,2022,7,3,111,3.0
3030,1151,2020,11,3,108,5.0
3031,1980,2023,2,3,122,4.0
3032,187,2022,1,4,133,2.0
3033,604,2024,7,1,132,5.0
3034,1689,2021,11,3,26,1.0
3035,1068,2019,3,2,26,3.0
3036,350,2024,3,2,31,3.0
3037,427,2020,2,3,95,3.0
3038,1530,2023,12,3,88,4.0
3039,1722,2023,2,3,129,4.0
3040,722,2024,8,5,127,4.0
3041,948,2022,5,4,123,3.0
3042,1566,2022,5,2,12,4.0
3043,354,2021,9,3,105,4.0
3044,413,2021,6,3,128,2.0
3045,1549,2023,1,3,148,5.0
3046,374,2022,7,3,52,5.0
3047,1542,2019,1,5,117,4.0
3048,995,2021,11,3,61,4.0
3049,1981,2024,12,4,25,4.0
3050,66,2020,11,3,51,2.0
3051,1892,2021,5,4,38,3.0
3052,451,2024,5,2,137,4.0
3053,71,2020,8,1,27,4.0
3054,1449,2023,11,3,20,5.0
3055,1066,2023,10,3,87,5.0
3056,1675,2020,6,1,87,4.0
3057,217,2024,10,3,85,4.0
3058,162,2021,6,4,23,4.0
3059,1135,2020,10,4,75,2.0
3060,1765,2020,3,2,140,5.0
3061,812,2020,6,3,14,4.0
3062,1596,2022,10,4,120,5.0
3063,1813,2020,3,5,19,3.0
3064,1740,2021,8,1,36,4.0
3065,1018,2023,4,1,135,3.0
3066,1397,2024,6,1,45,2.0
3067,1052,2023,4,3,79,5.0
3068,1349,2022,8,4,58,1.0
3069,1135,2023,10,1,93,4.0
3070,1051,2021,11,3,61,5.0
3071,874,2020,5,2,67,3.0
3072,1306,2023,3,1,123,3.0
3073,1503,2019,12,3,84,5.0
3074,1839,2024,5,3,85,3.0
3075,1227,2021,8,2,121,4.0
3076,202,2023,5,2,65,3.0
3077,1175,2019,11,2,124,4.0
3078,632,2021,1,5,108,5.0
3079,54,2021,1,4,133,3.0
3080,145,2021,5,3,69,1.0
3081,1183,2022,5,5,84,4.0
3082,1890,2022,10,3,20,5.0
3083,1012,2024,6,1,17,4.0
3084,891,2023,4,3,17,4.0
3085,178,2020,1,4,95,4.0
3086,1351,2024,10,3,49,3.0
3087,111,2021,7,5,44,3.0
3088,1683,2021,12,3,91,4.0
3089,1633,2019,4,5,60,4.0
3090,1983,2023,3,4,21,5.0
3091,569,2024,4,4,84,3.0
3092,324,2020,5,5,83,4.0
3093,600,2024,2,2,21,4.0
3094,1600,2019,2,3,41,3.0
3095,438,2024,10,2,36,2.0
3096,1775,2020,9,4,105,4.0
3097,309,2021,7,3,38,3.0
3098,98,2019,6,2,5,4.0
3099,439,2024,6,3,41,4.0
3100,1509,2022,8,2,71,5.0
3101,1205,2024,4,3,116,5.0
3102,710,2021,10,1,8,5.0
3103,1313,2019,1,5,133,3.0
3104,1298,2023,10,3,50,3.0
3105,1110,2019,10,5,52,3.0
3106,1029,2022,7,2,3,3.0
3107,203,2019,4,2,42,4.0
3108,520,2020,11,5,71,5.0
3109,1056,2022,10,3,94,4.0
3110,271,2023,12,1,116,4.0
3111,952,2019,1,4,79,2.0
3112,234,2020,8,2,16,4.0
3113,1575,2024,1,2,59,2.0
3114,207,2019,1,4,111,5.0
3115,186,2020,1,4,96,4.0
3116,1276,2024,10,3,88,2.0
3117,442,2022,9,1,77,4.0
3118,703,2019,11,2,76,4.0
3119,629,2024,8,2,149,2.0
3120,434,2021,7,3,90,3.0
3121,1524,2023,3,1,90,4.0
3122,1384,2022,9,3,51,4.0
3123,478,2021,11,4,74,2.0
3124,1374,2021,5,5,107,4.0
3125,1427,2022,9,4,129,4.0
3126,1079,2021,7,2,117,5.0
3127,1157,2020,7,3,100,4.0
3128,1870,2023,10,5,117,5.0
3129,908,2023,4,1,5,4.0
3130,771,2022,11,2,41,3.0
3131,1079,2023,12,2,37,4.0
3132,1672,2022,2,3,99,4.0
3133,1420,2024,7,5,114,3.0
3134,151,2024,1,3,23,3.0
3135,919,2024,5,3,29,1.0
3136,1480,2019,5,3,75,5.0
3137,448,2019,8,4,146,3.0
3138,1977,2021,5,2,1,3.0
3139,1617,2023,5,3,132,3.0
3140,1694,2020,10,5,30,3.0
3141,164,2019,10,5,41,4.0
3142,1160,2019,1,2,95,4.0
3143,1056,2022,5,1,110,3.0
3144,1254,2024,10,5,132,3.0
3145,1701,2021,2,5,1,3.0
3146,707,2023,7,1,8,3.0
3147,1068,2019,6,1,72,3.0
3148,1359,2020,9,2,84,4.0
3149,1507,2023,9,3,40,3.0
3150,1541,2021,7,2,96,5.0
3151,674,2019,5,2,40,3.0
3152,1997,2020,10,4,140,2.0
3153,20,2023,5,2,27,4.0
3154,985,2023,6,5,99,3.0
3155,1218,2023,6,3,80,5.0
3156,123,2021,5,3,16,3.0
3157,903,2024,8,5,91,2.0
3158,1192,2024,8,1,23,4.0
3159,1216,2021,11,1,81,3.0
3160,239,2020,6,3,96,3.0
3161,556,2024,10,3,11,3.0
3162,490,2021,4,3,33,4.0
3163,1280,2021,12,5,45,3.0
3164,658,2024,11,5,140,3.0
3165,1143,2020,8,1,34,3.0
3166,1463,2024,9,2,139,3.0
3167,1595,2019,7,3,81,2.0
3168,368,2020,3,5,143,4.0
3169,1808,2021,12,2,125,5.0
3170,332,2021,9,2,44,3.0
3171,44,2020,6,2,84,3.0
3172,90,2024,4,5,108,3.0
3173,403,2022,9,2,12,5.0
3174,1747,2023,6,3,100,3.0
3175,416,2023,10,1,69,4.0
3176,1388,2022,3,3,6,4.0
3177,837,2022,7,2,131,3.0
3178,80,2022,2,3,40,
3179,889,2023,9,1,132,3.0
3180,57,2024,5,1,32,3.0
3181,953,2020,3,1,82,3.0
3182,1118,2022,7,4,56,1.0
3183,1043,2020,7,4,134,5.0
3184,566,2020,4,1,143,3.0
3185,1534,2024,12,2,116,4.0
3186,1194,2021,1,3,127,3.0
3187,510,2023,4,1,116,3.0
3188,870,2023,3,4,45,3.0
3189,218,2019,12,2,139,3.0
3190,1847,2021,3,3,80,2.0
3191,1507,2020,3,3,52,2.0
3192,576,2020,8,5,29,2.0
3193,1350,2020,4,4,107,4.0
3194,1359,2022,4,1,42,5.0
3195,1220,2019,3,2,98,3.0
3196,109,2021,7,3,10,4.0
3197,1758,2020,9,1,96,4.0
3198,1912,2024,6,2,97,3.0
3199,1949,2023,11,5,79,4.0
3200,1962,2021,4,2,99,5.0
3201,1858,2020,11,4,150,4.0
3202,1479,2023,9,2,126,4.0
3203,114,2022,1,1,66,3.0
3204,931,2022,9,1,131,3.0
3205,491,2019,12,1,144,3.0
3206,440,2019,9,2,25,3.0
3207,1662,2022,4,5,54,4.0
3208,1626,2021,6,3,112,3.0
3209,1045,2023,11,1,78,4.0
3210,1473,2019,4,1,21,3.0
3211,259,2020,6,5,71,4.0
3212,444,2023,8,2,57,3.0
3213,1721,2024,10,2,111,3.0
3214,903,2023,12,4,78,4.0
3215,1094,2019,9,3,21,4.0
3216,926,2019,6,2,8,3.0
3217,405,2024,5,3,44,1.0
3218,1653,2021,8,2,24,5.0
3219,1517,2021,1,3,132,4.0
3220,1368,2024,6,1,41,5.0
3221,707,2020,5,4,96,5.0
3222,1287,2020,12,3,20,4.0
3223,1907,2023,11,1,67,4.0
3224,1300,2024,4,3,141,2.0
3225,989,2021,0,2,97,4.0
3226,541,2019,6,5,44,3.0
3227,1046,2019,10,1,113,3.0
3228,744,2019,6,2,76,2.0
3229,1223,2021,8,4,36,3.0
3230,92,2022,9,2,150,3.0
3231,381,2021,10,2,141,5.0
3232,1574,2020,9,4,85,5.0
3233,762,2023,4,4,5,3.0
3234,866,2024,9,2,62,5.0
3235,1088,2020,4,3,78,3.0
3236,877,2023,9,3,140,5.0
3237,1518,2022,12,4,110,4.0
3238,491,2023,6,3,34,4.0
3239,1517,2019,11,3,77,4.0
3240,419,2023,2,4,27,3.0
3241,742,2023,6,2,72,2.0
3242,1176,2023,11,3,81,4.0
3243,1772,2024,9,3,77,4.0
3244,466,2023,4,3,65,5.0
3245,1175,2024,7,3,66,4.0
3246,129,2023,2,2,120,3.0
3247,151,2021,10,3,76,3.0
3248,1536,2024,2,3,7,3.0
3249,1438,2023,7,4,112,3.0
3250,753,2022,6,1,93,3.0
3251,1246,2022,8,4,105,5.0
3252,761,2021,6,1,107,3.0
3253,555,2022,2,4,26,4.0
3254,863,2021,8,3,146,3.0
3255,624,2019,11,3,149,3.0
3256,1631,2021,8,5,22,4.0
3257,824,2024,1,3,33,2.0
3258,642,2020,2,1,37,4.0
3259,1073,2023,4,3,145,5.0
3260,1517,2021,4,3,140,5.0
3261,548,2020,2,4,40,3.0
3262,1880,2021,11,2,95,4.0
3263,928,2024,9,1,37,3.0
3264,1322,2019,10,2,6,2.0
3265,1915,2023,12,3,35,4.0
3266,864,2023,11,3,12,2.0
3267,400,2020,3,4,128,4.0
3268,1496,2023,1,2,118,4.0
3269,14,2022,9,3,28,5.0
3270,916,2021,11,5,86,4.0
3271,1960,2020,9,2,31,3.0
3272,829,2024,11,3,85,3.0
3273,1369,2020,8,5,135,4.0
3274,1051,2024,6,1,132,5.0
3275,430,2022,2,3,125,5.0
3276,636,2024,9,2,37,3.0
3277,1048,2020,4,1,29,4.0
3278,209,2019,4,4,25,3.0
3279,830,2022,11,2,20,4.0
3280,830,2021,8,4,93,4.0
3281,1670,2022,6,3,99,4.0
3282,248,2021,10,1,133,3.0
3283,1686,2020,9,2,14,2.0
3284,821,2023,6,4,40,2.0
3285,1303,2022,12,2,110,4.0
3286,1114,2022,1,2,103,2.0
3287,600,2023,6,2,65,3.0
3288,1862,2023,5,3,23,5.0
3289,449,2020,2,2,73,5.0
3290,73,2023,9,5,26,3.0
3291,1501,2020,2,1,81,1.0
3292,1243,2024,9,2,136,2.0
3293,1782,2023,10,3,30,3.0
3294,916,2022,6,2,18,4.0
3295,34,2020,3,4,111,3.0
3296,41,2024,12,5,4,2.0
3297,867,2022,9,3,148,3.0
3298,500,2023,2,4,117,3.0
3299,1845,2019,9,4,61,5.0
3300,237,2021,2,2,55,4.0
3301,1762,2020,8,1,59,4.0
3302,434,2023,4,3,60,5.0
3303,239,2021,8,5,126,3.0
3304,550,2019,10,4,120,3.0
3305,289,2022,10,3,31,3.0
3306,803,2019,10,1,27,4.0
3307,661,2021,9,4,82,4.0
3308,1059,2024,10,3,98,
3309,1075,2021,11,5,110,4.0
3310,2,2021,11,4,48,4.0
3311,250,2019,10,1,73,4.0
3312,324,2021,6,3,16,4.0
3313,390,2024,4,3,69,5.0
3314,188,2024,4,3,104,4.0
3315,630,2024,8,3,46,4.0
3316,1100,2021,8,4,48,3.0
3317,618,2019,6,4,70,2.0
3318,659,2020,5,1,130,4.0
3319,940,2020,9,1,91,2.0
3320,1097,2019,7,2,138,5.0
3321,662,2023,1,3,10,2.0
3322,444,2022,2,3,128,3.0
3323,819,2023,4,3,7,
3324,49,2020,5,3,49,3.0
3325,986,2023,9,4,64,4.0
3326,1883,2019,6,1,36,3.0
3327,796,2023,6,3,149,3.0
3328,217,2023,2,4,134,4.0
3329,1415,2020,1,2,86,3.0
3330,254,2020,12,2,68,4.0
3331,388,2021,11,3,115,3.0
3332,294,2022,1,2,107,4.0
3333,1768,2022,6,3,73,4.0
3334,1963,2019,12,5,125,4.0
3335,1140,2021,9,1,29,3.0
3336,1236,2022,1,5,42,2.0
3337,1291,2022,6,2,3,4.0
3338,1221,2022,11,3,18,3.0
3339,1089,2022,4,1,30,5.0
3340,1974,2021,7,4,94,3.0
3341,1467,2022,4,5,129,4.0
3342,177,2021,3,2,89,4.0
3343,784,2020,11,5,67,4.0
3344,1950,2020,3,4,41,4.0
3345,808,2021,7,5,16,3.0
3346,409,2019,5,3,88,5.0
3347,1737,2020,8,3,22,4.0
3348,1247,2019,10,5,119,3.0
3349,1126,2021,7,4,62,4.0
3350,841,2021,2,4,53,
3351,249,2019,4,2,4,4.0
3352,768,2019,3,2,37,4.0
3353,875,2022,9,3,3,2.0
3354,1863,2020,9,2,109,4.0
3355,615,2024,2,3,74,4.0
3356,299,2019,8,4,118,3.0
3357,856,2021,6,3,85,4.0
3358,1995,2023,6,5,144,5.0
3359,965,2019,11,2,118,4.0
3360,759,2021,1,2,23,5.0
3361,1334,2021,9,2,18,4.0
3362,1298,2022,7,5,134,2.0
3363,599,2024,4,3,41,5.0
3364,1936,2022,3,5,115,2.0
3365,1186,2021,2,2,95,5.0
3366,116,2021,8,2,106,4.0
3367,816,2022,8,4,41,5.0
3368,1846,2020,4,3,47,4.0
3369,787,2023,5,3,84,4.0
3370,1136,2021,12,3,4,5.0
3371,1226,2019,9,3,47,2.0
3372,1409,2022,8,4,77,4.0
3373,1745,2020,2,2,31,3.0
3374,299,2021,7,1,43,3.0
3375,1034,2020,5,1,148,3.0
3376,1067,2019,11,3,44,4.0
3377,305,2020,3,4,136,4.0
3378,1348,2024,12,3,140,5.0
3379,237,2020,12,5,102,3.0
3380,913,2023,10,3,23,3.0
3381,661,2021,7,3,31,1.0
3382,310,2019,8,3,141,5.0
3383,1645,2024,11,4,1,2.0
3384,489,2024,11,1,76,4.0
3385,511,2020,10,3,90,4.0
3386,1709,2020,3,3,126,4.0
3387,1755,2024,5,5,135,3.0
3388,69,2019,10,2,43,4.0
3389,556,2024,2,1,76,5.0
3390,1418,2020,9,3,96,4.0
3391,1557,2024,5,3,145,3.0
3392,1999,2024,7,2,84,2.0
3393,1110,2020,12,3,19,5.0
3394,15,2020,11,3,139,3.0
3395,1748,2019,5,2,77,3.0
3396,323,2023,9,3,27,5.0
3397,242,2021,1,1,29,4.0
3398,1349,2022,9,4,31,4.0
3399,1208,2022,2,2,109,5.0
3400,120,2022,11,3,143,2.0
3401,339,2020,4,3,67,5.0
3402,1180,2021,9,2,15,5.0
3403,511,2022,8,4,134,3.0
3404,1369,2019,4,3,96,5.0
3405,824,2021,11,2,86,5.0
3406,1177,2023,3,5,10,3.0
3407,950,2021,11,4,146,4.0
3408,731,2021,7,4,12,3.0
3409,685,2024,6,3,92,5.0
3410,1395,2022,3,3,90,4.0
3411,1029,2023,1,2,78,4.0
3412,1189,2019,9,2,83,2.0
3413,1155,2024,9,3,60,4.0
3414,416,2023,11,4,86,5.0
3415,1827,2023,12,3,55,3.0
3416,1127,2023,4,4,72,3.0
3417,1437,2022,7,2,102,3.0
3418,1764,2022,11,2,112,2.0
3419,1850,2022,7,3,24,3.0
3420,1334,2021,9,4,149,4.0
3421,1575,2023,9,1,15,2.0
3422,944,2021,12,2,42,2.0
3423,1476,2023,5,4,53,3.0
3424,644,2021,3,3,49,4.0
3425,1424,2021,11,2,53,4.0
3426,172,2019,6,3,49,3.0
3427,1829,2024,3,5,66,3.0
3428,490,2023,8,3,115,4.0
3429,1314,2020,11,4,125,4.0
3430,23,2019,10,2,53,5.0
3431,312,2024,5,3,39,4.0
3432,1974,2019,11,2,102,2.0
3433,1667,2021,1,5,9,3.0
3434,445,2019,11,2,67,5.0
3435,262,2023,3,5,34,5.0
3436,1630,2020,3,3,92,3.0
3437,1981,2021,4,3,12,4.0
3438,338,2022,6,3,125,3.0
3439,1328,2021,1,2,41,5.0
3440,568,2023,9,2,78,2.0
3441,1489,2022,2,2,86,5.0
3442,837,2021,2,4,72,4.0
3443,251,2020,1,4,68,3.0
3444,649,2021,12,5,41,2.0
3445,1078,2020,1,1,116,3.0
3446,1597,2022,9,4,78,3.0
3447,43,2023,8,2,33,3.0
3448,1916,2022,10,3,40,4.0
3449,1300,2019,6,2,66,5.0
3450,1751,2024,11,5,127,4.0
3451,1861,2023,6,3,145,3.0
3452,308,2023,3,3,59,5.0
3453,188,2019,11,2,60,3.0
3454,1554,2023,6,3,20,5.0
3455,376,2021,1,1,82,4.0
3456,296,2024,8,3,36,5.0
3457,938,2023,4,3,123,2.0
3458,1827,2024,10,1,81,3.0
3459,1592,2019,2,1,34,3.0
3460,1036,2022,9,2,138,4.0
3461,393,2023,10,3,123,4.0
3462,673,2022,2,2,46,4.0
3463,1377,2023,8,1,19,2.0
3464,315,2023,8,1,40,5.0
3465,1049,2019,12,2,57,4.0
3466,24,2020,4,3,61,4.0
3467,651,2022,6,3,124,3.0
3468,496,2021,5,2,146,3.0
3469,1363,2021,5,3,113,4.0
3470,1829,2024,12,3,127,4.0
3471,293,2019,8,2,19,4.0
3472,1595,2022,2,5,23,4.0
3473,1312,2020,11,3,137,3.0
3474,1940,2019,2,3,93,3.0
3475,1824,2021,11,3,36,3.0
3476,202,2021,5,3,119,5.0
3477,1487,2021,9,2,27,3.0
3478,1185,2019,11,1,116,3.0
3479,227,2023,11,4,133,5.0
3480,515,2021,2,5,74,5.0
3481,1854,2022,5,5,99,3.0
3482,1086,2022,1,3,110,2.0
3483,677,2022,8,5,133,4.0
3484,641,2022,6,4,88,3.0
3485,1676,2020,12,3,45,3.0
3486,567,2021,8,5,31,4.0
3487,318,2022,6,5,54,3.0
3488,1148,2019,2,3,9,3.0
3489,1986,2023,4,4,105,5.0
3490,367,2021,10,4,56,4.0
3491,511,2020,2,3,107,4.0
3492,939,2019,11,3,10,4.0
3493,400,2020,8,1,49,2.0
3494,1302,2021,7,5,60,4.0
3495,508,2024,6,1,14,3.0
3496,257,2022,1,1,125,4.0
3497,523,2021,3,2,90,5.0
3498,1862,2019,7,2,127,3.0
3499,1870,2020,6,2,121,5.0
3500,1012,2024,3,1,6,4.0
3501,801,2019,10,4,130,4.0
3502,1640,2022,6,3,11,2.0
3503,389,2022,5,5,131,4.0
3504,1308,2020,10,4,101,5.0
3505,1361,2024,2,3,123,1.0
3506,1421,2021,1,2,75,2.0
3507,436,2022,4,2,25,4.0
3508,1433,2019,1,5,23,4.0
3509,1224,2024,5,3,18,4.0
3510,1751,2019,2,4,121,4.0
3511,349,2020,8,5,81,2.0
3512,1228,2024,1,2,33,4.0
3513,1660,2022,3,5,19,3.0
3514,557,2023,4,4,12,5.0
3515,1488,2020,8,3,39,3.0
3516,200,2023,5,5,113,2.0
3517,1437,2024,10,3,134,3.0
3518,1213,2022,10,2,92,4.0
3519,386,2020,5,2,150,4.0
3520,133,2024,1,4,60,4.0
3521,1491,2019,12,4,50,3.0
3522,483,2024,5,2,104,3.0
3523,995,2019,7,2,21,5.0
3524,122,2019,12,1,137,5.0
3525,1927,2019,8,3,118,4.0
3526,1098,2020,7,3,6,5.0
3527,1864,2023,5,4,29,2.0
3528,321,2021,10,1,95,5.0
3529,412,2019,3,1,111,3.0
3530,1221,2021,6,1,33,2.0
3531,1209,2024,5,5,113,5.0
3532,1582,2022,2,3,72,4.0
3533,1857,2023,4,2,102,5.0
3534,1644,2020,3,1,64,4.0
3535,281,2022,2,1,69,2.0
3536,620,2023,10,4,59,4.0
3537,1828,2023,9,3,24,3.0
3538,1098,2019,11,4,29,4.0
3539,1735,2022,1,2,26,4.0
3540,1127,2023,6,3,121,3.0
3541,100,2019,8,3,64,2.0
3542,946,2021,6,2,57,5.0
3543,1650,2022,1,2,129,4.0
3544,1311,2019,6,1,134,3.0
3545,266,2023,2,4,36,4.0
3546,421,2024,1,3,54,3.0
3547,1709,2022,9,3,62,2.0
3548,1959,2021,2,3,126,4.0
3549,1506,2019,4,2,101,3.0
3550,197,2023,12,4,82,4.0
3551,1239,2024,12,4,36,3.0
3552,1659,2024,1,2,58,2.0
3553,1281,2022,5,4,5,2.0
3554,1189,2019,5,2,106,3.0
3555,935,2020,8,3,138,4.0
3556,490,2020,9,3,118,4.0
3557,562,2019,1,4,47,4.0
3558,1492,2019,6,2,73,5.0
3559,140,2022,4,2,144,3.0
3560,169,2019,12,5,64,4.0
3561,794,2019,4,5,126,3.0
3562,1549,2024,1,4,87,3.0
3563,1315,2022,8,2,75,5.0
3564,1180,2023,11,3,88,4.0
3565,1069,2020,10,3,34,4.0
3566,222,2021,2,1,64,2.0
3567,664,2022,9,1,46,5.0
3568,160,2023,3,4,114,4.0
3569,1517,2021,2,1,92,3.0
3570,1502,2024,7,2,60,4.0
3571,517,2023,10,2,124,4.0
3572,586,2020,11,3,68,3.0
3573,635,2019,8,4,143,2.0
3574,1779,2019,5,2,91,3.0
3575,978,2024,8,4,133,2.0
3576,1525,2023,4,2,149,4.0
3577,898,2021,2,2,50,4.0
3578,1397,2023,5,2,40,4.0
3579,1057,2024,3,3,126,4.0
3580,558,2019,2,5,35,5.0
3581,1753,2024,9,4,113,3.0
3582,1418,2021,11,2,27,2.0
3583,1539,2021,9,5,131,4.0
3584,1897,2019,11,3,104,5.0
3585,498,2023,6,3,79,4.0
3586,184,2022,9,5,68,4.0
3587,1165,2019,3,4,96,5.0
3588,653,2022,6,4,59,4.0
3589,872,2019,2,2,60,4.0
3590,470,2020,8,1,31,3.0
3591,797,2022,6,4,24,4.0
3592,787,2023,7,3,134,4.0
3593,702,2019,11,4,113,3.0
3594,1485,2021,1,4,67,4.0
3595,1186,2020,6,5,125,4.0
3596,949,2023,5,2,92,4.0
3597,226,2023,9,2,90,4.0
3598,1142,2022,8,2,17,4.0
3599,351,2023,9,1,81,4.0
3600,629,2021,11,3,17,3.0
3601,830,2022,4,3,103,3.0
3602,283,2020,5,1,11,2.0
3603,779,2024,5,3,78,3.0
3604,534,2020,10,2,56,2.0
3605,1700,2024,6,3,20,4.0
3606,1720,2023,10,3,71,4.0
3607,10,2024,3,2,31,3.0
3608,1205,2022,12,3,37,4.0
3609,1282,2021,6,3,134,5.0
3610,756,2020,12,3,53,4.0
3611,939,2020,6,3,61,3.0
3612,1580,2024,1,1,1,5.0
3613,756,2019,4,4,46,5.0
3614,129,2023,6,5,53,4.0
3615,746,2023,2,1,108,3.0
3616,508,2019,10,2,18,4.0
3617,766,2024,5,4,140,3.0
3618,461,2019,10,4,20,3.0
3619,300,2019,12,2,98,4.0
3620,1971,2022,1,3,1,3.0
3621,258,2019,4,5,123,4.0
3622,1413,2019,8,2,105,4.0
3623,1436,2022,11,3,126,3.0
3624,1236,2024,11,4,140,4.0
3625,1823,2019,3,1,126,3.0
3626,10,2022,3,5,94,3.0
3627,604,2022,3,5,126,5.0
3628,369,2019,5,4,15,3.0
3629,1154,2019,8,3,97,2.0
3630,1272,2021,5,3,149,4.0
3631,1796,2023,9,3,57,3.0
3632,760,2020,5,2,147,4.0
3633,472,2021,8,2,76,5.0
3634,1849,2021,7,1,71,3.0
3635,1346,2023,4,2,46,5.0
3636,1530,2020,1,4,17,4.0
3637,890,2023,3,4,132,5.0
3638,895,2023,10,2,109,4.0
3639,779,2022,9,3,61,3.0
3640,1500,2023,2,3,145,1.0
3641,422,2020,5,3,28,3.0
3642,1951,2024,10,3,117,3.0
3643,352,2020,10,2,68,5.0
3644,922,2020,1,1,94,5.0
3645,630,2022,10,2,6,3.0
3646,1286,2021,10,5,92,4.0
3647,1362,2021,2,5,102,3.0
3648,1838,2023,5,3,147,3.0
3649,1579,2022,1,3,52,2.0
3650,498,2021,8,3,11,3.0
3651,414,2023,11,3,10,3.0
3652,1774,2021,3,2,23,5.0
3653,976,2024,5,1,45,2.0
3654,196,2024,7,1,125,4.0
3655,1650,2021,1,5,30,2.0
3656,1297,2023,4,4,22,5.0
3657,52,2023,3,3,5,4.0
3658,1566,2024,1,4,58,3.0
3659,1215,2021,9,3,91,3.0
3660,1230,2021,9,3,43,3.0
3661,1730,2020,1,4,75,4.0
3662,992,2022,2,1,37,5.0
3663,923,2022,1,2,121,3.0
3664,1235,2021,12,3,4,3.0
3665,396,2020,7,1,31,3.0
3666,304,2021,7,3,85,2.0
3667,1688,2022,2,4,127,2.0
3668,432,2019,1,4,61,3.0
3669,1009,2022,12,2,11,3.0
3670,540,2024,12,2,83,5.0
3671,461,2020,7,5,41,5.0
3672,1196,2021,2,5,46,3.0
3673,1605,2019,1,2,139,4.0
3674,884,2022,11,4,142,3.0
3675,278,2021,7,4,39,3.0
3676,489,2024,4,2,89,4.0
3677,330,2024,1,2,82,5.0
3678,1766,2023,7,5,145,4.0
3679,640,2020,11,4,142,2.0
3680,748,2020,11,3,53,4.0
3681,143,2021,9,5,4,5.0
3682,893,2022,1,4,1,4.0
3683,1828,2019,10,1,1,3.0
3684,820,2021,9,3,118,4.0
3685,1303,2019,11,4,111,4.0
3686,364,2020,2,1,125,5.0
3687,286,2021,11,1,21,4.0
3688,1464,2019,9,4,9,5.0
3689,132,2020,10,4,26,3.0
3690,897,2022,2,2,94,4.0
3691,634,2024,11,2,2,3.0
3692,33,2023,1,4,100,5.0
3693,1063,2020,3,2,134,5.0
3694,1929,2024,2,1,22,4.0
3695,139,2021,3,5,111,4.0
3696,1632,2021,8,4,83,4.0
3697,1079,2024,12,3,142,2.0
3698,1448,2021,12,3,37,3.0
3699,194,2023,2,3,35,3.0
3700,1739,2019,12,2,3,3.0
3701,23,2020,2,5,106,3.0
3702,1814,2024,9,3,131,3.0
3703,1316,2020,3,3,3,2.0
3704,675,2024,10,3,74,4.0
3705,15,2021,5,3,109,2.0
3706,1222,2024,11,2,118,4.0
3707,175,2021,7,3,140,4.0
3708,1218,2021,7,3,109,4.0
3709,1547,2021,6,4,139,2.0
3710,535,2020,3,4,150,5.0
3711,478,2024,7,1,140,5.0
3712,444,2022,8,3,66,4.0
3713,450,2022,2,2,62,4.0
3714,228,2021,2,3,65,4.0
3715,500,2023,6,4,143,4.0
3716,1319,2021,10,4,43,4.0
3717,606,2020,5,2,113,2.0
3718,1562,2019,5,4,94,3.0
3719,1639,2024,12,1,10,4.0
3720,1522,2019,4,1,73,4.0
3721,1080,2024,5,2,30,3.0
3722,633,2021,11,2,110,2.0
3723,1860,2019,7,3,68,4.0
3724,411,2024,2,2,54,5.0
3725,930,2023,3,3,10,2.0
3726,908,2023,12,1,20,5.0
3727,1492,2022,10,3,115,5.0
3728,1094,2023,12,2,130,5.0
3729,1600,2019,6,2,44,3.0
3730,1839,2020,8,3,125,4.0
3731,782,2022,2,1,83,4.0
3732,1750,2023,9,2,53,4.0
3733,340,2022,7,4,68,4.0
3734,1833,2021,1,2,104,4.0
3735,356,2023,11,4,137,3.0
3736,1701,2019,6,2,74,3.0
3737,781,2022,12,4,52,5.0
3738,1930,2021,11,2,115,3.0
3739,259,2021,6,5,79,2.0
3740,931,2019,1,2,59,5.0
3741,1804,2024,2,5,69,3.0
3742,95,2024,4,2,81,3.0
3743,531,2024,4,4,22,4.0
3744,168,2024,5,2,9,3.0
3745,643,2022,12,1,100,3.0
3746,781,2020,9,1,27,5.0
3747,1238,2019,3,1,80,3.0
3748,516,2022,9,3,118,3.0
3749,318,2024,1,3,33,1.0
3750,340,2021,1,3,58,4.0
3751,1877,2024,8,3,147,3.0
3752,1907,2019,3,1,6,4.0
3753,443,2020,6,3,114,2.0
3754,391,2022,10,4,26,4.0
3755,109,2021,5,2,136,3.0
3756,1919,2023,3,4,62,5.0
3757,1413,2021,12,2,2,4.0
3758,1522,2023,4,3,108,3.0
3759,582,2020,8,4,23,5.0
3760,1282,2019,2,3,55,4.0
3761,120,2022,2,3,76,3.0
3762,1353,2022,10,2,112,4.0
3763,1160,2022,11,3,63,4.0
3764,663,2019,1,3,129,4.0
3765,1421,2021,12,5,73,4.0
3766,1293,2019,4,4,52,3.0
3767,878,2023,12,1,51,4.0
3768,374,2019,7,3,121,4.0
3769,48,2024,10,3,100,5.0
3770,1876,2019,1,4,20,2.0
3771,563,2022,2,2,113,2.0
3772,604,2021,12,4,63,3.0
3773,1363,2019,2,3,53,3.0
3774,511,2021,11,1,15,3.0
3775,752,2019,2,1,150,3.0
3776,1423,2023,8,3,8,4.0
3777,1191,2024,5,4,150,3.0
3778,1313,2020,6,2,10,2.0
3779,10,2021,9,2,76,2.0
3780,903,2019,2,2,16,3.0
3781,951,2021,5,2,74,3.0
3782,1265,2024,7,3,126,4.0
3783,303,2022,5,2,89,4.0
3784,319,2024,3,4,82,2.0
3785,1525,2023,1,2,18,5.0
3786,1347,2019,8,4,143,3.0
3787,1623,2019,1,5,57,4.0
3788,542,2021,2,2,81,4.0
3789,1996,2024,3,5,135,3.0
3790,546,2020,9,4,95,4.0
3791,1302,2019,2,4,111,2.0
3792,325,2024,4,2,28,5.0
3793,1838,2020,1,4,70,3.0
3794,665,2021,7,3,82,4.0
3795,1605,2023,3,2,27,4.0
3796,663,2019,2,5,58,3.0
3797,1582,2020,4,5,125,5.0
3798,909,2023,4,1,140,3.0
3799,125,2019,1,3,124,2.0
3800,381,2023,6,5,141,4.0
3801,1367,2022,7,3,150,3.0
3802,387,2020,6,3,30,3.0
3803,551,2022,6,2,129,4.0
3804,1084,2020,12,3,94,4.0
3805,507,2024,4,3,129,4.0
3806,258,2021,5,4,96,3.0
3807,1249,2023,7,3,19,3.0
3808,1378,2020,2,3,85,3.0
3809,1467,2024,12,1,115,3.0
3810,1888,2020,7,4,19,3.0
3811,249,2022,9,1,76,3.0
3812,854,2023,4,3,99,3.0
3813,468,2024,9,4,70,1.0
3814,1803,2023,11,4,120,4.0
3815,1080,2023,7,1,20,5.0
3816,197,2023,3,4,52,2.0
3817,1385,2021,9,1,143,4.0
3818,86,2023,11,1,78,3.0
3819,549,2022,9,4,28,2.0
3820,1443,2022,8,2,18,2.0
3821,1013,2020,6,3,89,3.0
3822,1523,2021,3,5,140,4.0
3823,1143,2019,9,2,8,4.0
3824,1687,2023,5,4,17,3.0
3825,1126,2019,3,3,57,4.0
3826,114,2019,6,3,32,3.0
3827,143,2020,1,3,19,3.0
3828,1554,2019,7,3,45,4.0
3829,78,2023,7,4,97,4.0
3830,754,2019,5,4,124,4.0
3831,33,2021,9,2,46,3.0
3832,607,2023,8,3,106,3.0
3833,1191,2022,5,3,124,4.0
3834,347,2022,9,4,2,3.0
3835,933,2021,2,1,128,3.0
3836,1993,2021,7,2,28,2.0
3837,141,2023,2,2,103,4.0
3838,128,2021,8,3,113,3.0
3839,543,2023,1,2,127,4.0
3840,1655,2023,11,3,61,3.0
3841,812,2020,1,5,99,4.0
3842,1279,2019,6,1,4,5.0
3843,68,2021,8,3,68,4.0
3844,1471,2021,5,1,145,3.0
3845,135,2019,3,3,24,5.0
3846,1424,2023,3,2,23,3.0
3847,296,2022,11,5,106,3.0
3848,1717,2022,2,2,77,3.0
3849,593,2023,9,5,69,5.0
3850,368,2021,4,1,38,5.0
3851,674,2022,1,4,26,3.0
3852,2,2020,5,2,111,3.0
3853,331,2023,2,2,54,4.0
3854,1198,2024,10,4,117,5.0
3855,602,2024,10,2,67,4.0
3856,708,2021,3,3,60,5.0
3857,1615,2019,10,4,35,4.0
3858,248,2024,9,3,99,4.0
3859,792,2022,9,1,43,4.0
3860,373,2023,1,5,137,4.0
3861,966,2020,2,3,62,4.0
3862,664,2024,2,4,123,3.0
3863,93,2024,10,4,71,4.0
3864,141,2019,4,4,63,5.0
3865,1705,2022,7,3,68,5.0
3866,114,2021,6,1,67,5.0
3867,1566,2022,12,4,72,3.0
3868,1833,2020,3,4,134,3.0
3869,932,2019,10,4,106,3.0
3870,625,2020,2,4,6,4.0
3871,1553,2022,12,2,9,4.0
3872,1965,2020,7,2,4,3.0
3873,241,2021,4,2,104,3.0
3874,1929,2021,5,3,31,4.0
3875,1888,2023,9,3,58,3.0
3876,286,2021,5,1,125,3.0
3877,110,2019,1,3,20,5.0
3878,1430,2022,4,2,23,4.0
3879,156,2020,11,3,12,3.0
3880,1202,2020,5,2,43,3.0
3881,130,2023,6,2,14,
3882,1382,2020,3,3,95,5.0
3883,464,2019,1,2,111,5.0
3884,193,2021,4,3,28,5.0
3885,134,2021,11,2,79,2.0
3886,378,2023,7,5,46,5.0
3887,1082,2023,5,2,13,5.0
3888,154,2019,7,2,71,3.0
3889,1605,2023,10,4,105,3.0
3890,1209,2023,11,2,35,4.0
3891,595,2020,4,3,119,3.0
3892,1974,2021,10,4,149,2.0
3893,1318,2023,10,1,9,2.0
3894,1344,2022,1,5,25,2.0
3895,348,2021,11,3,44,4.0
3896,1422,2023,3,4,128,4.0
3897,1119,2022,10,5,22,3.0
3898,1970,2022,11,4,71,4.0
3899,956,2019,7,2,81,4.0
3900,1357,2022,4,3,20,4.0
3901,683,2020,11,3,7,4.0
3902,81,2024,6,3,18,4.0
3903,256,2020,10,4,9,4.0
3904,1735,2019,9,2,76,4.0
3905,1477,2021,4,3,141,3.0
3906,730,2021,7,3,54,5.0
3907,1396,2021,3,2,39,3.0
3908,9,2024,1,3,36,4.0
3909,75,2020,9,1,148,5.0
3910,1015,2024,3,3,144,4.0
3911,1250,2019,7,1,98,3.0
3912,1875,2022,2,4,70,3.0
3913,1520,2019,8,2,24,4.0
3914,515,2020,3,3,140,4.0
3915,1631,2019,3,3,1,3.0
3916,984,2020,2,3,25,3.0
3917,1653,2021,12,3,102,3.0
3918,348,2024,8,4,28,3.0
3919,53,2023,8,1,17,5.0
3920,116,2023,5,3,90,3.0
3921,1982,2021,11,3,4,4.0
3922,162,2020,1,3,41,5.0
3923,1879,2020,5,4,97,4.0
3924,1455,2019,1,3,28,5.0
3925,293,2022,9,2,114,3.0
3926,1729,2023,12,3,15,4.0
3927,289,2022,10,3,92,4.0
3928,287,2022,2,1,12,5.0
3929,1152,2021,10,3,110,4.0
3930,577,2024,4,4,113,2.0
3931,582,2024,5,4,120,4.0
3932,391,2021,7,1,43,4.0
3933,1216,2023,6,4,36,3.0
3934,54,2021,3,2,147,3.0
3935,491,2019,7,2,110,4.0
3936,1107,2020,3,3,28,3.0
3937,974,2024,9,3,5,3.0
3938,1400,2021,1,3,54,5.0
3939,433,2024,10,4,100,5.0
3940,1296,2020,12,2,57,4.0
3941,1520,2021,9,3,122,3.0
3942,777,2019,8,2,76,2.0
3943,514,2023,6,1,149,3.0
3944,1111,2020,7,2,131,5.0
3945,1158,2019,7,4,71,4.0
3946,189,2020,11,3,126,4.0
3947,1131,2022,2,3,68,4.0
3948,309,2023,8,3,2,4.0
3949,1138,2024,7,2,47,3.0
3950,1864,2020,4,1,62,3.0
3951,1075,2022,5,3,147,4.0
3952,1524,2021,6,4,125,4.0
3953,620,2023,1,4,22,5.0
3954,1846,2023,6,2,1,4.0
3955,1626,2019,3,3,80,3.0
3956,1834,2019,5,3,81,1.0
3957,1484,2022,4,4,111,4.0
3958,1299,2022,10,2,39,2.0
3959,1051,2024,12,1,122,4.0
3960,1857,2024,2,5,62,5.0
3961,1697,2019,4,1,51,3.0
3962,834,2022,2,5,64,4.0
3963,172,2021,6,3,142,4.0
3964,8,2021,5,3,59,4.0
3965,467,2019,6,2,85,4.0
3966,126,2024,1,4,134,2.0
3967,424,2019,11,2,3,3.0
3968,219,2024,12,3,81,4.0
3969,1963,2024,11,1,107,5.0
3970,191,2023,6,1,136,4.0
3971,1254,2019,9,4,10,3.0
3972,704,2021,1,2,110,2.0
3973,349,2019,8,3,121,2.0
3974,1403,2022,8,4,53,5.0
3975,1942,2024,9,3,112,3.0
3976,1582,2022,10,3,75,2.0
3977,1951,2019,1,2,99,3.0
3978,1181,2020,5,4,59,4.0
3979,1348,2020,6,2,27,4.0
3980,293,2021,6,3,125,5.0
3981,1705,2021,7,4,33,4.0
3982,1496,2023,9,4,29,3.0
3983,509,2020,8,1,133,4.0
3984,710,2020,3,2,141,4.0
3985,1222,2020,8,4,92,5.0
3986,26,2024,8,4,88,4.0
3987,1636,2020,3,3,55,5.0
3988,562,2024,8,1,92,4.0
3989,150,2022,7,3,92,2.0
3990,662,2020,10,5,78,3.0
3991,1672,2022,5,1,99,4.0
3992,549,2019,11,4,84,3.0
3993,1079,2024,7,3,132,4.0
3994,1624,2024,12,4,101,3.0
3995,68,2020,2,1,58,4.0
3996,1520,2020,2,1,99,5.0
3997,578,2021,3,2,35,3.0
3998,1392,2023,10,4,33,3.0
3999,377,2022,7,3,125,5.0
4000,279,2019,9,3,88,5.0
4001,1577,2019,1,5,9,2.0
4002,1616,2020,5,2,54,4.0
4003,1963,2023,5,4,148,4.0
4004,1355,2020,12,1,96,4.0
4005,932,2024,2,2,131,3.0
4006,390,2020,11,3,83,3.0
4007,591,2024,5,5,7,1.0
4008,1297,2024,10,4,27,3.0
4009,693,2023,4,1,14,2.0
4010,968,2020,1,5,111,3.0
4011,337,2019,9,4,114,3.0
4012,879,2020,3,4,69,3.0
4013,476,2022,2,3,109,5.0
4014,225,2023,12,2,83,5.0
4015,264,2024,3,1,111,4.0
4016,1037,2024,12,3,101,4.0
4017,733,2020,5,1,69,2.0
4018,200,2021,4,3,98,4.0
4019,1029,2023,6,3,48,3.0
4020,329,2023,4,3,113,2.0
4021,31,2020,12,4,138,2.0
4022,266,2019,8,3,32,3.0
4023,898,2019,9,3,101,3.0
4024,1909,2023,1,1,17,3.0
4025,484,2021,3,2,57,3.0
4026,570,2023,8,1,101,3.0
4027,486,2023,6,1,42,3.0
4028,711,2024,12,3,36,4.0
4029,1435,2021,9,3,58,3.0
4030,645,2022,4,5,18,2.0
4031,1316,2020,6,1,94,3.0
4032,1797,2024,9,1,20,4.0
4033,1893,2024,5,4,50,4.0
4034,1126,2021,7,1,47,2.0
4035,1427,2021,10,3,146,3.0
4036,1839,2023,4,4,149,3.0
4037,1574,2021,2,3,12,5.0
4038,600,2023,5,2,24,4.0
4039,265,2019,3,1,110,2.0
4040,230,2020,7,5,45,4.0
4041,1765,2023,11,4,97,5.0
4042,1113,2024,10,4,139,3.0
4043,593,2019,9,2,25,3.0
4044,692,2023,7,3,145,4.0
4045,564,2019,11,4,8,3.0
4046,1604,2024,12,1,35,3.0
4047,1225,2020,10,5,77,5.0
4048,1759,2021,2,5,133,4.0
4049,604,2023,4,2,84,4.0
4050,946,2024,12,2,21,5.0
4051,244,2021,1,2,38,3.0
4052,1943,2020,7,3,115,2.0
4053,1024,2024,8,3,85,4.0
4054,1107,2024,5,3,2,5.0
4055,828,2022,9,3,76,1.0
4056,542,2019,1,2,61,4.0
4057,1897,2024,3,2,1,4.0
4058,978,2022,4,3,38,3.0
4059,1350,2022,3,3,141,3.0
4060,75,2019,6,5,106,4.0
4061,552,2024,6,1,11,4.0
4062,1609,2023,12,4,3,2.0
4063,176,2020,6,2,52,3.0
4064,203,2021,10,4,70,4.0
4065,1620,2021,2,2,69,4.0
4066,618,2024,1,2,105,2.0
4067,548,2021,5,3,27,4.0
4068,1131,2024,4,4,8,2.0
4069,390,2023,12,2,101,4.0
4070,86,2021,6,2,135,3.0
4071,9,2021,6,3,26,4.0
4072,159,2023,11,3,55,3.0
4073,318,2021,11,1,94,3.0
4074,1393,2023,10,1,25,4.0
4075,596,2019,6,4,129,4.0
4076,144,2021,3,2,34,5.0
4077,29,2022,1,2,80,3.0
4078,955,2021,1,2,51,2.0
4079,1681,2024,10,3,101,4.0
4080,678,2020,2,5,30,5.0
4081,128,2024,5,4,15,3.0
4082,457,2019,7,4,77,4.0
4083,999,2021,7,3,130,4.0
4084,378,2022,2,2,95,5.0
4085,1957,2020,7,5,114,3.0
4086,1527,2022,3,1,66,3.0
4087,690,2024,5,4,22,2.0
4088,1904,2021,10,2,65,5.0
4089,651,2022,6,3,149,3.0
4090,281,2024,5,5,118,5.0
4091,1877,2024,1,4,106,3.0
4092,1920,2019,12,4,46,4.0
4093,626,2023,8,4,90,3.0
4094,1190,2024,10,3,94,3.0
4095,347,2024,6,2,99,3.0
4096,1284,2023,4,3,134,3.0
4097,1381,2019,4,2,103,3.0
4098,1420,2023,1,3,34,2.0
4099,1138,2024,11,1,34,4.0
4100,1409,2022,7,4,93,2.0
4101,1111,2019,5,4,130,4.0
4102,1640,2020,9,1,143,2.0
4103,360,2020,2,3,92,4.0
4104,967,2024,6,4,80,5.0
4105,833,2019,6,4,123,4.0
4106,1067,2023,11,2,147,3.0
4107,285,2020,10,3,5,3.0
4108,648,2023,10,2,47,
4109,1909,2019,4,4,51,3.0
4110,211,2020,7,4,85,4.0
4111,1271,2019,12,1,45,3.0
4112,1330,2022,1,2,47,2.0
4113,950,2023,8,1,4,4.0
4114,68,2021,5,2,1,4.0
4115,69,2022,9,1,68,
4116,552,2022,6,4,150,3.0
4117,206,2021,9,3,45,3.0
4118,189,2023,4,3,37,4.0
4119,321,2020,11,4,40,3.0
4120,382,2020,11,4,146,3.0
4121,1677,2020,8,2,100,4.0
4122,1278,2020,6,4,98,
4123,61,2019,2,3,29,3.0
4124,1257,2019,3,2,136,1.0
4125,274,2019,5,1,30,4.0
4126,843,2019,10,4,146,2.0
4127,77,2022,12,2,143,2.0
4128,181,2020,8,1,86,3.0
4129,266,2022,12,3,131,4.0
4130,867,2019,3,5,150,3.0
4131,927,2023,9,4,88,4.0
4132,706,2021,7,4,116,2.0
4133,1241,2021,2,2,89,2.0
4134,1441,2023,9,4,79,3.0
4135,1458,2024,11,3,51,2.0
4136,1159,2023,6,5,99,5.0
4137,1092,2021,4,3,41,3.0
4138,984,2021,4,3,30,4.0
4139,476,2021,8,5,42,4.0
4140,974,2019,9,5,2,4.0
4141,21,2021,3,1,141,3.0
4142,1933,2023,9,2,39,5.0
4143,741,2020,9,3,120,2.0
4144,1513,2021,1,1,66,1.0
4145,1914,2019,5,2,51,4.0
4146,994,2020,3,2,35,3.0
4147,1724,2019,10,3,124,3.0
4148,959,2021,8,3,78,3.0
4149,265,2020,7,2,68,3.0
4150,53,2024,3,3,99,3.0
4151,272,2022,6,2,121,4.0
4152,1886,2021,12,5,99,3.0
4153,951,2022,12,1,71,3.0
4154,639,2024,2,4,135,3.0
4155,893,2020,6,5,135,5.0
4156,512,2020,9,3,145,4.0
4157,1742,2022,4,3,14,2.0
4158,1999,2019,12,1,134,4.0
4159,170,2022,6,2,29,2.0
4160,1438,2019,5,2,94,3.0
4161,672,2024,12,3,99,1.0
4162,95,2023,8,5,31,3.0
4163,1845,2019,1,1,2,3.0
4164,124,2022,2,3,142,5.0
4165,412,2020,12,4,134,5.0
4166,52,2022,8,3,27,4.0
4167,943,2022,11,3,91,4.0
4168,1200,2024,12,3,23,4.0
4169,642,2020,9,3,85,4.0
4170,144,2022,12,1,48,5.0
4171,233,2024,12,3,113,2.0
4172,1867,2019,5,3,87,3.0
4173,1612,2020,8,2,75,3.0
4174,1874,2023,10,3,103,3.0
4175,1062,2019,12,3,72,3.0
4176,1093,2020,10,3,2,5.0
4177,1572,2024,10,3,90,5.0
4178,1234,2022,4,3,117,5.0
4179,873,2019,6,4,74,3.0
4180,584,2024,10,2,27,4.0
4181,972,2022,2,3,2,4.0
4182,128,2021,2,3,45,3.0
4183,385,2024,10,3,116,4.0
4184,1475,2020,12,4,49,5.0
4185,1737,2021,6,4,144,4.0
4186,204,2022,11,1,50,2.0
4187,194,2020,5,3,65,3.0
4188,172,2019,7,1,115,4.0
4189,1584,2019,12,4,93,5.0
4190,623,2020,5,5,7,4.0
4191,654,2019,11,3,12,4.0
4192,25,2022,12,2,30,2.0
4193,1946,2024,9,1,131,5.0
4194,869,2020,1,2,4,5.0
4195,1595,2019,12,3,11,3.0
4196,1416,2019,6,4,117,4.0
4197,284,2019,4,3,94,4.0
4198,1603,2022,6,5,148,3.0
4199,1101,2021,6,2,33,3.0
4200,1209,2021,5,1,99,
4201,401,2023,9,3,21,3.0
4202,1694,2021,2,2,89,3.0
4203,1864,2022,8,2,16,5.0
4204,814,2024,4,1,137,4.0
4205,185,2020,10,3,63,4.0
4206,1698,2019,12,2,39,3.0
4207,1775,2020,6,5,148,2.0
4208,1013,2019,10,4,10,4.0
4209,1159,2023,4,4,120,4.0
4210,447,2024,11,2,77,4.0
4211,135,2022,7,1,104,3.0
4212,1889,2019,7,3,40,3.0
4213,966,2024,2,1,133,4.0
4214,550,2024,8,3,68,3.0
4215,1387,2021,10,1,63,4.0
4216,53,2023,7,3,69,3.0
4217,160,2022,2,3,45,3.0
4218,486,2022,9,3,48,5.0
4219,902,2021,8,4,22,4.0
4220,734,2020,11,2,73,4.0
4221,375,2020,12,2,72,4.0
4222,703,2021,3,3,58,1.0
4223,668,2023,4,4,148,4.0
4224,1050,2023,12,1,17,1.0
4225,1126,2019,2,4,137,4.0
4226,1767,2019,11,2,131,3.0
4227,1614,2021,2,1,4,3.0
4228,585,2023,6,3,106,3.0
4229,1806,2022,2,2,32,2.0
4230,1042,2023,12,3,7,3.0
4231,376,2023,7,1,130,3.0
4232,681,2023,11,3,18,2.0
4233,1484,2022,1,2,45,3.0
4234,1644,2019,1,2,15,5.0
4235,749,2020,7,2,22,5.0
4236,316,2023,1,4,10,3.0
4237,384,2020,7,4,127,3.0
4238,208,2023,9,2,9,3.0
4239,1398,2021,6,5,114,2.0
4240,1006,2019,10,1,24,3.0
4241,903,2023,2,4,138,4.0
4242,1344,2024,3,5,128,3.0
4243,1658,2021,2,3,95,4.0
4244,1592,2019,6,1,125,3.0
4245,275,2021,5,5,45,4.0
4246,1180,2024,7,3,118,4.0
4247,1766,2020,2,2,34,5.0
4248,1548,2019,6,4,93,5.0
4249,659,2023,10,3,138,2.0
4250,786,2020,1,3,109,3.0
4251,1781,2019,10,3,41,4.0
4252,66,2023,3,5,111,3.0
4253,1051,2021,11,3,133,4.0
4254,233,2019,10,4,134,3.0
4255,1790,2019,6,2,111,5.0
4256,78,2020,1,3,110,4.0
4257,47,2019,5,3,118,3.0
4258,658,2019,8,2,111,2.0
4259,401,2021,5,2,21,5.0
4260,991,2023,8,1,121,3.0
4261,600,2021,10,2,27,4.0
4262,713,2019,12,3,84,4.0
4263,1130,2024,5,2,51,4.0
4264,1122,2022,12,4,32,3.0
4265,1870,2024,3,4,43,2.0
4266,962,2022,12,3,13,4.0
4267,1129,2021,2,4,66,4.0
4268,1356,2022,7,3,63,4.0
4269,349,2019,9,5,61,3.0
4270,1334,2021,1,4,14,3.0
4271,1724,2021,6,2,92,4.0
4272,637,2020,4,4,26,4.0
4273,357,2024,10,3,129,4.0
4274,693,2024,6,4,4,3.0
4275,551,2021,2,2,9,3.0
4276,1171,2023,1,3,46,4.0
4277,1728,2020,1,4,62,4.0
4278,1193,2024,1,5,146,2.0
4279,252,2023,6,2,79,4.0
4280,630,2023,4,3,57,4.0
4281,1379,2022,3,2,126,4.0
4282,661,2023,5,4,37,3.0
4283,1173,2022,6,1,135,5.0
4284,1389,2024,7,5,61,3.0
4285,659,2022,6,3,47,5.0
4286,1295,2021,12,2,46,4.0
4287,797,2020,5,1,2,2.0
4288,271,2024,5,3,102,4.0
4289,745,2019,5,3,87,3.0
4290,883,2019,1,3,96,4.0
4291,5,2019,9,3,98,5.0
4292,1786,2019,7,3,5,2.0
4293,1056,2020,5,2,132,2.0
4294,73,2021,5,2,77,4.0
4295,1736,2020,7,2,104,4.0
4296,1711,2021,11,2,6,5.0
4297,25,2021,5,4,115,3.0
4298,327,2021,6,1,102,2.0
4299,728,2019,2,3,56,3.0
4300,1015,2022,4,1,141,3.0
4301,1452,2020,9,1,98,2.0
4302,849,2022,9,2,137,3.0
4303,1224,2019,10,2,124,4.0
4304,21,2024,6,2,31,4.0
4305,1318,2023,11,4,150,4.0
4306,1831,2021,7,2,112,3.0
4307,1053,2021,2,3,29,4.0
4308,910,2020,2,5,119,3.0
4309,595,2024,6,2,65,4.0
4310,1909,2023,5,3,130,3.0
4311,67,2021,2,4,26,3.0
4312,574,2022,1,2,39,3.0
4313,278,2019,8,1,53,2.0
4314,1733,2023,10,4,68,4.0
4315,966,2022,3,2,95,4.0
4316,1845,2020,3,2,34,5.0
4317,1331,2023,7,3,106,3.0
4318,1114,2019,2,1,4,4.0
4319,1035,2021,11,4,50,2.0
4320,406,2024,8,4,99,4.0
4321,1125,2023,5,4,40,4.0
4322,1371,2019,7,2,65,3.0
4323,1931,2022,2,5,91,4.0
4324,1098,2023,4,3,38,5.0
4325,1878,2022,7,3,145,3.0
4326,1890,2020,12,4,128,5.0
4327,1046,2023,11,4,146,2.0
4328,879,2021,8,3,75,4.0
4329,286,2024,5,3,52,1.0
4330,538,2024,12,3,150,5.0
4331,1759,2024,2,1,110,2.0
4332,277,2021,4,1,120,2.0
4333,795,2023,6,3,28,4.0
4334,1398,2019,7,3,131,4.0
4335,482,2023,9,4,80,3.0
4336,1949,2023,5,4,116,3.0
4337,1299,2023,12,3,124,5.0
4338,57,2019,5,2,16,3.0
4339,495,2021,8,3,15,3.0
4340,1481,2020,1,2,10,5.0
4341,1727,2024,2,4,97,4.0
4342,1854,2022,3,3,138,5.0
4343,1703,2022,1,4,5,2.0
4344,150,2021,11,1,21,2.0
4345,1460,2019,8,4,73,3.0
4346,221,2022,11,3,59,4.0
4347,154,2022,4,1,16,5.0
4348,1384,2021,2,3,92,4.0
4349,957,2022,4,2,136,4.0
4350,1296,2021,1,2,32,5.0
4351,1703,2022,4,3,1,
4352,138,2021,2,2,34,2.0
4353,1056,2023,3,2,28,2.0
4354,1669,2024,8,2,70,2.0
4355,881,2021,12,1,17,2.0
4356,1047,2019,3,2,55,2.0
4357,996,2023,12,2,18,3.0
4358,1815,2024,10,3,102,4.0
4359,100,2023,2,3,71,4.0
4360,1756,2021,1,2,12,5.0
4361,1633,2022,2,3,7,2.0
4362,1626,2021,9,1,74,4.0
4363,825,2023,9,2,89,5.0
4364,1032,2023,11,3,27,3.0
4365,738,2022,7,3,49,3.0
4366,504,2021,1,2,92,5.0
4367,1751,2020,12,2,71,3.0
4368,1012,2022,11,3,18,5.0
4369,1447,2021,9,3,59,2.0
4370,202,2024,12,3,30,5.0
4371,1578,2019,4,4,140,5.0
4372,1318,2024,7,1,121,3.0
4373,1996,2023,7,4,47,3.0
4374,268,2022,4,4,36,2.0
4375,1081,2024,12,5,21,3.0
4376,1023,2023,7,1,111,2.0
4377,1077,2019,12,4,138,2.0
4378,109,2021,4,2,41,3.0
4379,947,2024,6,2,96,5.0
4380,600,2023,12,2,36,2.0
4381,1235,2019,3,2,138,5.0
4382,465,2020,7,2,45,4.0
4383,871,2024,10,2,15,5.0
4384,1241,2019,10,3,133,4.0
4385,129,2024,10,3,142,5.0
4386,1574,2022,8,3,60,2.0
4387,1432,2023,1,3,137,5.0
4388,115,2020,4,2,37,5.0
4389,130,2021,10,3,41,4.0
4390,1701,2023,7,3,81,4.0
4391,567,2019,5,1,91,3.0
4392,1722,2019,11,5,58,3.0
4393,999,2022,5,3,120,3.0
4394,685,2019,5,3,119,1.0
4395,548,2024,5,3,19,4.0
4396,1319,2023,5,3,149,4.0
4397,220,2023,7,3,24,3.0
4398,806,2022,12,4,79,3.0
4399,692,2022,12,2,64,4.0
4400,309,2024,5,2,68,3.0
4401,706,2019,5,2,20,5.0
4402,1058,2020,11,5,52,3.0
4403,1356,2023,7,2,5,5.0
4404,173,2019,3,2,147,
4405,1745,2020,7,2,22,3.0
4406,1757,2019,10,3,73,4.0
4407,1384,2019,5,5,33,4.0
4408,1849,2021,8,3,27,5.0
4409,856,2022,10,2,59,5.0
4410,1644,2019,2,4,146,3.0
4411,1455,2024,12,5,72,3.0
4412,1126,2023,1,4,145,3.0
4413,360,2022,2,3,125,3.0
4414,1116,2019,4,3,66,1.0
4415,1803,2022,1,4,136,5.0
4416,1970,2024,8,4,53,3.0
4417,897,2020,7,3,76,3.0
4418,496,2022,5,3,103,5.0
4419,1496,2022,12,2,89,3.0
4420,152,2023,4,2,125,3.0
4421,303,2024,11,1,25,4.0
4422,1124,2019,7,4,75,4.0
4423,1981,2019,9,5,100,3.0
4424,658,2019,12,1,50,4.0
4425,887,2020,4,3,131,4.0
4426,645,2021,2,4,46,4.0
4427,882,2024,10,1,46,3.0
4428,15,2022,8,3,49,3.0
4429,1190,2023,3,4,102,4.0
4430,1193,2022,11,2,18,4.0
4431,632,2024,9,3,22,4.0
4432,529,2020,7,3,117,3.0
4433,1524,2023,2,4,32,4.0
4434,376,2020,12,2,16,4.0
4435,95,2020,7,2,40,4.0
4436,81,2024,8,1,60,3.0
4437,1764,2019,1,3,5,4.0
4438,729,2020,9,2,126,4.0
4439,204,2021,11,3,18,3.0
4440,1758,2019,10,3,61,5.0
4441,298,2023,5,4,31,5.0
4442,674,2021,3,4,45,3.0
4443,42,2021,6,2,7,3.0
4444,1359,2020,7,2,143,3.0
4445,1399,2024,4,1,141,4.0
4446,1514,2021,8,4,19,5.0
4447,527,2023,12,3,30,3.0
4448,657,2022,2,2,133,3.0
4449,1877,2024,3,4,63,4.0
4450,1644,2022,6,2,10,4.0
4451,75,2024,3,3,21,4.0
4452,1384,2023,10,3,63,5.0
4453,1626,2019,1,2,84,5.0
4454,1119,2019,1,4,95,4.0
4455,1280,2023,5,4,23,4.0
4456,2,2019,5,3,56,3.0
4457,61,2020,9,3,40,4.0
4458,71,2023,2,1,81,2.0
4459,318,2021,10,3,49,2.0
4460,1982,2020,3,3,31,4.0
4461,1269,2020,12,2,123,5.0
4462,1565,2020,7,4,86,3.0
4463,592,2024,10,3,72,4.0
4464,1876,2021,1,2,21,3.0
4465,398,2024,9,3,11,5.0
4466,1805,2023,6,4,120,3.0
4467,62,2020,7,1,146,5.0
4468,41,2019,1,4,88,3.0
4469,158,2024,8,1,6,3.0
4470,1584,2024,12,1,73,4.0
4471,515,2019,12,4,43,4.0
4472,903,2020,11,2,9,4.0
4473,943,2023,9,3,22,5.0
4474,1580,2024,3,2,75,4.0
4475,698,2024,5,1,65,5.0
4476,14,2020,1,3,85,5.0
4477,773,2024,3,3,105,5.0
4478,577,2023,4,2,40,3.0
4479,1462,2021,9,4,43,4.0
4480,1503,2021,1,1,102,2.0
4481,184,2023,12,4,30,4.0
4482,1587,2024,9,4,12,2.0
4483,141,2024,9,5,129,5.0
4484,1240,2021,7,4,32,3.0
4485,779,2020,4,4,19,4.0
4486,603,2024,7,5,111,4.0
4487,967,2020,8,4,80,5.0
4488,621,2023,11,4,23,4.0
4489,1588,2022,9,2,128,5.0
4490,1934,2022,10,4,37,3.0
4491,1632,2020,6,3,102,3.0
4492,879,2020,5,5,98,2.0
4493,1007,2022,10,4,125,3.0
4494,895,2020,8,2,110,3.0
4495,1588,2023,5,2,106,3.0
4496,1105,2024,6,2,8,4.0
4497,937,2019,7,3,141,3.0
4498,820,2024,8,3,19,4.0
4499,751,2020,5,2,39,5.0
4500,1106,2019,2,2,67,4.0
4501,1378,2024,11,2,44,4.0
4502,865,2020,4,4,89,4.0
4503,1614,2022,2,2,8,4.0
4504,1654,2019,4,1,69,4.0
4505,859,2019,11,3,53,3.0
4506,1819,2020,3,1,98,3.0
4507,347,2022,9,3,78,3.0
4508,1865,2020,5,4,114,3.0
4509,589,2020,8,2,25,5.0
4510,1129,2024,9,4,143,5.0
4511,568,2020,3,3,59,3.0
4512,885,2019,5,1,53,3.0
4513,681,2019,10,2,83,3.0
4514,1411,2024,12,2,25,5.0
4515,163,2021,11,2,123,4.0
4516,1677,2024,4,2,40,3.0
4517,1808,2023,3,5,140,4.0
4518,1126,2020,12,2,23,5.0
4519,1095,2023,9,5,130,4.0
4520,1400,2021,3,3,60,4.0
4521,399,2022,8,3,92,3.0
4522,1500,2022,4,3,131,3.0
4523,438,2023,2,4,20,2.0
4524,1353,2020,2,5,53,3.0
4525,612,2019,5,1,143,3.0
4526,1493,2023,3,2,23,4.0
4527,1583,2024,10,2,16,4.0
4528,418,2022,2,2,79,3.0
4529,1235,2019,3,1,4,4.0
4530,997,2019,8,4,149,1.0
4531,589,2022,6,1,136,3.0
4532,1177,2024,3,4,29,2.0
4533,1986,2022,1,4,26,2.0
4534,5,2020,2,3,117,3.0
4535,1914,2022,4,3,79,3.0
4536,1712,2019,4,3,124,4.0
4537,1059,2021,7,1,146,4.0
4538,1221,2024,9,2,61,3.0
4539,739,2022,2,2,39,3.0
4540,259,2019,6,2,93,5.0
4541,1143,2020,6,3,96,5.0
4542,1633,2019,2,2,65,4.0
4543,463,2021,6,2,45,3.0
4544,1435,2020,1,4,40,3.0
4545,1497,2024,4,3,79,4.0
4546,1517,2020,9,2,64,5.0
4547,681,2019,3,1,69,3.0
4548,785,2021,9,1,15,5.0
4549,833,2023,2,3,133,4.0
4550,1709,2023,6,3,107,4.0
4551,1801,2024,11,4,138,3.0
4552,829,2021,7,1,125,5.0
4553,1940,2022,10,4,93,5.0
4554,1142,2022,3,2,47,4.0
4555,771,2019,3,2,99,4.0
4556,2,2019,6,4,85,4.0
4557,1223,2023,3,4,139,2.0
4558,1290,2021,9,3,35,4.0
4559,1937,2023,5,1,4,3.0
4560,1437,2024,10,3,20,3.0
4561,60,2020,1,4,27,3.0
4562,1135,2023,5,2,100,5.0
4563,1486,2020,3,2,22,4.0
4564,994,2023,9,3,21,4.0
4565,859,2019,3,4,60,3.0
4566,1620,2020,6,3,118,3.0
4567,1223,2021,5,2,64,2.0
4568,1363,2021,9,4,41,4.0
4569,929,2019,5,4,43,2.0
4570,557,2024,9,3,123,4.0
4571,1039,2019,2,1,65,2.0
4572,1919,2024,10,2,56,3.0
4573,1206,2020,8,3,117,5.0
4574,1415,2023,2,4,56,5.0
4575,249,2023,2,3,54,4.0
4576,1976,2021,4,2,113,3.0
4577,490,2022,12,4,50,3.0
4578,1943,2019,4,2,77,5.0
4579,892,2024,6,5,100,4.0
4580,1838,2019,6,3,31,3.0
4581,1784,2022,4,3,20,3.0
4582,1511,2019,6,1,128,3.0
4583,1833,2023,3,2,45,3.0
4584,1219,2021,9,5,52,4.0
4585,1698,2021,2,4,89,4.0
4586,345,2019,7,3,16,4.0
4587,141,2020,4,3,7,2.0
4588,1087,2021,7,1,63,3.0
4589,1620,2023,7,4,146,4.0
4590,1531,2022,8,1,87,3.0
4591,1056,2020,8,2,87,3.0
4592,1042,2022,4,3,92,3.0
4593,1220,2020,8,3,130,4.0
4594,1737,2022,0,3,126,3.0
4595,1684,2022,5,5,4,5.0
4596,220,2020,3,4,82,5.0
4597,1192,2020,7,5,82,5.0
4598,762,2022,10,3,34,4.0
4599,1599,2022,8,2,147,5.0
4600,1012,2024,2,5,40,4.0
4601,1983,2021,1,1,126,3.0
4602,865,2021,4,5,16,3.0
4603,1359,2021,8,1,91,3.0
4604,218,2024,4,4,111,5.0
4605,1865,2020,12,4,76,2.0
4606,308,2021,8,3,16,3.0
4607,757,2021,11,4,19,3.0
4608,1676,2022,12,1,91,2.0
4609,1935,2023,2,2,130,4.0
4610,969,2021,11,2,90,4.0
4611,970,2020,1,5,16,5.0
4612,98,2023,2,3,118,3.0
4613,1958,2020,7,1,69,4.0
4614,33,2024,7,2,12,2.0
4615,53,2022,8,4,56,2.0
4616,947,2021,1,4,31,1.0
4617,8,2020,2,5,148,4.0
4618,329,2023,10,1,137,3.0
4619,1256,2022,8,3,16,4.0
4620,1411,2024,5,3,86,4.0
4621,597,2023,3,4,2,4.0
4622,1591,2023,3,4,69,5.0
4623,1216,2019,4,2,24,4.0
4624,457,2019,6,3,113,3.0
4625,1425,2022,10,2,11,4.0
4626,1185,2019,6,3,136,5.0
4627,1625,2024,6,2,35,3.0
4628,309,2024,12,2,40,3.0
4629,462,2022,2,2,133,2.0
4630,608,2023,1,2,136,1.0
4631,683,2021,12,3,15,5.0
4632,1778,2024,12,3,17,3.0
4633,1466,2019,5,5,129,3.0
4634,1089,2020,3,2,147,4.0
4635,1081,2023,2,3,74,5.0
4636,1772,2023,2,5,25,4.0
4637,894,2020,11,3,23,5.0
4638,451,2023,9,4,40,3.0
4639,274,2021,11,5,103,5.0
4640,661,2024,7,4,15,3.0
4641,1307,2020,8,1,97,3.0
4642,942,2023,11,2,121,3.0
4643,844,2020,5,2,22,4.0
4644,961,2019,7,3,148,
4645,1950,2023,4,3,149,3.0
4646,1996,2023,7,1,45,4.0
4647,323,2020,3,3,17,3.0
4648,229,2022,3,3,49,3.0
4649,489,2024,5,3,39,3.0
4650,1704,2021,12,2,42,5.0
4651,920,2022,4,2,139,4.0
4652,1728,2020,8,3,24,4.0
4653,1294,2022,7,1,48,4.0
4654,1107,2024,8,3,119,3.0
4655,564,2022,2,3,9,2.0
4656,689,2019,10,3,10,5.0
4657,296,2023,10,4,46,2.0
4658,1039,2021,2,2,146,3.0
4659,561,2019,5,2,126,4.0
4660,585,2022,11,5,140,2.0
4661,80,2020,3,4,130,4.0
4662,1599,2024,7,2,18,3.0
4663,1879,2024,10,4,61,4.0
4664,997,2023,10,3,80,3.0
4665,1073,2022,5,3,25,2.0
4666,1852,2020,9,4,149,4.0
4667,1023,2019,12,1,91,3.0
4668,1246,2019,6,3,128,3.0
4669,857,2021,12,2,39,3.0
4670,1029,2020,10,3,108,4.0
4671,1044,2024,8,2,16,4.0
4672,1423,2020,9,5,4,4.0
4673,1209,2020,3,3,97,1.0
4674,1008,2023,1,4,11,4.0
4675,152,2024,10,2,42,4.0
4676,1810,2021,9,2,120,3.0
4677,1777,2019,12,4,75,4.0
4678,369,2019,7,2,57,5.0
4679,587,2022,5,5,44,3.0
4680,1947,2024,11,3,101,5.0
4681,643,2021,12,4,144,5.0
4682,1625,2019,10,1,111,
4683,1572,2021,10,3,54,3.0
4684,1722,2019,3,2,64,5.0
4685,33,2021,11,5,16,4.0
4686,966,2021,1,1,22,4.0
4687,1132,2023,10,4,41,4.0
4688,1675,2019,3,3,59,4.0
4689,449,2021,1,4,149,4.0
4690,614,2020,9,5,131,3.0
4691,360,2021,5,4,17,2.0
4692,1524,2024,11,2,50,4.0
4693,1998,2023,4,4,9,3.0
4694,281,2024,9,3,10,3.0
4695,467,2019,8,3,57,4.0
4696,615,2023,10,2,144,3.0
4697,1779,2024,11,4,28,4.0
4698,892,2023,8,3,103,4.0
4699,564,2023,5,4,59,3.0
4700,645,2019,7,3,82,4.0
4701,1197,2023,8,3,131,3.0
4702,775,2024,12,1,125,4.0
4703,281,2020,3,1,125,4.0
4704,1641,2021,1,5,62,4.0
4705,845,2021,6,4,8,3.0
4706,514,2019,6,2,148,4.0
4707,1457,2019,11,3,150,4.0
4708,1491,2020,4,4,129,5.0
4709,311,2019,2,3,72,4.0
4710,148,2022,2,3,43,3.0
4711,91,2019,11,4,27,3.0
4712,1532,2019,8,1,56,4.0
4713,1252,2022,12,3,51,4.0
4714,1585,2020,4,3,42,3.0
4715,1253,2021,1,3,143,4.0
4716,804,2021,6,2,99,4.0
4717,1180,2021,3,2,34,4.0
4718,1445,2021,2,5,96,4.0
4719,798,2019,11,4,106,4.0
4720,1831,2019,5,5,79,5.0
4721,1800,2021,1,4,143,3.0
4722,1602,2022,3,1,145,3.0
4723,1985,2023,5,3,65,4.0
4724,781,2020,11,2,71,2.0
4725,229,2019,8,2,33,4.0
4726,969,2022,7,2,118,2.0
4727,1492,2024,7,2,140,2.0
4728,1559,2020,10,1,99,5.0
4729,778,2019,3,1,31,1.0
4730,586,2021,6,4,78,4.0
4731,891,2022,5,5,120,5.0
4732,1608,2022,1,2,7,4.0
4733,122,2019,7,1,89,4.0
4734,657,2022,9,2,99,2.0
4735,460,2021,8,4,81,3.0
4736,1612,2019,1,2,97,4.0
4737,940,2024,5,3,135,4.0
4738,174,2022,5,2,19,4.0
4739,524,2020,2,4,86,4.0
4740,89,2023,7,3,120,3.0
4741,952,2023,7,2,124,2.0
4742,1996,2020,10,5,71,4.0
4743,1135,2024,10,3,150,3.0
4744,1739,2022,11,2,49,3.0
4745,1486,2020,6,3,67,5.0
4746,1766,2021,3,3,124,2.0
4747,623,2020,7,5,66,3.0
4748,1903,2024,8,2,52,4.0
4749,478,2020,4,4,84,4.0
4750,877,2021,6,4,94,4.0
4751,1363,2019,12,3,146,3.0
4752,574,2024,10,2,93,5.0
4753,529,2020,8,1,28,2.0
4754,261,2022,12,4,8,4.0
4755,9,2021,1,3,146,3.0
4756,1003,2022,7,5,64,3.0
4757,1974,2022,4,3,31,3.0
4758,441,2020,4,3,34,5.0
4759,881,2021,10,5,16,3.0
4760,1872,2022,10,4,30,2.0
4761,1545,2020,6,2,118,3.0
4762,9,2019,7,4,99,4.0
4763,1002,2020,8,2,90,5.0
4764,287,2021,11,3,2,4.0
4765,495,2020,1,2,101,2.0
4766,493,2020,7,5,146,3.0
4767,1225,2023,1,5,139,4.0
4768,398,2023,12,4,60,4.0
4769,504,2024,3,3,91,4.0
4770,452,2023,1,4,45,1.0
4771,714,2021,10,2,134,2.0
4772,1313,2024,9,2,138,3.0
4773,800,2024,11,4,34,5.0
4774,656,2020,5,1,74,3.0
4775,1036,2020,4,1,36,4.0
4776,1231,2024,9,3,93,4.0
4777,31,2024,12,4,44,3.0
4778,1781,2024,12,2,105,3.0
4779,1833,2021,5,3,148,4.0
4780,1206,2024,8,5,131,3.0
4781,1150,2023,10,1,28,
4782,1390,2023,9,4,20,4.0
4783,882,2022,8,3,123,4.0
4784,732,2020,2,3,13,3.0
4785,706,2023,8,1,61,4.0
4786,320,2024,3,2,150,5.0
4787,1683,2024,6,4,68,4.0
4788,642,2022,7,3,2,3.0
4789,569,2019,1,2,147,4.0
4790,1929,2023,6,2,107,5.0
4791,1014,2020,4,4,50,3.0
4792,1244,2020,2,3,92,1.0
4793,491,2019,8,1,92,3.0
4794,556,2019,9,5,83,3.0
4795,1457,2021,11,2,145,4.0
4796,902,2020,9,4,118,2.0
4797,296,2021,3,1,39,4.0
4798,1672,2022,2,2,149,4.0
4799,806,2022,10,2,145,4.0
4800,1337,2021,1,4,8,3.0
4801,683,2021,5,4,45,2.0
4802,1122,2024,5,2,93,4.0
4803,1552,2020,3,4,132,5.0
4804,1771,2019,8,4,108,3.0
4805,415,2023,10,3,87,5.0
4806,1345,2019,11,3,46,
4807,1830,2023,6,3,15,
4808,1286,2020,6,2,134,4.0
4809,287,2024,3,4,80,4.0
4810,380,2020,2,4,69,3.0
4811,406,2019,11,4,147,3.0
4812,213,2021,11,4,25,5.0
4813,1508,2021,12,4,39,5.0
4814,1931,2023,2,4,129,4.0
4815,1034,2022,6,5,43,3.0
4816,1198,2024,8,3,142,2.0
4817,1548,2023,11,4,129,5.0
4818,832,2020,5,4,15,5.0
4819,945,2019,2,2,69,5.0
4820,1179,2020,11,3,113,3.0
4821,610,2024,1,4,74,3.0
4822,124,2023,9,1,33,3.0
4823,1136,2023,5,3,7,1.0
4824,1645,2020,1,1,2,3.0
4825,147,2021,7,2,27,4.0
4826,434,2023,5,3,40,4.0
4827,526,2024,6,2,46,3.0
4828,1610,2022,3,4,129,4.0
4829,1010,2019,9,3,77,3.0
4830,1069,2024,4,2,22,5.0
4831,1291,2024,2,1,13,4.0
4832,554,2019,5,2,20,5.0
4833,1428,2021,3,3,48,4.0
4834,61,2024,7,4,111,3.0
4835,228,2024,7,3,8,2.0
4836,1632,2024,10,1,61,2.0
4837,1317,2024,12,3,68,5.0
4838,353,2019,2,5,23,2.0
4839,878,2019,1,5,9,3.0
4840,104,2021,6,4,35,4.0
4841,1344,2022,1,2,23,3.0
4842,1512,2021,11,1,120,3.0
4843,557,2020,10,3,138,4.0
4844,701,2020,6,2,94,4.0
4845,474,2022,12,3,114,4.0
4846,779,2024,7,1,115,3.0
4847,545,2023,7,5,132,3.0
4848,495,2020,10,4,15,3.0
4849,861,2019,7,5,150,4.0
4850,1719,2020,9,4,69,4.0
4851,1526,2023,3,3,82,3.0
4852,595,2019,7,3,120,4.0
4853,1886,2023,10,4,75,2.0
4854,421,2022,12,2,40,4.0
4855,1822,2022,3,1,3,2.0
4856,619,2024,1,2,26,5.0
4857,1081,2022,8,3,13,4.0
4858,407,2022,1,3,58,4.0
4859,1525,2021,9,2,117,3.0
4860,636,2022,6,3,51,3.0
4861,1746,2021,10,3,90,4.0
4862,166,2019,2,4,28,4.0
4863,1005,2019,1,2,89,4.0
4864,318,2023,3,4,144,4.0
4865,1778,2022,1,5,48,4.0
4866,835,2021,2,3,73,4.0
4867,1349,2023,10,3,145,4.0
4868,1759,2021,9,1,92,3.0
4869,1072,2020,8,4,60,5.0
4870,115,2022,6,4,19,3.0
4871,442,2021,3,1,141,2.0
4872,426,2024,11,4,92,4.0
4873,1829,2023,11,1,9,4.0
4874,1817,2023,4,4,84,4.0
4875,954,2023,11,3,146,3.0
4876,1781,2023,8,2,140,
4877,493,2023,5,5,30,3.0
4878,1359,2021,3,3,62,5.0
4879,784,2023,8,1,148,4.0
4880,481,2019,1,4,118,3.0
4881,501,2022,4,2,85,2.0
4882,840,2022,9,5,46,4.0
4883,680,2019,6,2,115,4.0
4884,423,2022,2,3,87,3.0
4885,669,2019,2,3,79,4.0
4886,258,2023,9,3,140,5.0
4887,1940,2022,11,3,57,2.0
4888,760,2022,9,3,94,4.0
4889,215,2022,2,4,7,4.0
4890,1152,2020,9,2,107,4.0
4891,1767,2022,4,4,83,2.0
4892,720,2020,8,1,132,3.0
4893,1691,2023,8,4,50,1.0
4894,1222,2019,11,4,139,2.0
4895,1479,2019,10,4,87,5.0
4896,593,2023,1,2,32,3.0
4897,74,2019,1,4,25,5.0
4898,692,2024,12,3,30,4.0
4899,1849,2019,4,5,46,3.0
4900,1582,2022,1,1,83,4.0
4901,1569,2024,3,4,131,2.0
4902,1757,2023,6,3,150,4.0
4903,747,2022,11,5,102,4.0
4904,645,2023,12,3,74,3.0
4905,1851,2023,8,2,92,2.0
4906,1144,2019,4,4,50,2.0
4907,596,2020,9,2,37,5.0
4908,557,2020,11,4,81,4.0
4909,1755,2020,5,2,125,3.0
4910,107,2020,8,5,10,5.0
4911,124,2022,6,3,17,5.0
4912,1476,2024,11,2,27,5.0
4913,3,2022,8,4,32,3.0
4914,343,2019,1,1,23,3.0
4915,1982,2023,11,1,20,5.0
4916,852,2022,7,4,5,3.0
4917,1456,2023,6,2,53,5.0
4918,975,2021,3,2,109,4.0
4919,182,2021,9,3,24,5.0
4920,369,2022,1,2,49,4.0
4921,1523,2023,3,5,146,2.0
4922,190,2020,9,4,26,4.0
4923,1190,2022,4,4,149,5.0
4924,697,2024,9,4,77,3.0
4925,741,2019,4,4,109,3.0
4926,1905,2020,9,2,49,5.0
4927,1212,2022,9,3,49,5.0
4928,1231,2024,9,5,59,1.0
4929,701,2024,9,3,20,5.0
4930,763,2022,10,5,48,2.0
4931,1372,2022,5,4,135,4.0
4932,78,2021,6,1,1,2.0
4933,475,2021,1,3,86,3.0
4934,1201,2023,5,2,104,4.0
4935,1248,2022,6,4,22,4.0
4936,185,2022,10,5,17,5.0
4937,1576,2024,11,3,83,3.0
4938,1086,2019,8,1,33,5.0
4939,476,2024,2,2,147,3.0
4940,1504,2023,3,2,29,3.0
4941,1982,2022,7,3,20,5.0
4942,848,2022,6,5,50,4.0
4943,567,2022,12,2,50,2.0
4944,599,2022,3,4,25,4.0
4945,1186,2021,7,4,100,3.0
4946,95,2023,10,4,53,3.0
4947,967,2020,6,1,80,3.0
4948,50,2022,3,2,37,4.0
4949,78,2022,2,2,15,2.0
4950,861,2021,8,2,10,4.0
4951,1492,2023,8,1,8,3.0
4952,1767,2020,9,3,131,4.0
4953,176,2022,11,4,40,3.0
4954,489,2020,12,2,46,5.0
4955,844,2020,3,3,87,4.0
4956,1149,2022,6,3,15,4.0
4957,1975,2024,4,1,91,4.0
4958,1369,2020,11,2,79,2.0
4959,1077,2019,2,2,119,3.0
4960,122,2019,8,3,19,3.0
4961,162,2021,4,3,3,4.0
4962,307,2023,1,2,116,4.0
4963,1322,2023,8,1,56,3.0
4964,663,2020,5,2,10,4.0
4965,482,2024,9,1,84,2.0
4966,1341,2019,5,4,70,3.0
4967,1631,2022,3,3,143,1.0
4968,879,2024,2,3,142,4.0
4969,1764,2023,3,3,81,5.0
4970,1469,2023,6,2,24,3.0
4971,1433,2020,4,1,113,4.0
4972,1736,2023,2,3,31,3.0
4973,368,2021,4,4,126,3.0
4974,1517,2021,11,4,91,3.0
4975,1916,2022,11,4,54,4.0
4976,1985,2022,5,3,147,4.0
4977,1157,2020,7,4,78,3.0
4978,1509,2024,3,4,58,3.0
4979,1778,2024,5,5,29,2.0
4980,1705,2020,8,1,98,4.0
4981,1796,2020,1,1,41,5.0
4982,1665,2019,11,3,23,2.0
4983,763,2021,11,3,18,1.0
4984,1461,2020,12,2,97,3.0
4985,821,2024,3,4,139,3.0
4986,1604,2024,11,3,38,3.0
4987,1621,2023,2,3,33,4.0
4988,1870,2020,11,1,92,3.0
4989,1177,2023,2,3,22,4.0
4990,951,2021,5,3,14,5.0
4991,332,2020,12,2,96,3.0
4992,1277,2022,7,2,79,4.0
4993,1133,2019,3,3,5,5.0
4994,1030,2024,5,5,36,2.0
4995,1353,2019,4,1,30,2.0
4996,1703,2020,12,2,103,4.0
4997,298,2020,5,1,100,4.0
4998,863,2022,2,2,113,4.0
4999,1445,2023,2,3,15,2.0
5000,1640,2024,7,2,128,
5001,1557,2021,1,2,32,3.0
5002,1599,2020,3,5,149,4.0
5003,1711,2019,8,2,131,3.0
5004,1924,2022,11,3,69,4.0
5005,1217,2024,2,5,118,4.0
5006,498,2019,5,3,101,4.0
5007,1128,2024,5,2,117,3.0
5008,1420,2020,11,1,3,3.0
5009,202,2024,10,4,13,5.0
5010,1514,2019,12,4,136,2.0
5011,1089,2024,8,2,118,3.0
5012,1873,2020,3,3,93,
5013,424,2020,12,2,47,3.0
5014,1814,2020,10,2,64,3.0
5015,897,2019,8,5,59,3.0
5016,1148,2023,5,3,66,3.0
5017,1321,2019,10,2,95,4.0
5018,1159,2021,5,3,114,2.0
5019,1808,2024,4,4,58,3.0
5020,335,2021,4,4,126,5.0
5021,1460,2023,8,3,14,5.0
5022,1950,2023,8,4,122,4.0
5023,441,2023,3,4,102,4.0
5024,511,2024,5,5,77,3.0
5025,951,2019,3,3,57,4.0
5026,1450,2020,9,3,56,5.0
5027,1918,2020,5,5,55,5.0
5028,1592,2019,10,2,142,3.0
5029,1589,2019,3,3,5,4.0
5030,883,2019,5,4,96,
5031,1291,2024,1,5,149,3.0
5032,423,2024,1,3,82,3.0
5033,927,2022,1,3,96,4.0
5034,378,2024,1,4,90,4.0
5035,55,2021,12,3,76,3.0
5036,1713,2021,4,3,95,4.0
5037,1610,2024,7,1,136,1.0
5038,1022,2019,12,2,107,4.0
5039,29,2019,6,2,128,3.0
5040,181,2022,5,3,83,3.0
5041,224,2020,9,4,117,4.0
5042,1435,2023,9,2,132,5.0
5043,407,2022,2,1,32,3.0
5044,501,2020,12,3,129,5.0
5045,1723,2019,2,1,103,3.0
5046,1753,2019,5,5,67,5.0
5047,1527,2021,12,2,117,2.0
5048,620,2020,7,4,26,4.0
5049,1160,2019,7,2,105,4.0
5050,401,2023,11,5,87,4.0
5051,1716,2024,6,3,134,5.0
5052,170,2024,8,5,94,2.0
5053,1489,2019,7,3,79,3.0
5054,1024,2020,2,4,79,3.0
5055,1515,2021,4,1,84,4.0
5056,902,2024,10,3,134,2.0
5057,317,2022,4,2,118,3.0
5058,1503,2021,11,4,14,3.0
5059,1263,2024,12,3,80,4.0
5060,930,2022,10,3,44,4.0
5061,746,2024,1,2,25,4.0
5062,688,2024,10,1,130,4.0
5063,963,2024,12,3,129,5.0
5064,524,2022,10,3,141,5.0
5065,565,2021,8,3,60,2.0
5066,557,2019,8,5,64,4.0
5067,26,2023,6,1,117,4.0
5068,1856,2020,3,3,29,3.0
5069,474,2019,6,1,9,3.0
5070,331,2023,11,3,64,3.0
5071,303,2021,2,3,95,2.0
5072,1977,2022,2,4,69,4.0
5073,954,2023,11,4,32,4.0
5074,654,2020,10,1,78,3.0
5075,808,2023,7,2,142,4.0
5076,177,2022,5,2,42,5.0
5077,628,2022,2,3,61,2.0
5078,498,2020,9,2,47,4.0
5079,1607,2023,7,3,45,3.0
5080,117,2020,10,3,99,4.0
5081,851,2022,5,3,57,4.0
5082,1581,2023,10,2,94,4.0
5083,1668,2019,12,5,3,2.0
5084,1026,2021,2,5,100,5.0
5085,446,2023,10,2,16,3.0
5086,674,2020,8,5,57,4.0
5087,445,2019,5,4,131,2.0
5088,1325,2021,3,2,51,3.0
5089,586,2021,2,3,105,4.0
5090,1262,2024,2,2,53,4.0
5091,1312,2023,4,4,136,2.0
5092,1880,2020,7,4,143,2.0
5093,741,2020,7,3,137,4.0
5094,1923,2020,12,3,60,2.0
5095,802,2024,9,4,48,5.0
5096,1362,2021,12,3,91,5.0
5097,1324,2024,10,3,123,5.0
5098,1636,2019,7,3,79,2.0
5099,939,2022,10,4,111,4.0
5100,1585,2019,10,3,132,3.0
5101,711,2022,10,1,113,5.0
5102,983,2019,3,1,56,4.0
5103,1000,2019,9,3,38,3.0
5104,1409,2019,3,3,66,3.0
5105,1237,2023,4,2,87,3.0
5106,157,2022,9,2,127,3.0
5107,1619,2022,7,4,46,4.0
5108,1517,2020,10,4,25,4.0
5109,210,2020,9,3,48,3.0
5110,1924,2021,9,4,90,3.0
5111,1322,2024,2,3,35,4.0
5112,170,2023,2,3,60,4.0
5113,983,2019,3,2,39,3.0
5114,1673,2019,5,3,148,4.0
5115,560,2021,10,3,77,3.0
5116,1866,2020,1,3,109,5.0
5117,837,2021,7,4,79,2.0
5118,453,2024,10,2,2,4.0
5119,713,2020,5,1,40,4.0
5120,1050,2022,4,5,126,3.0
5121,1377,2021,3,2,77,3.0
5122,1856,2022,6,2,106,3.0
5123,390,2022,8,3,115,2.0
5124,1921,2022,7,2,85,4.0
5125,1056,2020,11,4,87,3.0
5126,256,2024,1,2,36,4.0
5127,1853,2020,4,5,38,2.0
5128,699,2019,5,2,23,3.0
5129,1242,2019,5,2,45,3.0
5130,1397,2019,9,3,95,5.0
5131,27,2021,2,1,140,2.0
5132,444,2023,4,1,66,4.0
5133,1373,2019,1,2,91,4.0
5134,650,2019,7,1,130,2.0
5135,19,2022,12,4,102,4.0
5136,47,2022,12,4,40,3.0
5137,1653,2022,1,3,43,4.0
5138,308,2019,2,3,96,4.0
5139,201,2020,7,3,44,4.0
5140,1125,2021,4,1,38,3.0
5141,238,2023,3,3,89,4.0
5142,1307,2022,9,5,96,5.0
5143,1089,2023,4,2,38,3.0
5144,1298,2022,8,1,8,3.0
5145,984,2021,1,2,116,4.0
5146,1557,2022,12,3,59,1.0
5147,1290,2021,2,4,95,3.0
5148,831,2019,1,2,26,5.0
5149,31,2022,6,2,48,4.0
5150,547,2020,11,2,91,3.0
5151,263,2020,8,4,19,3.0
5152,32,2023,6,3,48,4.0
5153,547,2019,4,2,108,3.0
5154,414,2019,3,2,116,2.0
5155,154,2021,8,1,53,5.0
5156,625,2022,7,5,18,3.0
5157,1014,2024,8,3,4,3.0
5158,357,2022,5,1,84,2.0
5159,547,2020,4,5,105,3.0
5160,41,2021,3,5,90,5.0
5161,101,2021,4,2,61,4.0
5162,315,2021,3,2,4,
5163,906,2023,6,5,34,3.0
5164,1333,2023,4,1,6,4.0
5165,1577,2023,10,2,70,4.0
5166,1260,2021,7,3,47,2.0
5167,1234,2020,4,4,11,3.0
5168,1872,2019,1,2,92,4.0
5169,512,2023,2,2,56,3.0
5170,1597,2024,2,4,145,3.0
5171,1874,2019,4,4,63,3.0
5172,1136,2019,4,1,14,4.0
5173,1682,2020,1,1,106,5.0
5174,276,2023,9,3,106,5.0
5175,1758,2020,7,2,140,3.0
5176,1129,2019,12,3,104,3.0
5177,444,2021,11,2,55,5.0
5178,124,2021,1,4,101,4.0
5179,1440,2021,9,2,120,4.0
5180,862,2022,12,2,78,2.0
5181,621,2020,10,2,120,4.0
5182,781,2019,9,2,146,3.0
5183,1983,2019,2,3,114,3.0
5184,856,2023,11,3,76,
5185,158,2022,10,4,74,5.0
5186,560,2020,7,3,126,3.0
5187,291,2024,12,3,131,5.0
5188,1372,2022,6,4,40,4.0
5189,1601,2023,7,1,2,3.0
5190,1682,2023,10,4,121,3.0
5191,1266,2020,9,3,36,3.0
5192,1538,2022,7,2,150,4.0
5193,835,2022,10,3,6,4.0
5194,1256,2021,11,5,137,4.0
5195,214,2022,8,2,102,3.0
5196,1077,2021,11,3,46,4.0
5197,1115,2019,5,3,6,5.0
5198,63,2019,7,2,127,5.0
5199,1097,2021,8,2,18,4.0
5200,1446,2024,7,2,15,4.0
5201,736,2020,3,2,119,
5202,1090,2022,6,4,102,4.0
5203,573,2019,2,2,20,3.0
5204,542,2022,9,3,52,4.0
5205,259,2020,10,2,100,4.0
5206,656,2021,9,2,99,5.0
5207,1607,2023,11,3,55,5.0
5208,1872,2021,8,3,62,4.0
5209,1272,2024,5,3,12,3.0
5210,1249,2019,1,3,2,1.0
5211,1228,2019,1,3,146,4.0
5212,952,2020,12,2,35,3.0
5213,847,2020,10,1,140,4.0
5214,1242,2021,5,2,7,4.0
5215,1569,2024,12,3,149,4.0
5216,828,2020,3,2,65,4.0
5217,1132,2021,10,3,121,2.0
5218,941,2019,3,1,127,5.0
5219,572,2023,9,3,53,2.0
5220,581,2022,1,2,111,3.0
5221,158,2019,9,5,51,3.0
5222,880,2021,6,4,119,3.0
5223,1425,2020,7,5,144,
5224,1372,2021,1,3,122,3.0
5225,1972,2020,5,5,110,4.0
5226,80,2023,2,2,56,2.0
5227,1522,2019,8,3,17,3.0
5228,1591,2022,1,4,76,2.0
5229,873,2023,11,3,20,3.0
5230,566,2019,3,2,77,2.0
5231,715,2024,7,3,131,4.0
5232,1366,2023,12,5,17,4.0
5233,1725,2020,5,3,136,2.0
5234,1286,2021,7,2,90,1.0
5235,1029,2023,12,1,8,2.0
5236,1306,2022,1,1,109,2.0
5237,142,2023,7,4,1,3.0
5238,1217,2024,7,3,92,4.0
5239,85,2021,9,2,77,2.0
5240,1919,2019,8,4,112,2.0
5241,1779,2021,6,3,57,2.0
5242,1017,2022,7,4,18,3.0
5243,749,2023,4,4,59,2.0
5244,1465,2020,5,4,115,2.0
5245,1276,2024,12,5,144,4.0
5246,1411,2019,8,4,32,5.0
5247,1032,2022,9,1,53,
5248,473,2021,2,2,132,3.0
5249,147,2023,5,5,47,5.0
5250,567,2020,3,3,37,3.0
5251,1058,2024,12,3,125,3.0
5252,849,2019,12,4,74,3.0
5253,1013,2023,5,3,88,5.0
5254,556,2021,5,2,74,4.0
5255,1876,2022,9,2,91,4.0
5256,734,2020,2,4,41,4.0
5257,1693,2021,7,4,110,3.0
5258,782,2021,3,5,55,3.0
5259,888,2020,7,4,79,2.0
5260,1208,2019,9,2,28,3.0
5261,527,2021,9,2,2,4.0
5262,440,2021,2,2,86,4.0
5263,759,2023,4,2,21,5.0
5264,1609,2021,5,4,137,4.0
5265,290,2022,9,1,144,4.0
5266,876,2021,4,3,48,3.0
5267,1345,2021,6,4,44,2.0
5268,1413,2023,3,4,77,3.0
5269,869,2023,5,2,31,4.0
5270,163,2024,6,1,130,2.0
5271,32,2021,3,3,16,4.0
5272,940,2019,2,3,68,4.0
5273,1621,2022,2,4,29,2.0
5274,57,2021,6,3,125,4.0
5275,1775,2019,2,2,22,4.0
5276,1352,2024,1,3,67,3.0
5277,17,2022,11,3,126,3.0
5278,688,2022,12,4,67,4.0
5279,442,2022,7,1,28,3.0
5280,1899,2024,8,3,24,3.0
5281,1110,2023,2,3,91,3.0
5282,649,2023,1,3,19,4.0
5283,557,2023,1,2,54,5.0
5284,1128,2023,3,3,92,3.0
5285,11,2023,2,4,57,3.0
5286,515,2019,9,2,125,4.0
5287,331,2021,10,2,104,4.0
5288,1241,2020,9,1,21,3.0
5289,1339,2024,4,2,123,3.0
5290,935,2022,5,3,137,1.0
5291,281,2022,5,2,31,2.0
5292,742,2022,2,1,54,5.0
5293,1686,2023,6,5,60,3.0
5294,408,2023,7,3,64,4.0
5295,327,2020,3,4,70,3.0
5296,224,2024,4,4,135,3.0
5297,1634,2023,6,2,98,3.0
5298,240,2020,2,3,135,
5299,1164,2022,8,3,53,4.0
5300,1999,2021,5,2,79,5.0
5301,1284,2021,9,1,16,1.0
5302,825,2024,10,2,42,4.0
5303,414,2020,5,2,88,1.0
5304,4,2024,5,2,26,3.0
5305,312,2022,7,2,145,3.0
5306,1906,2023,1,3,41,3.0
5307,288,2023,3,2,25,3.0
5308,40,2022,2,4,118,3.0
5309,1633,2020,4,1,14,4.0
5310,838,2024,8,3,49,2.0
5311,714,2022,3,4,30,3.0
5312,1435,2021,7,3,105,4.0
5313,1047,2020,9,2,127,4.0
5314,1830,2019,9,2,30,5.0
5315,936,2020,7,2,63,4.0
5316,1426,2019,7,1,72,4.0
5317,1758,2024,6,3,104,3.0
5318,928,2021,6,3,53,5.0
5319,569,2022,10,2,79,2.0
5320,1949,2023,6,5,76,3.0
5321,454,2024,5,5,2,4.0
5322,79,2021,12,2,86,4.0
5323,1157,2019,12,4,86,
5324,1974,2022,11,1,149,3.0
5325,173,2024,10,4,77,4.0
5326,1699,2021,5,4,135,2.0
5327,1661,2019,12,2,53,4.0
5328,1858,2023,8,2,105,2.0
5329,844,2022,11,3,136,3.0
5330,510,2019,1,2,24,5.0
5331,1025,2019,2,3,86,4.0
5332,285,2022,1,4,138,3.0
5333,1686,2019,12,3,84,4.0
5334,1327,2020,4,2,134,3.0
5335,967,2020,1,3,63,3.0
5336,1032,2021,10,3,134,2.0
5337,1425,2023,10,3,95,4.0
5338,1047,2021,12,1,72,3.0
5339,1680,2024,7,3,33,3.0
5340,1850,2022,9,1,26,4.0
5341,1900,2021,8,3,44,5.0
5342,1241,2022,9,3,114,4.0
5343,1486,2019,7,4,71,3.0
5344,623,2024,1,4,59,4.0
5345,77,2020,3,4,71,4.0
5346,801,2024,12,4,52,4.0
5347,1744,2022,1,2,122,4.0
5348,267,2020,2,4,59,3.0
5349,1092,2021,10,4,71,4.0
5350,385,2019,12,4,84,5.0
5351,859,2022,6,4,97,4.0
5352,287,2019,2,2,51,5.0
5353,1470,2022,8,2,11,4.0
5354,1621,2020,1,4,104,5.0
5355,1517,2019,5,1,85,4.0
5356,1410,2020,7,1,98,3.0
5357,471,2019,11,5,82,3.0
5358,1061,2024,2,5,77,3.0
5359,210,2024,8,2,143,2.0
5360,749,2024,1,1,9,2.0
5361,1012,2023,6,2,14,3.0
5362,1337,2020,9,1,141,4.0
5363,194,2023,1,1,134,5.0
5364,1626,2023,9,2,62,3.0
5365,918,2020,12,4,82,5.0
5366,1763,2024,4,2,68,4.0
5367,1055,2024,10,1,150,4.0
5368,1095,2021,7,3,69,4.0
5369,1386,2022,12,1,114,5.0
5370,1640,2024,8,4,55,3.0
5371,316,2020,10,2,58,3.0
5372,1023,2024,2,2,102,4.0
5373,60,2020,4,2,60,4.0
5374,950,2024,6,1,3,3.0
5375,1628,2020,11,1,26,4.0
5376,1731,2023,8,5,132,4.0
5377,568,2022,3,4,56,4.0
5378,773,2021,11,5,16,4.0
5379,1104,2021,8,3,141,5.0
5380,792,2020,6,1,150,4.0
5381,357,2023,5,5,75,4.0
5382,610,2024,9,4,95,5.0
5383,809,2022,11,3,114,1.0
5384,1038,2020,7,4,10,3.0
5385,1842,2023,11,3,45,3.0
5386,1090,2021,9,3,85,3.0
5387,775,2024,1,4,83,5.0
5388,1321,2020,10,5,50,4.0
5389,1547,2022,7,4,1,5.0
5390,862,2021,7,4,143,3.0
5391,979,2024,8,3,93,4.0
5392,436,2019,1,2,114,4.0
5393,1730,2022,0,3,66,4.0
5394,1734,2023,11,3,77,5.0
5395,350,2021,12,1,67,4.0
5396,693,2022,8,3,65,5.0
5397,544,2020,3,3,101,3.0
5398,1846,2021,8,2,150,3.0
5399,131,2024,4,4,117,3.0
5400,415,2021,7,4,101,3.0
5401,630,2020,10,2,2,4.0
5402,1121,2022,3,4,78,4.0
5403,498,2021,6,2,144,3.0
5404,1074,2023,6,3,60,3.0
5405,1495,2019,12,4,83,5.0
5406,1658,2024,7,5,49,
5407,199,2023,5,2,29,3.0
5408,278,2024,5,4,106,4.0
5409,191,2021,4,4,48,3.0
5410,1820,2021,2,2,89,3.0
5411,1305,2021,9,2,90,5.0
5412,1063,2024,10,4,128,3.0
5413,1582,2019,3,1,141,3.0
5414,1173,2022,6,3,84,3.0
5415,471,2020,10,3,8,4.0
5416,1021,2022,9,3,88,5.0
5417,1407,2024,1,3,133,4.0
5418,73,2023,1,2,72,4.0
5419,1213,2019,1,2,85,3.0
5420,995,2021,7,4,115,3.0
5421,140,2019,11,3,66,2.0
5422,528,2021,1,3,63,5.0
5423,898,2020,9,4,73,4.0
5424,686,2023,9,2,128,4.0
5425,581,2022,12,1,74,4.0
5426,1299,2020,7,3,50,3.0
5427,809,2024,12,1,90,3.0
5428,996,2023,6,1,104,3.0
5429,1597,2022,4,4,137,5.0
5430,187,2021,12,5,134,3.0
5431,720,2020,7,2,118,3.0
5432,147,2022,4,2,116,4.0
5433,1855,2023,8,3,68,4.0
5434,372,2024,6,4,52,1.0
5435,1640,2023,9,2,85,5.0
5436,382,2019,9,4,106,3.0
5437,649,2024,1,5,78,3.0
5438,1217,2020,7,1,32,3.0
5439,1663,2019,11,2,3,3.0
5440,356,2022,8,4,9,3.0
5441,427,2021,9,1,64,4.0
5442,1764,2019,12,2,119,2.0
5443,644,2020,5,4,119,4.0
5444,420,2020,9,3,122,5.0
5445,1488,2021,1,3,107,2.0
5446,183,2023,2,3,4,4.0
5447,1734,2023,9,3,133,3.0
5448,1752,2019,3,4,143,3.0
5449,1714,2020,10,4,128,4.0
5450,591,2022,11,4,67,5.0
5451,229,2023,11,3,33,4.0
5452,851,2019,1,4,136,2.0
5453,670,2021,4,4,28,3.0
5454,1919,2019,7,3,119,4.0
5455,1264,2021,1,2,145,3.0
5456,1889,2021,11,3,136,2.0
5457,1502,2020,12,3,79,3.0
5458,1430,2024,10,1,126,4.0
5459,224,2023,4,2,125,3.0
5460,138,2022,2,1,147,4.0
5461,93,2023,10,1,55,2.0
5462,1187,2020,9,3,95,4.0
5463,404,2024,12,3,123,2.0
5464,1979,2021,5,3,35,4.0
5465,266,2021,3,4,34,5.0
5466,1894,2022,11,3,59,3.0
5467,1336,2022,2,4,55,4.0
5468,213,2022,7,4,113,4.0
5469,117,2023,6,4,141,2.0
5470,792,2020,7,4,24,3.0
5471,678,2023,5,2,49,3.0
5472,632,2020,1,3,140,3.0
5473,1058,2020,8,4,90,3.0
5474,260,2021,3,1,31,2.0
5475,259,2022,2,2,91,1.0
5476,1390,2022,5,3,132,5.0
5477,1981,2019,4,3,57,5.0
5478,548,2023,9,5,73,3.0
5479,1864,2022,5,4,93,3.0
5480,690,2022,7,1,127,5.0
5481,672,2023,6,3,85,2.0
5482,181,2023,11,4,144,4.0
5483,847,2021,2,3,114,4.0
5484,996,2021,1,3,64,3.0
5485,1328,2020,11,1,74,5.0
5486,317,2022,4,5,105,3.0
5487,378,2020,9,3,11,4.0
5488,865,2022,8,1,35,3.0
5489,140,2021,10,1,36,3.0
5490,287,2020,8,4,121,5.0
5491,1259,2021,3,3,124,2.0
5492,1908,2024,7,2,123,3.0
5493,1146,2022,4,3,16,4.0
5494,290,2021,5,5,45,4.0
5495,1982,2021,7,3,47,2.0
5496,1044,2022,1,2,4,5.0
5497,1434,2019,1,2,39,3.0
5498,394,2022,9,2,65,4.0
5499,1157,2019,2,5,133,4.0
5500,153,2024,11,2,26,4.0
5501,1252,2022,8,1,130,2.0
5502,405,2019,10,1,123,4.0
5503,1820,2021,6,2,24,4.0
5504,110,2024,9,3,40,3.0
5505,1306,2024,3,5,69,4.0
5506,279,2019,8,1,142,3.0
5507,1375,2020,4,1,118,3.0
5508,987,2019,10,3,146,4.0
5509,1935,2021,5,5,47,3.0
5510,1304,2024,10,5,137,3.0
5511,744,2023,11,5,144,4.0
5512,175,2020,1,1,90,3.0
5513,1192,2020,1,4,24,5.0
5514,883,2022,5,3,41,3.0
5515,106,2022,7,1,20,5.0
5516,1163,2021,11,3,122,5.0
5517,420,2021,6,3,47,3.0
5518,469,2024,11,3,106,4.0
5519,18,2022,9,2,41,4.0
5520,745,2023,9,2,147,4.0
5521,437,2024,11,3,117,4.0
5522,144,2021,4,1,57,3.0
5523,869,2023,9,2,72,5.0
5524,441,2023,10,3,9,3.0
5525,269,2020,12,2,21,3.0
5526,934,2020,3,1,150,4.0
5527,127,2019,10,2,123,4.0
5528,1981,2022,3,1,126,3.0
5529,942,2023,12,2,97,5.0
5530,1993,2023,7,4,34,
5531,1763,2021,11,4,16,3.0
5532,1960,2023,7,1,109,4.0
5533,1086,2019,1,3,50,2.0
5534,847,2022,5,1,1,3.0
5535,1440,2021,8,2,4,3.0
5536,162,2023,8,4,84,3.0
5537,1681,2024,7,5,127,4.0
5538,648,2022,9,2,55,4.0
5539,15,2022,7,4,150,4.0
5540,476,2024,3,2,58,3.0
5541,485,2021,1,4,110,3.0
5542,29,2019,4,3,37,3.0
5543,1338,2022,2,3,92,4.0
5544,191,2021,9,4,42,3.0
5545,1694,2022,12,3,117,5.0
5546,907,2023,12,5,69,3.0
5547,1437,2022,7,2,7,3.0
5548,680,2020,11,5,38,4.0
5549,264,2022,8,4,53,5.0
5550,361,2021,2,3,70,4.0
5551,1292,2020,8,3,41,4.0
5552,1433,2023,7,5,87,4.0
5553,536,2020,7,3,145,2.0
5554,715,2022,10,2,107,4.0
5555,1891,2024,12,1,47,5.0
5556,1704,2020,3,2,102,3.0
5557,827,2021,1,2,146,3.0
5558,482,2020,8,1,37,2.0
5559,603,2021,2,3,35,3.0
5560,1077,2020,6,2,6,3.0
5561,1134,2024,12,1,127,2.0
5562,369,2020,8,2,125,4.0
5563,132,2022,12,1,63,4.0
5564,991,2019,1,3,131,4.0
5565,1595,2021,9,3,98,3.0
5566,305,2024,4,5,147,2.0
5567,817,2023,1,3,139,1.0
5568,324,2020,4,4,144,
5569,485,2024,12,2,59,3.0
5570,1225,2023,6,4,96,3.0
5571,573,2021,12,4,26,4.0
5572,528,2024,2,5,135,3.0
5573,1992,2020,8,3,48,5.0
5574,345,2020,6,5,68,5.0
5575,379,2024,4,4,90,4.0
5576,1860,2024,7,5,119,2.0
5577,1101,2023,8,3,110,3.0
5578,87,2020,1,2,144,3.0
5579,850,2020,8,3,107,4.0
5580,1131,2022,4,5,120,2.0
5581,507,2019,10,5,86,2.0
5582,1097,2024,3,5,63,4.0
5583,1298,2024,4,3,138,3.0
5584,502,2023,12,4,57,3.0
5585,1625,2024,3,3,94,3.0
5586,906,2020,2,3,44,3.0
5587,1927,2024,7,3,73,4.0
5588,176,2020,8,2,56,1.0
5589,649,2019,7,3,39,3.0
5590,1443,2020,5,2,124,4.0
5591,1790,2023,2,3,116,4.0
5592,444,2024,4,3,106,5.0
5593,1961,2022,1,2,13,3.0
5594,387,2020,11,3,38,4.0
5595,833,2022,4,1,33,5.0
5596,630,2022,8,1,107,4.0
5597,849,2022,4,2,134,5.0
5598,1805,2021,8,2,57,4.0
5599,1466,2019,2,4,50,3.0
5600,1593,2021,2,4,84,4.0
5601,508,2024,4,3,149,3.0
5602,1894,2021,4,4,56,3.0
5603,872,2019,4,3,42,3.0
5604,1304,2021,4,4,79,4.0
5605,1396,2021,9,3,138,5.0
5606,1326,2022,6,1,110,2.0
5607,1204,2022,2,4,78,4.0
5608,961,2021,12,3,110,4.0
5609,1296,2019,8,5,3,4.0
5610,1811,2021,5,4,113,3.0
5611,780,2019,7,2,15,3.0
5612,1022,2022,4,5,59,5.0
5613,361,2021,5,1,53,4.0
5614,711,2021,1,3,104,4.0
5615,1545,2022,10,3,37,3.0
5616,1281,2023,5,4,36,3.0
5617,423,2020,9,3,133,4.0
5618,1093,2022,1,2,72,4.0
5619,1624,2022,2,1,112,4.0
5620,249,2022,5,3,88,3.0
5621,124,2021,1,3,93,4.0
5622,786,2020,12,2,103,4.0
5623,1314,2020,1,3,101,5.0
5624,627,2019,7,3,137,3.0
5625,1643,2019,5,1,118,5.0
5626,1694,2023,3,1,46,3.0
5627,1066,2019,2,4,26,4.0
5628,758,2024,4,4,127,4.0
5629,84,2024,1,3,56,3.0
5630,1644,2020,7,3,47,3.0
5631,1791,2021,3,1,17,2.0
5632,885,2021,1,2,83,5.0
5633,1033,2021,2,4,77,3.0
5634,1508,2021,11,1,125,4.0
5635,1391,2021,3,1,113,3.0
5636,271,2023,7,3,109,4.0
5637,1345,2021,5,4,81,4.0
5638,1850,2020,6,2,130,3.0
5639,1502,2021,11,3,148,3.0
5640,962,2024,9,5,123,2.0
5641,1047,2024,7,4,53,4.0
5642,520,2019,3,3,42,4.0
5643,1322,2022,11,2,1,4.0
5644,483,2024,1,3,149,4.0
5645,684,2020,7,5,110,4.0
5646,531,2019,8,3,141,3.0
5647,671,2020,12,5,119,3.0
5648,734,2020,2,3,65,2.0
5649,166,2024,4,1,22,4.0
5650,1436,2020,1,3,8,3.0
5651,882,2020,3,5,119,4.0
5652,1900,2020,12,1,46,4.0
5653,362,2021,1,3,57,5.0
5654,1339,2024,10,2,126,3.0
5655,359,2019,12,3,73,4.0
5656,1095,2021,2,3,143,4.0
5657,982,2022,5,3,82,5.0
5658,898,2019,11,5,125,4.0
5659,1310,2019,9,2,19,3.0
5660,1657,2024,1,4,60,4.0
5661,634,2020,11,1,28,4.0
5662,1700,2020,10,2,9,5.0
5663,370,2021,4,2,149,3.0
5664,587,2019,5,2,78,3.0
5665,622,2019,4,3,54,5.0
5666,1907,2019,7,2,57,3.0
5667,238,2022,0,1,37,4.0
5668,791,2021,9,4,19,4.0
5669,849,2020,12,3,138,4.0
5670,1601,2024,2,5,16,3.0
5671,972,2020,12,4,58,5.0
5672,1934,2019,11,3,23,4.0
5673,1481,2019,5,3,140,3.0
5674,1408,2023,2,5,31,2.0
5675,1506,2022,3,3,60,2.0
5676,324,2020,12,3,114,4.0
5677,899,2020,1,2,86,3.0
5678,1173,2020,2,2,58,3.0
5679,417,2021,1,4,85,3.0
5680,238,2023,3,2,66,4.0
5681,272,2022,10,1,44,4.0
5682,1579,2023,1,4,90,4.0
5683,1314,2019,12,4,55,4.0
5684,563,2022,5,5,145,3.0
5685,1475,2023,7,3,70,2.0
5686,1391,2020,8,2,114,3.0
5687,1634,2022,10,3,36,4.0
5688,1821,2019,8,2,97,4.0
5689,1765,2024,1,2,84,2.0
5690,363,2023,10,4,112,3.0
5691,1539,2022,2,4,70,2.0
5692,786,2022,7,2,108,4.0
5693,807,2023,11,2,9,4.0
5694,1295,2021,7,5,104,1.0
5695,1205,2024,6,2,114,4.0
5696,840,2020,4,2,75,3.0
5697,1999,2023,10,2,6,5.0
5698,350,2023,8,3,86,5.0
5699,194,2024,10,2,118,3.0
5700,59,2019,11,4,70,4.0
5701,1629,2021,8,2,15,3.0
5702,814,2022,5,3,60,2.0
5703,875,2022,8,2,150,5.0
5704,1299,2023,5,2,41,3.0
5705,871,2022,3,2,80,5.0
5706,1148,2020,5,3,54,5.0
5707,117,2023,6,3,107,3.0
5708,313,2021,3,1,65,4.0
5709,1865,2024,4,5,58,4.0
5710,902,2022,7,2,87,5.0
5711,335,2022,2,4,86,3.0
5712,739,2022,2,5,75,4.0
5713,670,2024,10,1,39,4.0
5714,549,2024,11,1,17,4.0
5715,588,2022,4,2,104,2.0
5716,1459,2022,2,4,51,4.0
5717,214,2019,6,3,92,5.0
5718,620,2019,3,2,57,4.0
5719,936,2023,11,1,129,3.0
5720,1081,2021,1,1,107,4.0
5721,1762,2021,7,3,61,3.0
5722,1847,2022,5,4,50,3.0
5723,595,2020,6,2,113,4.0
5724,1079,2020,10,2,2,4.0
5725,45,2019,4,4,9,5.0
5726,1235,2023,11,4,13,4.0
5727,306,2022,12,2,52,2.0
5728,147,2020,6,4,75,4.0
5729,1344,2022,5,4,44,3.0
5730,357,2019,3,2,29,3.0
5731,955,2023,10,2,47,3.0
5732,202,2020,9,2,75,4.0
5733,1492,2020,6,1,45,4.0
5734,1530,2024,9,1,87,4.0
5735,1150,2023,5,4,58,2.0
5736,1672,2023,9,4,141,2.0
5737,874,2022,10,3,149,4.0
5738,373,2022,6,4,99,4.0
5739,303,2020,8,5,84,5.0
5740,439,2020,7,3,5,4.0
5741,401,2024,1,5,94,4.0
5742,647,2024,1,5,58,4.0
5743,429,2023,4,2,44,2.0
5744,1183,2024,4,5,120,2.0
5745,297,2023,3,5,7,4.0
5746,1244,2021,12,2,40,4.0
5747,669,2023,8,3,117,5.0
5748,1374,2023,1,2,139,5.0
5749,1026,2019,11,2,78,3.0
5750,1811,2024,4,3,80,3.0
5751,880,2021,12,1,146,2.0
5752,591,2020,3,3,14,4.0
5753,1179,2021,2,3,73,2.0
5754,1318,2020,2,1,37,3.0
5755,879,2020,5,3,72,4.0
5756,1120,2022,12,5,136,3.0
5757,942,2024,7,1,90,4.0
5758,612,2021,2,3,149,3.0
5759,628,2020,4,1,76,2.0
5760,1815,2023,6,2,130,2.0
5761,1351,2020,7,3,26,4.0
5762,191,2022,11,2,49,3.0
5763,1925,2020,1,3,42,4.0
5764,1425,2020,1,2,116,3.0
5765,101,2020,9,4,77,4.0
5766,1456,2021,2,2,34,4.0
5767,1180,2024,9,5,26,3.0
5768,1831,2023,5,3,58,3.0
5769,979,2023,5,1,24,3.0
5770,1038,2019,2,1,105,5.0
5771,630,2019,10,3,128,5.0
5772,644,2021,3,5,146,5.0
5773,1236,2024,1,3,36,5.0
5774,1656,2019,8,3,66,3.0
5775,1782,2023,2,4,76,3.0
5776,1542,2023,3,2,75,4.0
5777,1220,2020,3,3,68,4.0
5778,1001,2019,8,2,34,5.0
5779,680,2019,10,4,17,3.0
5780,1536,2019,11,4,61,3.0
5781,637,2024,12,2,14,
5782,536,2023,3,1,10,3.0
5783,1736,2023,3,4,79,3.0
5784,1180,2019,3,3,129,3.0
5785,709,2024,3,3,82,4.0
5786,1731,2023,1,3,4,2.0
5787,1926,2023,8,1,127,4.0
5788,636,2021,1,4,103,2.0
5789,1043,2020,1,2,46,3.0
5790,968,2023,5,3,41,3.0
5791,1404,2019,10,2,135,3.0
5792,1903,2020,6,2,72,4.0
5793,1098,2019,5,4,22,4.0
5794,1597,2019,3,3,43,2.0
5795,1192,2022,9,3,40,4.0
5796,1775,2020,4,4,61,4.0
5797,810,2024,12,3,52,3.0
5798,771,2024,2,4,83,4.0
5799,845,2020,10,4,49,5.0
5800,1994,2023,9,3,97,3.0
5801,1223,2019,5,1,74,4.0
5802,306,2020,5,1,142,5.0
5803,82,2022,12,3,125,4.0
5804,1038,2020,9,1,50,2.0
5805,1612,2019,1,2,7,5.0
5806,959,2019,7,2,88,
5807,1121,2022,9,1,51,4.0
5808,1597,2020,5,2,136,3.0
5809,1033,2020,9,2,61,5.0
5810,1818,2020,8,1,44,3.0
5811,1276,2024,4,4,51,4.0
5812,1463,2024,1,5,130,4.0
5813,1563,2023,1,3,17,2.0
5814,1254,2019,9,5,144,3.0
5815,101,2020,10,2,36,4.0
5816,855,2024,5,4,128,4.0
5817,283,2022,6,3,82,4.0
5818,1021,2019,7,3,86,3.0
5819,287,2020,11,3,31,3.0
5820,1019,2023,7,4,109,4.0
5821,688,2024,7,1,98,5.0
5822,41,2021,7,2,73,3.0
5823,250,2019,2,4,69,5.0
5824,1007,2019,9,3,90,4.0
5825,158,2020,11,2,71,4.0
5826,1712,2023,2,1,147,3.0
5827,1518,2023,1,1,7,5.0
5828,1419,2020,6,3,38,4.0
5829,345,2024,10,3,128,3.0
5830,1592,2024,1,2,119,3.0
5831,1270,2024,9,4,53,4.0
5832,781,2023,3,4,76,3.0
5833,1,2022,3,2,5,3.0
5834,1058,2024,3,2,27,3.0
5835,1592,2023,7,4,142,4.0
5836,67,2023,8,5,97,4.0
5837,106,2021,6,5,6,4.0
5838,766,2020,8,3,119,3.0
5839,1024,2022,10,5,61,4.0
5840,949,2021,10,1,86,3.0
5841,853,2021,9,2,129,3.0
5842,511,2023,7,1,126,3.0
5843,120,2022,3,3,21,4.0
5844,63,2020,9,2,55,5.0
5845,198,2020,9,3,41,3.0
5846,1381,2022,11,1,138,4.0
5847,1572,2020,9,3,118,3.0
5848,871,2020,2,4,98,3.0
5849,155,2020,7,4,9,3.0
5850,832,2022,9,2,121,5.0
5851,1972,2021,12,1,85,1.0
5852,500,2021,4,2,41,3.0
5853,983,2019,11,3,67,5.0
5854,1076,2019,4,2,67,5.0
5855,660,2023,5,4,45,5.0
5856,877,2024,12,5,137,4.0
5857,944,2020,2,2,138,4.0
5858,948,2024,3,1,8,2.0
5859,1436,2022,11,1,141,4.0
5860,1162,2020,11,4,61,4.0
5861,107,2022,2,1,120,3.0
5862,13,2019,10,4,118,3.0
5863,822,2021,8,3,90,5.0
5864,1816,2023,11,3,112,5.0
5865,74,2024,6,4,103,4.0
5866,143,2020,8,2,128,4.0
5867,1359,2024,3,4,64,4.0
5868,902,2022,8,1,111,3.0
5869,462,2020,6,4,147,5.0
5870,415,2023,5,5,143,3.0
5871,1331,2024,4,2,23,4.0
5872,1048,2020,5,3,75,4.0
5873,1277,2019,3,3,77,3.0
5874,561,2020,11,1,94,4.0
5875,1053,2023,5,3,98,3.0
5876,1721,2019,5,2,128,5.0
5877,634,2020,12,4,80,3.0
5878,793,2020,6,3,106,4.0
5879,328,2019,9,3,135,3.0
5880,1278,2022,12,4,16,5.0
5881,66,2023,11,4,97,4.0
5882,498,2019,5,2,56,3.0
5883,1427,2024,7,1,136,3.0
5884,39,2024,10,2,83,5.0
5885,1979,2024,7,4,91,4.0
5886,809,2023,4,2,114,2.0
5887,798,2021,7,2,37,4.0
5888,1073,2020,1,2,82,3.0
5889,1279,2024,11,2,116,3.0
5890,920,2022,8,3,117,2.0
5891,1769,2021,4,3,35,4.0
5892,1925,2021,6,2,126,3.0
5893,401,2020,1,2,25,4.0
5894,1414,2021,10,4,40,2.0
5895,602,2023,7,3,129,4.0
5896,1992,2022,1,3,93,4.0
5897,507,2021,6,2,82,3.0
5898,591,2019,1,5,84,4.0
5899,1429,2021,5,1,146,3.0
5900,1579,2020,11,3,35,5.0
5901,258,2021,8,4,45,2.0
5902,1112,2019,6,2,74,4.0
5903,692,2024,7,1,127,2.0
5904,1224,2020,7,4,83,4.0
5905,1114,2019,2,3,109,4.0
5906,1972,2022,3,5,123,4.0
5907,1868,2021,10,4,134,3.0
5908,1308,2024,12,5,70,5.0
5909,1359,2021,2,3,69,3.0
5910,1798,2022,11,3,13,4.0
5911,367,2024,1,5,13,3.0
5912,1452,2024,7,4,74,3.0
5913,1545,2023,10,1,113,2.0
5914,255,2022,3,3,126,3.0
5915,1763,2023,12,1,62,4.0
5916,1399,2020,12,5,86,5.0
5917,695,2024,6,3,122,4.0
5918,969,2024,11,3,48,4.0
5919,980,2021,1,5,24,3.0
5920,1838,2019,7,2,139,3.0
5921,1939,2023,4,3,82,3.0
5922,1614,2019,8,2,24,5.0
5923,1305,2019,4,1,38,4.0
5924,209,2024,6,1,50,2.0
5925,1830,2022,9,3,31,4.0
5926,268,2022,3,1,66,2.0
5927,334,2024,11,5,122,4.0
5928,140,2024,9,2,111,4.0
5929,1896,2024,4,2,138,4.0
5930,987,2019,9,1,126,3.0
5931,472,2020,4,2,47,3.0
5932,162,2023,7,3,9,2.0
5933,824,2019,8,5,23,4.0
5934,1448,2020,10,2,119,4.0
5935,1990,2022,5,2,52,1.0
5936,1105,2021,6,1,109,4.0
5937,1215,2020,6,3,69,3.0
5938,1672,2024,11,1,135,4.0
5939,1804,2021,11,1,77,3.0
5940,560,2021,3,4,136,3.0
5941,1984,2022,2,4,38,5.0
5942,1039,2023,12,2,117,3.0
5943,1861,2021,3,3,79,3.0
5944,235,2024,3,4,29,2.0
5945,195,2020,2,1,36,5.0
5946,1770,2024,2,3,48,4.0
5947,1346,2024,1,2,24,4.0
5948,351,2019,8,3,141,5.0
5949,1790,2023,7,2,32,4.0
5950,205,2019,2,4,90,4.0
5951,1365,2021,8,3,86,4.0
5952,411,2024,3,4,81,2.0
5953,142,2020,7,2,95,3.0
5954,1613,2022,9,3,138,3.0
5955,1695,2023,6,5,146,4.0
5956,212,2021,4,3,132,3.0
5957,187,2019,11,3,69,4.0
5958,1229,2019,10,3,110,3.0
5959,58,2022,11,5,28,3.0
5960,1493,2019,2,3,133,5.0
5961,1832,2019,4,3,30,3.0
5962,1503,2024,5,4,18,4.0
5963,462,2022,3,5,125,2.0
5964,381,2021,5,4,114,4.0
5965,1362,2019,3,1,21,2.0
5966,124,2023,6,3,145,5.0
5967,1076,2022,9,2,17,4.0
5968,898,2020,5,3,8,3.0
5969,1490,2023,9,3,144,4.0
5970,405,2020,5,1,34,3.0
5971,1525,2022,6,3,36,3.0
5972,1399,2022,4,2,120,4.0
5973,478,2020,2,4,92,4.0
5974,714,2024,1,2,79,3.0
5975,133,2023,3,1,149,4.0
5976,899,2020,8,3,13,5.0
5977,522,2019,2,4,139,4.0
5978,227,2020,6,3,41,2.0
5979,1120,2021,2,4,94,4.0
5980,1136,2022,5,4,49,4.0
5981,172,2021,4,1,44,2.0
5982,372,2019,3,1,49,3.0
5983,166,2023,7,2,84,5.0
5984,1358,2021,11,2,132,3.0
5985,677,2021,8,3,17,3.0
5986,143,2022,3,2,100,3.0
5987,384,2024,11,2,130,4.0
5988,1952,2019,12,3,111,4.0
5989,512,2024,10,3,148,5.0
5990,1370,2022,3,5,3,3.0
5991,937,2022,3,3,55,4.0
5992,364,2019,12,2,65,2.0
5993,615,2023,11,2,81,2.0
5994,29,2023,6,1,48,5.0
5995,1494,2022,6,3,38,5.0
5996,669,2023,7,3,128,4.0
5997,999,2024,11,5,35,5.0
5998,306,2024,4,2,144,3.0
5999,1649,2020,9,2,6,5.0
6000,437,2023,12,1,64,3.0
6001,1133,2019,4,3,92,4.0
6002,1746,2022,4,5,146,5.0
6003,1427,2019,2,2,115,2.0
6004,1207,2020,9,3,3,4.0
6005,1777,2023,4,1,113,4.0
6006,353,2021,1,3,49,3.0
6007,1928,2024,7,2,129,5.0
6008,1114,2019,7,1,117,3.0
6009,820,2024,1,3,29,3.0
6010,512,2023,9,1,55,4.0
6011,1490,2021,7,1,124,3.0
6012,1953,2019,6,2,139,5.0
6013,1381,2019,5,1,91,2.0
6014,66,2021,8,3,33,5.0
6015,939,2022,10,2,59,1.0
6016,1465,2022,10,3,120,1.0
6017,795,2020,5,3,90,4.0
6018,1546,2022,7,2,31,4.0
6019,1415,2022,4,2,43,5.0
6020,135,2021,3,3,30,5.0
6021,1116,2020,11,3,71,4.0
6022,344,2021,5,4,67,4.0
6023,974,2023,4,3,82,4.0
6024,769,2022,9,4,142,5.0
6025,1614,2019,9,3,98,2.0
6026,1737,2024,4,4,88,3.0
6027,923,2020,3,3,55,4.0
6028,1074,2023,8,5,96,5.0
6029,1253,2019,12,4,144,5.0
6030,1311,2020,2,2,2,
6031,1271,2022,3,4,53,3.0
6032,1567,2024,12,1,9,4.0
6033,1964,2022,9,5,31,2.0
6034,1657,2019,8,2,11,5.0
6035,270,2024,5,3,89,3.0
6036,953,2020,6,1,123,3.0
6037,923,2021,3,4,142,4.0
6038,1018,2019,10,5,36,3.0
6039,1057,2023,7,3,105,3.0
6040,1437,2021,10,2,50,4.0
6041,843,2020,11,3,48,3.0
6042,527,2022,2,2,92,4.0
6043,916,2020,11,5,102,4.0
6044,1709,2022,4,2,88,2.0
6045,623,2022,4,3,15,3.0
6046,42,2023,6,1,62,4.0
6047,1953,2023,4,5,43,4.0
6048,392,2022,5,3,1,3.0
6049,1206,2019,9,5,7,3.0
6050,1601,2020,4,2,68,4.0
6051,549,2022,8,3,16,4.0
6052,681,2022,5,1,111,5.0
6053,561,2022,4,4,9,3.0
6054,300,2023,2,2,36,3.0
6055,306,2024,11,3,148,4.0
6056,374,2022,2,3,107,4.0
6057,917,2019,7,1,84,4.0
6058,1062,2021,4,4,3,3.0
6059,32,2020,12,4,7,3.0
6060,1693,2022,1,3,137,4.0
6061,1352,2022,6,3,120,1.0
6062,142,2022,7,1,143,4.0
6063,1686,2022,12,3,122,4.0
6064,61,2020,2,4,1,1.0
6065,1122,2020,10,1,121,4.0
6066,931,2024,1,5,69,3.0
6067,1005,2021,4,3,104,3.0
6068,1913,2020,11,1,63,5.0
6069,1855,2024,5,2,109,4.0
6070,559,2019,8,3,127,3.0
6071,1160,2021,5,5,147,4.0
6072,1919,2023,11,4,82,4.0
6073,1458,2021,2,3,42,2.0
6074,1776,2024,12,5,92,5.0
6075,870,2021,3,2,75,4.0
6076,567,2022,8,2,31,5.0
6077,1022,2021,4,4,109,3.0
6078,1634,2021,10,3,12,4.0
6079,1858,2021,9,2,61,2.0
6080,1372,2024,2,4,104,1.0
6081,1414,2023,3,2,139,4.0
6082,1024,2021,9,3,94,4.0
6083,640,2021,7,4,147,3.0
6084,846,2021,7,2,125,1.0
6085,996,2023,5,4,36,3.0
6086,1632,2022,9,4,127,4.0
6087,1111,2022,12,2,51,3.0
6088,1587,2021,2,2,95,4.0
6089,55,2021,9,4,31,3.0
6090,1514,2022,12,3,81,3.0
6091,1015,2023,3,2,102,3.0
6092,1997,2024,6,1,138,1.0
6093,944,2019,7,2,142,4.0
6094,958,2020,10,3,121,4.0
6095,255,2023,9,4,84,4.0
6096,1614,2019,12,3,133,5.0
6097,1404,2022,0,2,16,3.0
6098,1725,2021,11,5,150,1.0
6099,186,2020,7,2,31,3.0
6100,424,2022,4,2,61,2.0
6101,1754,2022,9,5,137,5.0
6102,85,2023,5,2,108,4.0
6103,1017,2023,8,3,128,4.0
6104,810,2024,8,4,104,5.0
6105,1879,2021,1,2,91,3.0
6106,1714,2023,7,3,27,4.0
6107,1794,2023,1,4,150,4.0
6108,579,2024,5,2,96,5.0
6109,1176,2022,8,4,101,5.0
6110,1401,2020,8,2,65,3.0
6111,1935,2021,2,4,143,3.0
6112,15,2020,11,2,68,3.0
6113,1955,2020,9,3,29,2.0
6114,711,2020,4,3,28,3.0
6115,257,2021,6,2,105,3.0
6116,1232,2023,2,2,112,3.0
6117,1564,2020,5,4,31,3.0
6118,260,2020,9,4,105,5.0
6119,82,2019,11,1,150,3.0
6120,1794,2020,8,4,80,2.0
6121,1868,2021,4,2,146,3.0
6122,313,2021,11,3,24,3.0
6123,1809,2021,7,3,61,5.0
6124,1820,2020,9,4,84,4.0
6125,1995,2021,9,3,54,5.0
6126,433,2022,5,1,16,5.0
6127,1158,2019,1,2,69,2.0
6128,1989,2024,8,2,51,3.0
6129,1806,2020,11,3,31,2.0
6130,1210,2019,11,2,56,5.0
6131,395,2020,11,2,63,4.0
6132,169,2022,5,1,133,4.0
6133,519,2022,11,2,74,3.0
6134,131,2019,1,3,63,3.0
6135,391,2021,4,5,59,3.0
6136,150,2020,8,2,90,4.0
6137,1525,2024,4,1,42,4.0
6138,1180,2020,1,2,132,4.0
6139,1036,2024,3,3,63,4.0
6140,1620,2022,12,3,64,4.0
6141,822,2024,6,2,10,4.0
6142,806,2022,3,1,133,5.0
6143,414,2019,8,5,71,4.0
6144,890,2022,5,3,21,3.0
6145,350,2021,5,4,26,4.0
6146,1179,2023,12,2,55,4.0
6147,1995,2021,7,4,118,3.0
6148,1067,2020,1,4,15,4.0
6149,599,2019,12,1,19,4.0
6150,1377,2023,1,1,85,4.0
6151,1641,2020,9,1,75,5.0
6152,944,2023,2,4,144,
6153,501,2019,4,2,113,5.0
6154,1428,2019,12,2,99,4.0
6155,375,2023,3,3,51,3.0
6156,1995,2021,12,3,94,3.0
6157,636,2022,4,3,88,3.0
6158,701,2019,5,3,42,3.0
6159,1454,2020,12,2,56,5.0
6160,25,2019,9,1,140,5.0
6161,406,2020,4,1,81,5.0
6162,252,2020,9,4,71,4.0
6163,783,2021,6,5,120,3.0
6164,1108,2020,2,4,41,3.0
6165,360,2021,4,2,33,3.0
6166,689,2024,3,2,149,3.0
6167,1545,2019,6,3,121,4.0
6168,1880,2024,11,1,64,4.0
6169,29,2021,7,5,142,4.0
6170,1255,2022,2,4,56,4.0
6171,52,2023,8,5,102,2.0
6172,1041,2023,7,4,6,4.0
6173,1759,2024,5,3,105,4.0
6174,1597,2024,3,2,27,4.0
6175,466,2019,9,4,37,3.0
6176,518,2021,7,3,122,3.0
6177,1568,2022,6,4,31,3.0
6178,1640,2022,3,2,73,2.0
6179,562,2024,2,3,139,3.0
6180,7,2022,3,3,144,4.0
6181,889,2021,8,2,67,3.0
6182,1240,2024,1,3,13,2.0
6183,888,2023,1,1,44,4.0
6184,1870,2023,12,2,93,5.0
6185,1628,2022,4,3,51,3.0
6186,1576,2019,2,1,108,3.0
6187,41,2024,12,4,149,3.0
6188,1708,2023,5,2,94,4.0
6189,1511,2019,1,4,94,3.0
6190,794,2020,6,1,80,2.0
6191,1180,2021,1,3,28,4.0
6192,1649,2020,4,3,87,4.0
6193,1813,2022,12,4,140,5.0
6194,1102,2022,10,3,104,4.0
6195,83,2020,6,2,113,5.0
6196,1238,2023,5,3,130,4.0
6197,1361,2020,8,2,59,3.0
6198,118,2019,8,2,51,3.0
6199,1635,2024,10,3,146,5.0
6200,404,2020,7,4,69,3.0
6201,1781,2020,1,3,111,5.0
6202,1102,2023,11,5,96,3.0
6203,645,2023,5,1,19,2.0
6204,118,2019,10,2,48,5.0
6205,36,2019,10,3,49,3.0
6206,1483,2024,3,3,27,4.0
6207,755,2022,7,1,117,4.0
6208,1681,2021,10,2,145,3.0
6209,462,2021,5,5,145,5.0
6210,1841,2022,10,2,30,4.0
6211,1884,2023,7,2,68,4.0
6212,204,2019,12,2,35,3.0
6213,1294,2020,11,1,10,
6214,1880,2024,12,2,93,4.0
6215,647,2020,3,2,129,4.0
6216,136,2024,9,2,12,5.0
6217,1751,2021,10,2,97,4.0
6218,949,2020,6,3,6,4.0
6219,55,2022,3,2,127,2.0
6220,1681,2022,4,5,10,5.0
6221,1358,2021,7,2,66,3.0
6222,141,2023,11,2,19,4.0
6223,518,2019,11,4,62,5.0
6224,37,2019,11,4,65,4.0
6225,1910,2022,12,3,81,5.0
6226,50,2022,2,2,125,3.0
6227,1592,2023,12,4,150,4.0
6228,1023,2024,7,3,52,3.0
6229,1166,2024,2,2,139,3.0
6230,1624,2022,2,2,65,2.0
6231,1790,2022,4,1,18,3.0
6232,255,2024,4,1,91,4.0
6233,36,2024,2,1,109,5.0
6234,250,2019,5,2,46,3.0
6235,1366,2022,7,5,89,3.0
6236,1138,2024,4,4,65,3.0
6237,168,2019,9,1,22,3.0
6238,469,2024,9,1,58,3.0
6239,1075,2023,5,3,65,4.0
6240,1461,2019,1,2,52,3.0
6241,687,2022,4,4,138,2.0
6242,1900,2021,8,5,59,4.0
6243,1985,2021,5,3,94,4.0
6244,1533,2022,7,2,2,4.0
6245,909,2023,11,4,47,4.0
6246,1755,2024,10,3,133,4.0
6247,1456,2021,8,3,134,4.0
6248,1040,2019,2,4,147,3.0
6249,888,2024,9,2,9,5.0
6250,1665,2021,4,2,130,4.0
6251,1115,2023,5,4,41,3.0
6252,366,2023,9,2,1,3.0
6253,2000,2019,10,1,14,5.0
6254,137,2021,9,3,113,3.0
6255,1391,2019,4,1,89,3.0
6256,1312,2022,6,4,86,3.0
6257,1173,2023,5,5,133,4.0
6258,104,2022,6,5,15,3.0
6259,986,2020,10,1,13,4.0
6260,1785,2024,12,5,140,5.0
6261,480,2019,5,1,91,2.0
6262,1384,2019,4,2,117,3.0
6263,1718,2021,11,1,79,3.0
6264,1905,2024,2,4,22,2.0
6265,1033,2024,5,2,79,4.0
6266,628,2022,12,3,145,4.0
6267,1400,2024,11,4,18,2.0
6268,973,2024,10,2,19,3.0
6269,1255,2022,11,4,52,3.0
6270,1484,2019,3,2,69,4.0
6271,1421,2024,1,1,95,5.0
6272,486,2022,11,3,24,3.0
6273,1512,2019,6,4,141,4.0
6274,1084,2024,4,1,23,4.0
6275,1862,2021,6,4,31,3.0
6276,1319,2023,10,2,146,3.0
6277,1784,2020,6,3,57,4.0
6278,1958,2019,8,1,86,4.0
6279,1990,2021,7,2,66,4.0
6280,1490,2021,6,3,39,3.0
6281,1195,2024,12,3,77,3.0
6282,237,2019,12,2,117,4.0
6283,773,2024,6,3,2,4.0
6284,951,2019,10,2,132,4.0
6285,1562,2024,9,2,28,4.0
6286,1178,2023,2,1,138,3.0
6287,879,2021,11,4,145,
6288,294,2024,9,1,140,4.0
6289,1432,2021,11,2,98,3.0
6290,864,2022,10,2,136,2.0
6291,73,2019,12,3,129,5.0
6292,569,2019,7,2,96,4.0
6293,1759,2021,1,2,134,4.0
6294,238,2020,4,5,52,1.0
6295,813,2020,2,5,126,3.0
6296,1025,2021,3,1,139,4.0
6297,168,2022,7,3,96,3.0
6298,332,2019,12,4,19,4.0
6299,1881,2023,10,5,33,2.0
6300,1182,2024,6,2,26,3.0
6301,421,2024,6,4,80,2.0
6302,340,2020,7,2,66,4.0
6303,852,2024,5,3,125,2.0
6304,1448,2019,8,3,43,3.0
6305,1461,2019,12,4,25,4.0
6306,391,2023,2,5,93,4.0
6307,1452,2023,5,1,21,4.0
6308,1793,2019,1,2,136,3.0
6309,453,2021,11,3,13,4.0
6310,53,2021,3,2,74,3.0
6311,1918,2023,8,3,143,3.0
6312,1044,2022,1,4,84,3.0
6313,1553,2022,6,3,122,4.0
6314,641,2019,11,4,64,5.0
6315,599,2024,12,2,114,4.0
6316,451,2022,2,1,107,5.0
6317,435,2023,8,4,78,4.0
6318,944,2021,3,3,16,3.0
6319,212,2020,9,3,146,3.0
6320,1685,2023,7,1,8,2.0
6321,1023,2020,10,4,54,5.0
6322,1831,2020,11,1,97,5.0
6323,1005,2022,5,4,116,3.0
6324,607,2021,1,1,81,4.0
6325,1030,2024,4,1,61,4.0
6326,309,2022,3,2,62,4.0
6327,1649,2021,2,2,147,4.0
6328,1441,2019,9,5,51,4.0
6329,295,2021,11,3,129,4.0
6330,1164,2019,7,3,8,3.0
6331,1076,2020,7,1,99,4.0
6332,403,2020,8,3,103,3.0
6333,245,2022,11,1,102,4.0
6334,1521,2019,1,3,64,5.0
6335,529,2019,7,5,104,2.0
6336,1038,2019,11,2,67,4.0
6337,496,2024,2,4,90,3.0
6338,1307,2024,7,5,135,4.0
6339,98,2020,1,5,101,4.0
6340,719,2021,11,4,111,4.0
6341,1095,2020,8,4,146,3.0
6342,879,2022,12,2,33,3.0
6343,1225,2022,4,3,89,3.0
6344,361,2020,9,3,99,2.0
6345,884,2022,10,2,105,5.0
6346,1514,2019,1,2,20,5.0
6347,668,2022,10,2,115,4.0
6348,315,2023,9,1,30,3.0
6349,1696,2019,8,3,62,4.0
6350,1557,2023,7,4,108,3.0
6351,1361,2023,10,3,40,3.0
6352,1597,2024,2,3,19,5.0
6353,1558,2023,5,3,102,3.0
6354,1494,2019,4,1,43,4.0
6355,1019,2019,11,1,124,3.0
6356,39,2019,3,2,135,2.0
6357,1195,2022,1,5,53,3.0
6358,547,2023,12,4,111,4.0
6359,1547,2022,5,3,34,4.0
6360,937,2020,10,2,140,2.0
6361,1811,2020,3,5,37,3.0
6362,1192,2019,9,1,133,4.0
6363,1102,2021,12,1,118,3.0
6364,1839,2020,10,3,47,5.0
6365,951,2020,4,3,124,3.0
6366,752,2019,8,5,95,4.0
6367,744,2020,10,4,101,5.0
6368,1751,2024,0,5,57,3.0
6369,1513,2020,4,4,36,4.0
6370,327,2024,3,5,105,4.0
6371,985,2019,6,3,8,3.0
6372,743,2022,4,3,53,3.0
6373,1294,2019,9,3,22,4.0
6374,105,2021,8,5,1,1.0
6375,1429,2024,6,1,2,5.0
6376,1485,2023,10,3,15,2.0
6377,454,2022,3,2,141,5.0
6378,302,2022,11,3,116,2.0
6379,1256,2022,7,3,149,3.0
6380,515,2023,12,2,13,4.0
6381,1884,2022,8,3,150,4.0
6382,1551,2022,10,3,90,4.0
6383,1911,2019,3,2,120,4.0
6384,1070,2024,3,3,129,
6385,1877,2022,7,1,40,3.0
6386,28,2020,3,4,112,4.0
6387,580,2019,1,5,98,3.0
6388,5,2022,6,1,63,4.0
6389,1356,2023,0,2,74,2.0
6390,1022,2023,8,1,32,4.0
6391,576,2024,7,4,28,3.0
6392,610,2024,7,1,139,3.0
6393,1288,2022,10,3,110,5.0
6394,361,2024,1,2,85,5.0
6395,1030,2019,10,4,105,5.0
6396,1228,2021,6,3,61,4.0
6397,480,2021,9,3,38,4.0
6398,457,2023,10,3,142,4.0
6399,709,2020,4,4,149,4.0
6400,1185,2020,3,3,33,4.0
6401,509,2024,10,3,121,4.0
6402,759,2022,8,1,67,4.0
6403,1087,2022,3,2,107,4.0
6404,374,2020,4,2,17,4.0
6405,1138,2022,11,3,72,4.0
6406,277,2021,7,3,19,3.0
6407,286,2022,11,5,123,4.0
6408,474,2024,9,2,60,4.0
6409,574,2020,3,3,40,3.0
6410,60,2023,3,4,105,5.0
6411,1924,2022,12,2,144,3.0
6412,617,2021,9,3,51,5.0
6413,1610,2024,8,3,108,3.0
6414,1804,2019,9,2,104,2.0
6415,1602,2023,5,1,74,3.0
6416,1663,2021,4,1,121,4.0
6417,201,2023,10,2,20,4.0
6418,745,2019,11,5,132,5.0
6419,1493,2023,11,2,61,3.0
6420,1152,2019,10,1,7,4.0
6421,12,2021,11,3,149,2.0
6422,1135,2024,7,5,117,3.0
6423,1610,2022,4,1,123,3.0
6424,1658,2021,1,4,23,3.0
6425,768,2020,4,1,113,4.0
6426,473,2019,6,1,105,3.0
6427,620,2019,2,5,136,4.0
6428,593,2023,4,4,56,4.0
6429,694,2020,12,3,140,3.0
6430,604,2019,4,2,107,3.0
6431,915,2021,5,3,39,3.0
6432,82,2021,8,1,33,5.0
6433,551,2024,11,2,136,2.0
6434,630,2020,12,4,97,2.0
6435,307,2020,10,3,18,3.0
6436,1756,2019,2,3,19,3.0
6437,1351,2020,2,1,125,2.0
6438,1824,2022,9,4,26,4.0
6439,1124,2020,11,5,33,
6440,220,2023,8,5,93,4.0
6441,1810,2023,11,1,130,3.0
6442,917,2021,9,1,51,5.0
6443,1369,2020,5,3,100,5.0
6444,763,2023,11,3,106,3.0
6445,989,2024,10,4,91,3.0
6446,979,2024,5,2,103,3.0
6447,570,2024,8,3,35,4.0
6448,1110,2023,7,2,94,3.0
6449,1468,2023,2,5,1,3.0
6450,41,2024,4,1,110,2.0
6451,262,2021,3,5,119,3.0
6452,1685,2024,4,4,120,3.0
6453,1140,2019,7,1,5,4.0
6454,1948,2023,7,4,137,1.0
6455,1210,2021,11,2,66,4.0
6456,1307,2020,1,2,13,3.0
6457,1799,2023,10,3,81,2.0
6458,1321,2020,3,5,86,4.0
6459,660,2024,5,2,61,4.0
6460,1056,2023,2,2,113,3.0
6461,472,2019,1,3,82,4.0
6462,669,2024,2,3,33,2.0
6463,1361,2019,3,1,94,2.0
6464,298,2023,5,2,40,3.0
6465,1344,2023,4,1,18,3.0
6466,1169,2022,2,3,41,3.0
6467,617,2022,5,3,136,4.0
6468,90,2023,2,4,86,
6469,1410,2024,9,2,48,5.0
6470,1650,2023,9,4,55,4.0
6471,1461,2020,1,3,129,4.0
6472,842,2022,8,1,100,3.0
6473,1308,2020,11,5,117,2.0
6474,830,2019,12,3,92,5.0
6475,717,2019,1,3,149,4.0
6476,655,2021,12,1,99,5.0
6477,422,2024,5,1,61,2.0
6478,1939,2019,11,3,38,5.0
6479,1333,2019,3,4,7,4.0
6480,350,2019,9,3,116,4.0
6481,1731,2020,10,1,140,4.0
6482,303,2022,4,3,100,4.0
6483,1188,2023,9,2,74,4.0
6484,332,2019,3,1,20,4.0
6485,723,2023,9,4,97,4.0
6486,1318,2024,12,3,31,2.0
6487,1999,2019,4,4,94,3.0
6488,1984,2021,12,2,46,4.0
6489,1792,2023,9,1,130,4.0
6490,471,2023,7,3,141,4.0
6491,188,2020,4,3,36,3.0
6492,1812,2019,7,3,49,4.0
6493,1847,2021,12,4,139,4.0
6494,558,2024,1,3,3,3.0
6495,39,2024,11,3,78,2.0
6496,1296,2021,2,2,22,
6497,153,2022,11,3,65,3.0
6498,81,2022,7,3,5,3.0
6499,1875,2021,11,3,22,5.0
6500,992,2022,3,2,61,5.0
6501,225,2020,1,5,10,4.0
6502,1310,2022,6,1,120,3.0
6503,739,2022,10,5,87,3.0
6504,1073,2022,10,4,68,3.0
6505,1798,2024,10,3,71,4.0
6506,476,2023,10,1,126,2.0
6507,1294,2023,10,3,127,3.0
6508,1657,2023,11,1,8,3.0
6509,848,2022,3,5,103,4.0
6510,1941,2020,3,2,71,3.0
6511,897,2022,1,2,118,3.0
6512,919,2024,6,3,119,5.0
6513,1769,2024,4,1,107,5.0
6514,1272,2021,8,3,102,4.0
6515,1738,2021,7,4,32,4.0
6516,1581,2020,7,2,128,3.0
6517,1425,2019,8,2,106,3.0
6518,483,2020,12,3,42,3.0
6519,798,2019,2,3,35,4.0
6520,1729,2021,4,3,76,3.0
6521,1233,2019,6,2,52,2.0
6522,561,2020,1,3,102,3.0
6523,655,2023,10,2,61,4.0
6524,1552,2024,5,2,26,3.0
6525,357,2024,3,3,60,3.0
6526,225,2022,7,2,123,2.0
6527,1531,2022,3,3,125,4.0
6528,577,2024,5,1,47,4.0
6529,1531,2022,8,3,120,3.0
6530,1068,2019,4,1,14,3.0
6531,1996,2024,10,2,148,3.0
6532,1050,2022,4,4,115,3.0
6533,1735,2022,2,5,7,2.0
6534,1701,2019,6,5,106,2.0
6535,424,2021,3,3,75,3.0
6536,1993,2021,9,2,133,5.0
6537,1492,2023,7,4,36,5.0
6538,215,2021,2,3,134,5.0
6539,13,2021,5,5,131,4.0
6540,543,2023,11,3,42,2.0
6541,33,2019,10,3,65,5.0
6542,716,2023,8,1,97,4.0
6543,1993,2019,11,2,37,2.0
6544,958,2020,2,3,150,5.0
6545,48,2021,9,5,29,3.0
6546,988,2020,1,3,37,4.0
6547,439,2019,8,1,76,3.0
6548,1713,2021,1,2,71,4.0
6549,182,2023,5,1,8,4.0
6550,1542,2020,2,5,137,4.0
6551,892,2020,4,1,37,5.0
6552,38,2023,8,1,16,4.0
6553,1347,2024,10,3,78,3.0
6554,911,2022,12,3,140,4.0
6555,1544,2022,12,4,1,3.0
6556,1237,2023,2,2,74,3.0
6557,1575,2019,12,4,137,3.0
6558,921,2024,4,3,134,5.0
6559,16,2021,11,1,26,4.0
6560,262,2021,11,1,94,4.0
6561,918,2022,12,3,126,3.0
6562,795,2024,7,3,101,2.0
6563,1589,2024,10,3,99,3.0
6564,824,2023,6,1,116,3.0
6565,1721,2021,1,1,68,4.0
6566,376,2019,6,1,11,4.0
6567,770,2020,3,4,96,4.0
6568,1513,2024,2,3,95,4.0
6569,249,2019,2,1,128,2.0
6570,643,2021,3,3,139,2.0
6571,1504,2021,10,5,51,4.0
6572,1178,2023,12,1,144,4.0
6573,1557,2021,11,2,2,4.0
6574,1032,2023,8,2,146,4.0
6575,1719,2022,11,2,21,5.0
6576,1755,2024,4,2,97,5.0
6577,1950,2020,11,5,103,5.0
6578,245,2023,12,4,95,3.0
6579,1183,2023,2,4,149,5.0
6580,229,2023,5,5,83,5.0
6581,458,2021,4,2,20,3.0
6582,601,2020,2,4,92,3.0
6583,1293,2022,3,5,44,4.0
6584,863,2024,12,3,92,4.0
6585,1730,2020,3,5,58,2.0
6586,598,2022,8,4,7,3.0
6587,1235,2020,11,2,96,4.0
6588,1527,2023,10,2,14,3.0
6589,1961,2021,6,3,50,4.0
6590,491,2024,1,3,93,5.0
6591,1468,2019,6,2,133,3.0
6592,170,2019,4,1,48,5.0
6593,1087,2024,11,1,45,5.0
6594,828,2021,12,1,46,2.0
6595,1918,2019,3,3,87,3.0
6596,1547,2024,2,1,30,3.0
6597,1855,2021,10,1,80,3.0
6598,1702,2024,11,5,121,4.0
6599,822,2021,12,3,13,4.0
6600,1467,2023,10,5,145,3.0
6601,61,2022,6,2,80,4.0
6602,1116,2021,5,2,95,4.0
6603,95,2021,1,3,93,4.0
6604,1449,2020,11,5,142,5.0
6605,1934,2023,12,3,100,2.0
6606,1363,2022,12,5,133,4.0
6607,1680,2019,7,1,43,4.0
6608,469,2021,11,2,33,4.0
6609,1988,2021,1,4,97,4.0
6610,1102,2024,5,3,24,5.0
6611,1349,2021,2,2,17,3.0
6612,1542,2022,8,2,32,5.0
6613,1280,2019,1,4,41,2.0
6614,635,2021,4,2,15,4.0
6615,1223,2020,6,3,110,3.0
6616,1308,2021,2,2,88,4.0
6617,1715,2024,2,2,31,4.0
6618,963,2024,11,2,43,3.0
6619,1004,2020,4,1,140,5.0
6620,1007,2022,12,3,137,5.0
6621,229,2024,5,2,19,3.0
6622,181,2020,1,4,93,3.0
6623,41,2021,0,3,49,5.0
6624,1333,2022,9,2,54,5.0
6625,838,2019,1,3,90,2.0
6626,1732,2021,12,3,148,4.0
6627,1405,2019,4,1,88,4.0
6628,283,2020,8,2,143,3.0
6629,201,2019,6,3,124,4.0
6630,733,2023,1,1,117,2.0
6631,1842,2024,9,4,119,1.0
6632,98,2020,1,2,119,4.0
6633,375,2019,10,2,39,3.0
6634,60,2021,7,1,147,4.0
6635,828,2019,4,1,138,2.0
6636,1980,2021,12,2,91,4.0
6637,1368,2022,3,2,107,4.0
6638,987,2021,4,2,133,4.0
6639,289,2022,8,3,23,3.0
6640,712,2022,5,2,10,4.0
6641,1050,2019,6,5,150,4.0
6642,550,2023,10,3,84,3.0
6643,1411,2023,11,4,109,3.0
6644,1961,2019,10,3,76,4.0
6645,412,2021,1,2,78,4.0
6646,505,2020,12,3,6,4.0
6647,253,2021,6,3,44,5.0
6648,1452,2023,11,3,14,4.0
6649,924,2022,4,5,65,5.0
6650,568,2024,8,2,4,2.0
6651,439,2022,12,1,121,4.0
6652,141,2019,12,4,45,3.0
6653,953,2023,8,1,112,
6654,1367,2019,8,4,9,3.0
6655,471,2021,1,4,5,3.0
6656,4,2024,8,4,64,3.0
6657,947,2024,6,1,119,3.0
6658,1352,2019,1,2,122,4.0
6659,690,2024,12,3,82,3.0
6660,501,2024,6,2,93,4.0
6661,309,2024,10,4,104,4.0
6662,1493,2023,1,3,102,4.0
6663,1724,2019,3,3,112,4.0
6664,1540,2019,11,2,5,4.0
6665,1037,2022,12,3,65,4.0
6666,1449,2019,1,2,126,5.0
6667,794,2020,11,3,66,2.0
6668,49,2024,4,2,22,3.0
6669,736,2024,3,3,100,4.0
6670,1408,2020,12,4,46,4.0
6671,1295,2022,7,1,77,3.0
6672,1981,2022,10,2,78,4.0
6673,1995,2020,2,3,105,3.0
6674,486,2020,10,4,140,3.0
6675,20,2021,5,2,105,4.0
6676,549,2022,9,2,150,4.0
6677,1753,2023,8,4,3,3.0
6678,1628,2024,1,3,118,5.0
6679,198,2019,11,2,63,5.0
6680,321,2022,4,1,110,5.0
6681,1128,2022,5,3,13,5.0
6682,1322,2019,10,2,80,4.0
6683,1965,2024,11,3,5,4.0
6684,1511,2022,11,4,100,3.0
6685,424,2023,6,3,33,3.0
6686,75,2022,5,2,22,5.0
6687,1268,2021,10,2,12,2.0
6688,1108,2020,4,4,41,5.0
6689,1844,2021,8,4,144,3.0
6690,1152,2023,3,5,148,3.0
6691,1003,2022,3,4,13,4.0
6692,607,2022,7,3,147,4.0
6693,173,2019,11,4,89,3.0
6694,1753,2019,4,2,49,3.0
6695,1653,2023,9,4,142,2.0
6696,326,2024,1,3,37,1.0
6697,1408,2021,9,3,28,5.0
6698,729,2021,5,2,35,3.0
6699,875,2024,1,3,22,3.0
6700,1698,2020,7,2,73,4.0
6701,1685,2022,3,2,22,3.0
6702,382,2019,8,3,34,3.0
6703,616,2020,1,4,56,5.0
6704,1643,2021,5,4,98,4.0
6705,1834,2023,3,2,129,
6706,159,2020,4,4,12,3.0
6707,1668,2021,1,3,95,4.0
6708,979,2020,4,2,16,4.0
6709,1181,2019,2,5,149,4.0
6710,151,2023,8,2,42,5.0
6711,1361,2023,6,4,129,3.0
6712,1356,2022,4,2,117,3.0
6713,1326,2022,8,4,49,4.0
6714,1582,2019,12,4,49,3.0
6715,1893,2022,7,3,48,5.0
6716,1700,2023,4,1,71,
6717,1490,2021,5,2,67,4.0
6718,1963,2023,10,2,99,4.0
6719,1350,2020,2,4,70,3.0
6720,1345,2022,4,3,119,3.0
6721,1085,2021,6,2,70,4.0
6722,1539,2024,8,2,47,3.0
6723,143,2020,7,2,50,4.0
6724,1012,2020,9,3,110,3.0
6725,851,2023,12,2,22,3.0
6726,1826,2019,3,4,43,4.0
6727,146,2022,6,3,47,4.0
6728,1288,2019,5,2,97,3.0
6729,369,2022,2,2,20,4.0
6730,1768,2020,2,3,68,4.0
6731,1704,2020,8,5,102,4.0
6732,471,2021,7,1,139,3.0
6733,1744,2020,4,2,66,5.0
6734,994,2019,11,3,148,3.0
6735,1943,2022,0,2,92,2.0
6736,1460,2022,8,2,117,3.0
6737,69,2022,12,3,37,2.0
6738,406,2024,9,2,138,3.0
6739,808,2023,9,3,39,3.0
6740,423,2023,4,4,21,4.0
6741,265,2022,11,5,12,4.0
6742,1957,2023,6,3,99,4.0
6743,1739,2023,4,2,95,3.0
6744,870,2022,9,2,30,3.0
6745,431,2022,7,2,132,4.0
6746,364,2023,2,3,42,2.0
6747,1832,2024,1,1,92,4.0
6748,663,2021,2,2,79,1.0
6749,26,2020,2,2,89,4.0
6750,795,2021,3,2,112,4.0
6751,909,2019,5,3,140,4.0
6752,1247,2020,3,5,109,3.0
6753,678,2024,11,3,137,4.0
6754,1847,2019,12,2,131,3.0
6755,1288,2024,12,3,54,5.0
6756,1974,2022,2,3,84,4.0
6757,735,2020,7,4,30,2.0
6758,1304,2021,2,4,139,5.0
6759,731,2024,9,1,146,3.0
6760,1400,2019,2,3,134,3.0
6761,1492,2022,4,2,112,4.0
6762,644,2020,3,2,128,5.0
6763,1876,2022,6,5,120,3.0
6764,1715,2023,5,4,35,4.0
6765,1789,2024,7,2,40,3.0
6766,436,2020,3,4,80,4.0
6767,1436,2022,7,2,64,4.0
6768,213,2021,2,1,111,5.0
6769,212,2022,1,4,111,2.0
6770,1947,2019,2,4,147,3.0
6771,306,2024,4,2,119,4.0
6772,1729,2020,10,4,2,3.0
6773,862,2019,4,1,52,
6774,608,2023,7,3,50,2.0
6775,147,2021,9,5,96,5.0
6776,1351,2019,9,4,52,3.0
6777,1443,2023,8,3,147,4.0
6778,935,2020,3,2,44,
6779,1620,2024,8,4,66,2.0
6780,647,2024,4,5,123,5.0
6781,1104,2022,8,2,56,2.0
6782,574,2021,12,1,7,5.0
6783,1165,2021,1,2,50,1.0
6784,273,2022,2,3,54,4.0
6785,953,2024,3,2,92,2.0
6786,1099,2022,6,3,107,5.0
6787,1114,2019,6,2,83,3.0
6788,894,2020,4,5,62,3.0
6789,1288,2022,11,2,76,4.0
6790,1025,2021,1,4,22,5.0
6791,567,2021,7,5,28,5.0
6792,431,2021,7,3,92,3.0
6793,1296,2022,10,2,130,4.0
6794,1878,2020,7,4,79,4.0
6795,1507,2019,2,3,10,4.0
6796,1278,2020,4,3,148,4.0
6797,1844,2023,3,1,49,3.0
6798,1800,2022,6,2,113,4.0
6799,1013,2023,11,3,135,4.0
6800,219,2019,5,3,148,5.0
6801,1269,2019,5,5,18,3.0
6802,1246,2019,6,3,28,3.0
6803,555,2022,2,2,97,4.0
6804,1699,2022,11,3,115,3.0
6805,1740,2019,8,1,126,4.0
6806,662,2021,9,1,83,3.0
6807,954,2019,5,2,24,5.0
6808,391,2022,4,1,107,4.0
6809,357,2022,6,1,101,4.0
6810,531,2019,3,1,71,5.0
6811,732,2019,1,2,96,5.0
6812,546,2023,9,4,32,4.0
6813,304,2024,11,2,122,5.0
6814,895,2024,3,5,7,3.0
6815,1248,2022,8,4,126,4.0
6816,652,2022,11,4,126,3.0
6817,1068,2023,9,2,104,3.0
6818,543,2024,10,2,123,4.0
6819,1408,2024,11,3,137,3.0
6820,1298,2021,4,3,25,4.0
6821,1921,2021,1,1,82,4.0
6822,107,2019,10,2,97,3.0
6823,1707,2020,10,3,142,4.0
6824,681,2021,3,3,111,3.0
6825,133,2023,11,2,90,4.0
6826,1380,2021,1,2,84,5.0
6827,344,2022,5,3,22,5.0
6828,352,2024,12,3,48,4.0
6829,1960,2021,5,4,65,2.0
6830,442,2021,10,4,133,3.0
6831,1095,2023,1,3,130,5.0
6832,402,2020,6,2,97,3.0
6833,248,2021,10,2,16,4.0
6834,2,2024,11,1,109,4.0
6835,33,2021,6,3,69,4.0
6836,948,2020,1,4,98,3.0
6837,869,2024,7,3,65,4.0
6838,78,2022,9,3,109,4.0
6839,700,2023,6,2,33,2.0
6840,546,2020,12,3,22,2.0
6841,1143,2023,4,2,33,3.0
6842,1990,2024,10,2,139,2.0
6843,1384,2019,10,3,12,4.0
6844,1837,2020,6,1,43,3.0
6845,385,2022,2,2,52,4.0
6846,431,2023,5,1,126,4.0
6847,1502,2019,10,2,54,3.0
6848,621,2022,11,2,135,3.0
6849,1698,2019,6,3,149,3.0
6850,928,2024,4,2,98,4.0
6851,402,2023,10,1,52,3.0
6852,1689,2024,12,2,90,5.0
6853,1101,2020,2,2,101,5.0
6854,1606,2023,4,4,17,3.0
6855,905,2021,10,4,125,3.0
6856,253,2019,2,3,66,3.0
6857,1363,2021,12,3,127,4.0
6858,249,2021,3,4,92,3.0
6859,1327,2022,6,2,130,3.0
6860,834,2024,7,3,13,4.0
6861,1584,2020,5,3,7,4.0
6862,1741,2022,2,3,17,3.0
6863,815,2020,1,4,132,4.0
6864,1765,2024,5,4,150,4.0
6865,222,2021,4,3,150,5.0
6866,215,2023,11,5,50,3.0
6867,1988,2020,8,3,40,4.0
6868,1149,2020,2,3,53,4.0
6869,902,2024,10,3,123,5.0
6870,312,2020,8,4,38,4.0
6871,578,2022,2,5,83,4.0
6872,1373,2020,5,3,97,3.0
6873,1644,2021,9,2,55,3.0
6874,1833,2023,8,3,71,3.0
6875,816,2023,7,2,100,5.0
6876,910,2021,6,3,119,4.0
6877,327,2022,9,5,29,2.0
6878,167,2019,11,4,77,4.0
6879,876,2020,3,3,24,4.0
6880,1159,2023,5,2,3,3.0
6881,209,2022,11,3,97,4.0
6882,818,2019,7,2,73,5.0
6883,1284,2024,3,5,39,4.0
6884,1622,2021,2,2,9,5.0
6885,1877,2020,9,4,142,2.0
6886,681,2021,6,3,125,4.0
6887,784,2021,10,3,141,3.0
6888,1750,2022,2,5,18,3.0
6889,1387,2019,8,3,3,3.0
6890,548,2019,7,3,33,4.0
6891,1371,2024,6,1,16,3.0
6892,316,2023,6,1,69,2.0
6893,899,2021,4,3,97,2.0
6894,613,2024,10,2,30,3.0
6895,1986,2023,4,3,60,4.0
6896,70,2023,6,2,81,4.0
6897,1714,2023,11,2,48,5.0
6898,563,2024,8,4,70,4.0
6899,73,2024,1,4,89,4.0
6900,1321,2020,1,5,143,2.0
6901,1357,2023,7,2,47,5.0
6902,285,2019,9,2,14,4.0
6903,77,2022,6,2,131,2.0
6904,223,2019,12,5,87,5.0
6905,818,2020,11,3,71,3.0
6906,265,2023,6,5,109,2.0
6907,1407,2021,3,4,148,5.0
6908,156,2019,1,2,20,4.0
6909,1578,2024,1,3,130,3.0
6910,1750,2024,8,3,96,3.0
6911,1434,2020,5,3,88,5.0
6912,1889,2022,2,5,130,3.0
6913,1879,2020,1,2,46,4.0
6914,94,2023,6,4,119,3.0
6915,684,2023,8,2,86,5.0
6916,1521,2021,1,4,141,2.0
6917,680,2024,6,2,71,2.0
6918,1475,2023,6,3,109,3.0
6919,1549,2019,1,3,75,3.0
6920,1994,2021,11,3,60,4.0
6921,660,2023,3,5,57,3.0
6922,696,2022,2,4,139,4.0
6923,49,2019,2,2,126,4.0
6924,572,2023,6,2,34,3.0
6925,562,2021,9,2,130,4.0
6926,907,2020,4,2,88,3.0
6927,843,2023,10,2,16,5.0
6928,1714,2024,4,2,115,4.0
6929,1548,2022,3,4,25,4.0
6930,1458,2023,8,5,131,3.0
6931,11,2020,10,2,69,4.0
6932,944,2023,9,4,138,2.0
6933,1460,2024,7,2,73,4.0
6934,490,2020,11,3,13,5.0
6935,850,2024,11,2,116,1.0
6936,1455,2019,4,2,109,3.0
6937,1590,2021,8,3,46,4.0
6938,1710,2019,1,4,31,4.0
6939,860,2021,1,3,130,3.0
6940,800,2022,6,4,117,3.0
6941,766,2024,9,1,45,3.0
6942,1338,2019,8,3,106,4.0
6943,840,2024,2,1,37,4.0
6944,801,2024,9,1,28,4.0
6945,337,2019,8,2,100,5.0
6946,957,2024,10,1,125,3.0
6947,475,2024,8,4,138,3.0
6948,1050,2019,11,3,70,4.0
6949,1778,2019,5,3,22,3.0
6950,1552,2023,1,1,82,3.0
6951,957,2021,8,2,103,2.0
6952,1956,2020,12,3,146,4.0
6953,1961,2021,2,1,17,5.0
6954,889,2021,12,2,99,3.0
6955,1528,2024,10,1,77,4.0
6956,685,2020,1,5,89,5.0
6957,1758,2019,7,3,14,3.0
6958,748,2023,4,1,3,3.0
6959,517,2024,8,3,91,5.0
6960,268,2024,10,4,30,3.0
6961,1686,2024,5,2,93,4.0
6962,594,2019,6,2,4,5.0
6963,1627,2023,1,5,121,3.0
6964,173,2020,1,4,50,3.0
6965,1002,2021,10,3,68,4.0
6966,856,2021,5,2,52,5.0
6967,878,2024,11,2,63,4.0
6968,335,2022,7,4,80,4.0
6969,148,2020,5,3,97,4.0
6970,693,2019,11,2,104,3.0
6971,941,2022,1,1,149,4.0
6972,1588,2023,10,1,27,3.0
6973,925,2023,1,4,131,3.0
6974,492,2024,12,3,91,3.0
6975,525,2019,7,2,47,4.0
6976,1224,2021,6,3,138,5.0
6977,872,2022,8,4,107,3.0
6978,1803,2024,10,3,28,4.0
6979,880,2020,4,2,27,4.0
6980,1134,2023,2,5,99,4.0
6981,128,2020,12,1,110,4.0
6982,388,2022,7,3,7,3.0
6983,1701,2023,4,2,95,3.0
6984,690,2023,11,4,80,3.0
6985,843,2021,1,3,146,4.0
6986,1181,2021,11,2,112,4.0
6987,116,2024,1,3,137,5.0
6988,1014,2022,8,3,6,4.0
6989,693,2021,1,3,115,2.0
6990,298,2020,2,1,51,5.0
6991,837,2023,4,2,84,4.0
6992,894,2023,3,5,132,4.0
6993,373,2022,1,2,131,3.0
6994,1087,2019,9,3,34,4.0
6995,1493,2019,10,2,37,5.0
6996,535,2020,4,4,109,4.0
6997,1934,2019,9,3,132,5.0
6998,1225,2021,4,4,92,5.0
6999,1547,2021,3,3,9,4.0
7000,141,2021,11,3,25,1.0
7001,1535,2024,7,5,113,3.0
7002,674,2020,1,4,112,2.0
7003,1421,2023,9,3,135,5.0
7004,1609,2020,5,3,80,4.0
7005,501,2022,1,3,65,4.0
7006,519,2024,3,3,17,3.0
7007,120,2024,4,3,118,5.0
7008,1211,2022,1,4,143,2.0
7009,1549,2020,9,5,7,2.0
7010,821,2021,3,3,74,2.0
7011,322,2021,2,3,54,4.0
7012,633,2024,3,2,112,3.0
7013,806,2021,9,4,115,4.0
7014,1833,2023,7,4,33,4.0
7015,249,2024,10,5,143,2.0
7016,687,2019,6,3,21,4.0
7017,1277,2024,9,4,118,3.0
7018,474,2022,6,1,112,3.0
7019,1770,2022,8,3,25,5.0
7020,1819,2020,11,2,102,4.0
7021,761,2021,8,3,41,3.0
7022,1492,2022,6,2,42,4.0
7023,1512,2020,11,2,13,3.0
7024,1364,2023,8,4,112,4.0
7025,373,2023,12,3,122,4.0
7026,100,2019,8,2,76,3.0
7027,695,2020,9,4,117,2.0
7028,263,2022,7,1,53,3.0
7029,585,2023,11,2,85,4.0
7030,1277,2020,4,2,119,5.0
7031,1178,2024,7,2,65,3.0
7032,419,2022,11,4,93,3.0
7033,36,2022,3,3,22,5.0
7034,452,2019,6,3,77,4.0
7035,910,2022,1,3,128,4.0
7036,1559,2023,7,2,116,4.0
7037,731,2020,5,3,46,5.0
7038,572,2022,7,4,82,5.0
7039,1103,2019,3,3,93,3.0
7040,144,2020,10,3,141,4.0
7041,451,2019,12,2,125,5.0
7042,73,2023,7,1,123,3.0
7043,1052,2024,8,1,113,4.0
7044,887,2019,6,4,54,3.0
7045,1166,2023,4,2,57,3.0
7046,1235,2022,6,4,70,4.0
7047,791,2023,6,3,64,4.0
7048,1738,2022,10,3,144,4.0
7049,1837,2024,9,3,132,2.0
7050,222,2019,4,2,135,5.0
7051,1841,2019,8,5,92,4.0
7052,394,2020,12,2,29,4.0
7053,497,2023,6,4,22,3.0
7054,1060,2019,11,2,42,5.0
7055,59,2019,6,3,98,4.0
7056,729,2023,2,3,55,3.0
7057,390,2021,3,2,99,4.0
7058,966,2023,4,2,132,3.0
7059,1630,2021,7,3,51,4.0
7060,1849,2019,11,4,140,5.0
7061,425,2022,5,3,77,4.0
7062,1090,2019,4,1,121,3.0
7063,949,2021,8,2,9,2.0
7064,831,2024,4,5,42,4.0
7065,1266,2020,6,1,140,4.0
7066,1979,2020,3,3,134,2.0
7067,811,2024,4,2,86,3.0
7068,131,2020,1,3,5,4.0
7069,1832,2021,7,2,9,5.0
7070,1865,2023,6,5,64,4.0
7071,645,2019,3,3,135,5.0
7072,1004,2019,10,2,57,4.0
7073,1726,2024,3,3,133,3.0
7074,1008,2024,8,1,81,5.0
7075,963,2024,2,5,21,3.0
7076,1844,2019,1,2,85,4.0
7077,1658,2022,2,4,55,3.0
7078,1015,2024,7,4,34,4.0
7079,324,2024,3,2,102,5.0
7080,877,2021,4,5,31,3.0
7081,1353,2021,7,5,136,3.0
7082,545,2019,8,4,121,3.0
7083,1075,2019,10,3,118,4.0
7084,1318,2021,5,3,12,3.0
7085,171,2020,2,1,145,3.0
7086,1140,2024,12,5,74,3.0
7087,1476,2019,10,2,110,3.0
7088,429,2022,10,4,29,2.0
7089,1097,2022,12,4,116,3.0
7090,1419,2019,9,5,48,4.0
7091,89,2021,12,4,107,4.0
7092,1289,2024,7,4,42,2.0
7093,520,2019,7,4,140,3.0
7094,795,2019,8,3,107,5.0
7095,1297,2019,7,1,68,2.0
7096,9,2019,6,5,69,5.0
7097,34,2024,4,3,1,4.0
7098,894,2019,10,4,45,3.0
7099,1900,2020,4,2,119,3.0
7100,13,2023,11,3,125,3.0
7101,1578,2024,9,3,150,5.0
7102,150,2019,12,5,13,4.0
7103,978,2021,8,2,38,4.0
7104,862,2020,8,3,115,4.0
7105,937,2020,5,2,55,4.0
7106,164,2024,9,3,38,3.0
7107,1508,2021,7,3,43,3.0
7108,552,2022,5,1,138,4.0
7109,1543,2019,1,3,129,4.0
7110,1311,2020,1,4,1,3.0
7111,1103,2021,3,4,127,5.0
7112,618,2022,9,4,84,4.0
7113,1305,2024,12,1,127,3.0
7114,1996,2020,12,3,94,4.0
7115,1847,2022,7,3,104,3.0
7116,1833,2021,11,4,87,2.0
7117,440,2023,1,4,111,4.0
7118,1171,2021,11,3,123,4.0
7119,796,2021,12,4,77,4.0
7120,1934,2022,5,4,17,3.0
7121,1901,2021,1,3,14,3.0
7122,1737,2023,9,1,63,4.0
7123,326,2019,1,4,72,4.0
7124,638,2021,8,3,130,5.0
7125,1423,2020,4,3,5,4.0
7126,1500,2019,7,2,134,5.0
7127,701,2019,12,1,9,5.0
7128,274,2021,2,4,75,3.0
7129,274,2020,1,1,64,3.0
7130,1370,2023,7,3,84,4.0
7131,909,2022,9,3,7,2.0
7132,983,2023,4,1,115,3.0
7133,1631,2024,2,3,21,3.0
7134,34,2023,9,1,117,4.0
7135,1510,2021,9,2,86,4.0
7136,549,2024,12,5,134,2.0
7137,1863,2021,11,3,147,5.0
7138,1911,2023,9,5,127,3.0
7139,1005,2020,1,3,68,5.0
7140,632,2024,4,4,63,2.0
7141,467,2020,8,1,100,3.0
7142,363,2022,6,2,98,4.0
7143,1999,2021,1,2,119,3.0
7144,376,2020,7,1,73,5.0
7145,894,2020,10,5,70,4.0
7146,959,2022,9,3,18,3.0
7147,1359,2019,12,3,26,5.0
7148,1686,2020,2,3,124,4.0
7149,1116,2024,12,2,149,2.0
7150,1517,2019,7,5,91,4.0
7151,1134,2023,4,3,52,4.0
7152,874,2020,11,1,9,3.0
7153,316,2020,2,3,7,3.0
7154,418,2021,1,1,102,4.0
7155,865,2021,9,3,97,2.0
7156,93,2023,9,3,43,3.0
7157,633,2023,2,5,29,3.0
7158,926,2021,11,5,11,4.0
7159,946,2020,11,1,103,3.0
7160,1630,2019,10,1,91,5.0
7161,1936,2023,5,4,50,3.0
7162,1460,2024,12,3,110,2.0
7163,160,2019,2,3,127,5.0
7164,818,2022,10,3,78,4.0
7165,1460,2020,11,3,40,4.0
7166,1190,2020,7,3,1,4.0
7167,916,2023,5,5,120,3.0
7168,873,2020,6,3,87,4.0
7169,812,2020,1,2,53,3.0
7170,1159,2019,1,2,1,5.0
7171,358,2024,5,5,123,4.0
7172,1036,2024,1,3,139,3.0
7173,412,2024,8,3,73,3.0
7174,1362,2020,8,1,41,3.0
7175,1730,2020,11,5,93,5.0
7176,1016,2024,4,3,131,3.0
7177,776,2022,10,5,89,3.0
7178,1882,2020,4,2,2,5.0
7179,1320,2019,7,2,30,2.0
7180,857,2023,10,2,15,4.0
7181,58,2023,5,2,62,3.0
7182,32,2019,2,5,68,3.0
7183,443,2021,10,3,81,3.0
7184,473,2021,4,4,114,2.0
7185,1443,2021,3,4,17,4.0
7186,1002,2021,9,2,142,5.0
7187,2000,2020,7,3,40,4.0
7188,1082,2021,1,4,79,4.0
7189,1807,2024,11,3,32,5.0
7190,1105,2024,7,2,54,4.0
7191,717,2019,4,4,125,1.0
7192,1430,2023,2,3,7,4.0
7193,899,2022,9,5,73,2.0
7194,550,2020,10,3,88,3.0
7195,947,2020,9,3,86,2.0
7196,1330,2023,8,3,58,3.0
7197,752,2021,11,4,57,3.0
7198,1409,2019,8,5,137,4.0
7199,1962,2024,3,3,37,4.0
7200,823,2024,3,2,73,3.0
7201,591,2021,5,1,55,4.0
7202,805,2021,9,2,115,1.0
7203,1677,2021,1,2,121,2.0
7204,358,2020,4,3,128,5.0
7205,1948,2019,6,1,13,3.0
7206,828,2020,7,3,15,3.0
7207,1684,2021,2,5,57,3.0
7208,1574,2019,2,2,67,2.0
7209,1568,2019,11,3,10,3.0
7210,1818,2024,2,1,135,4.0
7211,370,2024,1,3,135,3.0
7212,1188,2020,3,5,64,5.0
7213,199,2022,5,2,116,3.0
7214,599,2019,3,4,85,4.0
7215,82,2024,10,1,99,3.0
7216,1365,2023,2,2,131,4.0
7217,1216,2020,2,1,14,2.0
7218,1481,2020,2,2,35,4.0
7219,353,2020,8,2,65,4.0
7220,665,2019,11,3,135,3.0
7221,1353,2021,2,2,89,3.0
7222,1654,2023,7,4,60,4.0
7223,1772,2023,5,2,5,3.0
7224,148,2019,8,2,89,
7225,806,2021,8,3,41,3.0
7226,22,2023,4,3,50,5.0
7227,1638,2024,8,4,150,3.0
7228,246,2022,1,4,80,2.0
7229,1645,2023,6,3,21,2.0
7230,313,2020,12,5,8,3.0
7231,31,2024,11,2,59,4.0
7232,1758,2021,1,5,10,3.0
7233,878,2023,1,2,65,4.0
7234,850,2020,10,2,63,4.0
7235,1294,2020,3,2,132,3.0
7236,550,2022,8,3,51,3.0
7237,1382,2022,7,3,42,5.0
7238,859,2022,5,1,93,5.0
7239,546,2023,4,2,96,4.0
7240,790,2023,9,3,6,3.0
7241,13,2020,4,3,13,4.0
7242,603,2021,10,5,26,4.0
7243,1183,2019,3,5,117,4.0
7244,276,2023,11,3,32,4.0
7245,238,2019,9,3,149,4.0
7246,1312,2019,7,3,67,3.0
7247,857,2022,2,4,141,4.0
7248,274,2024,3,4,38,3.0
7249,1496,2021,8,4,64,4.0
7250,1551,2020,7,3,21,2.0
7251,70,2020,2,4,127,4.0
7252,404,2024,2,3,90,
7253,741,2022,8,2,12,3.0
7254,1463,2021,5,3,112,3.0
7255,149,2024,6,2,134,4.0
7256,1612,2019,8,2,103,3.0
7257,639,2022,11,3,122,4.0
7258,251,2021,4,3,42,4.0
7259,1727,2020,9,5,65,3.0
7260,174,2024,11,5,129,4.0
7261,260,2024,11,3,92,3.0
7262,1900,2024,12,2,92,3.0
7263,1040,2019,1,1,116,2.0
7264,927,2023,1,5,93,3.0
7265,1375,2021,11,2,19,5.0
7266,1261,2021,3,2,32,4.0
7267,1228,2020,4,3,117,4.0
7268,47,2022,6,1,37,4.0
7269,1104,2024,8,3,100,3.0
7270,558,2020,1,4,72,3.0
7271,1616,2022,8,4,94,4.0
7272,1011,2022,2,3,36,3.0
7273,248,2022,5,1,47,2.0
7274,1773,2020,11,2,104,5.0
7275,569,2019,2,2,26,3.0
7276,543,2023,1,2,47,4.0
7277,1873,2022,6,1,150,4.0
7278,1551,2023,3,3,23,5.0
7279,1720,2022,3,2,87,4.0
7280,1325,2021,6,3,23,3.0
7281,1821,2020,3,2,107,3.0
7282,231,2022,1,3,20,5.0
7283,1200,2023,12,4,87,5.0
7284,587,2020,10,1,66,5.0
7285,797,2019,5,3,104,4.0
7286,476,2019,10,3,1,3.0
7287,411,2022,12,3,78,3.0
7288,886,2020,5,5,82,2.0
7289,1837,2023,2,4,37,3.0
7290,1271,2020,3,4,45,2.0
7291,699,2021,12,4,106,
7292,867,2020,11,5,83,5.0
7293,1060,2021,9,4,87,5.0
7294,490,2023,9,3,141,5.0
7295,1043,2023,4,4,61,4.0
7296,1392,2023,7,2,131,3.0
7297,487,2022,5,5,147,3.0
7298,1169,2021,5,2,87,3.0
7299,1417,2020,9,2,32,5.0
7300,1039,2024,7,2,63,1.0
7301,584,2023,6,4,7,5.0
7302,1109,2024,3,3,105,3.0
7303,1587,2023,8,4,42,3.0
7304,444,2019,6,3,139,1.0
7305,1150,2020,1,3,98,5.0
7306,1361,2021,9,4,74,4.0
7307,643,2020,5,3,28,
7308,776,2024,5,3,15,5.0
7309,1778,2021,12,4,101,4.0
7310,727,2020,9,2,115,3.0
7311,1197,2022,1,3,40,2.0
7312,300,2021,9,1,2,3.0
7313,1852,2019,4,3,48,5.0
7314,1194,2024,10,4,115,2.0
7315,1521,2024,5,1,88,5.0
7316,1206,2023,7,1,13,3.0
7317,711,2020,9,4,18,3.0
7318,681,2023,3,4,16,
7319,1403,2020,2,3,114,3.0
7320,1720,2024,9,2,118,4.0
7321,256,2024,1,2,62,5.0
7322,1691,2020,10,1,104,4.0
7323,1661,2020,6,3,4,2.0
7324,219,2023,2,3,85,4.0
7325,217,2020,10,4,41,4.0
7326,1391,2023,11,3,124,3.0
7327,1686,2023,1,2,74,3.0
7328,788,2020,12,2,128,4.0
7329,1282,2023,5,4,85,3.0
7330,2000,2019,9,3,69,4.0
7331,646,2021,4,4,143,3.0
7332,451,2020,2,3,150,4.0
7333,1984,2019,12,1,69,4.0
7334,562,2023,8,4,54,2.0
7335,946,2019,4,2,97,3.0
7336,885,2023,5,1,26,3.0
7337,1047,2019,10,3,58,3.0
7338,538,2024,4,4,127,3.0
7339,1359,2024,9,3,135,3.0
7340,1384,2020,1,3,63,4.0
7341,402,2021,12,3,59,4.0
7342,962,2022,9,4,132,
7343,115,2022,5,4,31,2.0
7344,442,2019,7,4,10,4.0
7345,1975,2024,3,1,11,4.0
7346,1013,2024,6,3,17,5.0
7347,1246,2021,5,4,132,3.0
7348,1778,2022,5,2,7,5.0
7349,1428,2020,10,2,50,3.0
7350,1585,2023,5,5,91,3.0
7351,1425,2022,1,4,92,5.0
7352,998,2020,6,5,125,4.0
7353,1266,2020,1,3,148,4.0
7354,577,2019,6,1,61,4.0
7355,1781,2023,9,1,35,5.0
7356,360,2019,2,4,14,4.0
7357,1769,2022,1,4,134,2.0
7358,1757,2023,5,3,57,4.0
7359,285,2019,6,3,135,4.0
7360,1421,2019,1,4,53,4.0
7361,1980,2023,4,2,114,2.0
7362,1145,2023,10,1,97,4.0
7363,681,2019,7,5,108,5.0
7364,1759,2020,7,3,98,5.0
7365,1026,2022,2,4,47,3.0
7366,244,2022,10,5,16,3.0
7367,499,2022,8,4,2,3.0
7368,1365,2020,6,3,64,3.0
7369,911,2022,8,3,134,3.0
7370,434,2019,2,3,97,3.0
7371,1599,2024,9,5,102,4.0
7372,242,2022,4,1,39,3.0
7373,439,2021,1,3,73,3.0
7374,932,2021,3,4,62,3.0
7375,80,2021,5,2,21,3.0
7376,775,2021,6,4,93,4.0
7377,1820,2020,3,2,55,4.0
7378,1883,2022,10,1,61,4.0
7379,1744,2020,4,1,90,3.0
7380,648,2020,2,3,5,4.0
7381,130,2024,3,1,141,4.0
7382,1630,2022,5,3,34,2.0
7383,747,2024,1,2,102,4.0
7384,1498,2022,2,1,117,4.0
7385,239,2023,2,2,24,4.0
7386,1336,2019,5,4,38,2.0
7387,1173,2022,12,2,62,4.0
7388,1841,2021,7,4,123,2.0
7389,204,2019,1,4,96,4.0
7390,816,2019,1,4,71,4.0
7391,1980,2020,2,3,128,4.0
7392,780,2019,1,4,71,5.0
7393,1317,2021,7,3,133,3.0
7394,322,2019,9,3,116,3.0
7395,1457,2023,6,1,26,3.0
7396,552,2022,5,5,58,5.0
7397,1145,2024,8,4,4,3.0
7398,1760,2019,5,3,36,5.0
7399,1323,2019,10,3,4,3.0
7400,949,2024,9,3,16,3.0
7401,381,2021,12,1,1,5.0
7402,683,2023,2,2,101,4.0
7403,1699,2020,6,2,62,4.0
7404,433,2019,11,4,71,4.0
7405,1313,2021,9,3,115,4.0
7406,970,2022,10,2,122,3.0
7407,642,2019,6,2,80,4.0
7408,1434,2019,5,4,69,3.0
7409,725,2020,10,4,98,3.0
7410,574,2019,6,4,63,3.0
7411,1059,2024,5,2,67,3.0
7412,1516,2024,5,3,45,3.0
7413,1729,2019,2,3,29,3.0
7414,1260,2021,10,2,30,4.0
7415,1324,2021,11,2,99,4.0
7416,1576,2019,1,3,125,3.0
7417,539,2022,5,3,64,3.0
7418,502,2024,9,3,15,3.0
7419,968,2022,2,2,92,3.0
7420,1263,2024,4,3,136,3.0
7421,1292,2022,12,3,80,3.0
7422,308,2022,10,3,5,5.0
7423,1562,2024,11,4,13,5.0
7424,728,2023,12,2,79,3.0
7425,1755,2023,9,3,130,5.0
7426,1449,2023,4,3,9,4.0
7427,1966,2019,12,3,114,3.0
7428,1264,2023,6,4,117,5.0
7429,1055,2023,7,3,8,2.0
7430,376,2021,7,4,32,4.0
7431,798,2022,7,1,1,4.0
7432,1717,2023,7,5,85,3.0
7433,765,2019,10,4,27,4.0
7434,107,2022,2,1,138,5.0
7435,491,2023,6,3,14,5.0
7436,1191,2020,7,3,98,3.0
7437,1259,2020,7,5,119,
7438,1968,2019,9,2,27,4.0
7439,1868,2020,5,3,38,4.0
7440,1064,2021,12,3,120,5.0
7441,1110,2024,1,2,14,3.0
7442,1602,2019,9,4,67,3.0
7443,98,2022,3,4,38,3.0
7444,1191,2019,8,3,2,3.0
7445,949,2023,1,5,68,5.0
7446,1567,2021,3,5,74,4.0
7447,1601,2021,5,4,53,4.0
7448,1312,2024,2,2,122,5.0
7449,1315,2023,4,4,15,3.0
7450,1383,2019,8,2,65,4.0
7451,1161,2020,2,3,28,4.0
7452,456,2020,8,5,114,3.0
7453,570,2022,6,2,84,4.0
7454,1484,2023,11,2,106,4.0
7455,1237,2022,8,4,17,4.0
7456,476,2021,6,1,69,5.0
7457,1756,2023,10,2,8,2.0
7458,1962,2023,3,2,49,4.0
7459,1253,2019,7,4,142,4.0
7460,456,2022,3,3,109,4.0
7461,1877,2023,6,2,12,4.0
7462,474,2022,6,5,56,2.0
7463,865,2020,8,4,131,5.0
7464,1718,2019,4,3,26,2.0
7465,1042,2020,8,2,114,2.0
7466,486,2021,3,4,49,4.0
7467,161,2024,3,2,72,3.0
7468,722,2022,2,5,132,4.0
7469,1345,2024,6,2,101,2.0
7470,1430,2019,5,4,43,4.0
7471,446,2023,10,5,2,4.0
7472,318,2020,5,2,36,2.0
7473,1403,2022,7,2,63,4.0
7474,319,2021,12,1,21,5.0
7475,129,2024,8,2,133,3.0
7476,973,2023,11,3,9,3.0
7477,1142,2021,7,1,82,4.0
7478,488,2022,3,1,147,4.0
7479,423,2023,6,3,51,3.0
7480,472,2023,10,2,81,2.0
7481,686,2022,2,4,12,3.0
7482,19,2023,6,2,110,3.0
7483,24,2023,7,1,147,4.0
7484,741,2019,12,2,116,4.0
7485,40,2021,12,2,23,2.0
7486,637,2024,8,1,53,4.0
7487,1162,2020,3,2,109,5.0
7488,63,2023,3,2,120,5.0
7489,1236,2022,8,3,61,5.0
7490,1243,2020,3,3,145,3.0
7491,1147,2021,9,3,31,3.0
7492,1254,2021,12,5,112,2.0
7493,1619,2019,3,3,75,4.0
7494,142,2020,12,2,107,5.0
7495,338,2023,1,3,90,3.0
7496,635,2024,6,4,65,3.0
7497,1377,2024,5,3,123,3.0
7498,1746,2021,7,2,127,2.0
7499,1838,2023,6,4,123,5.0
7500,1165,2021,7,2,14,4.0
7501,821,2023,2,2,64,4.0
7502,824,2024,10,4,113,4.0
7503,120,2021,12,5,131,3.0
7504,931,2022,6,4,55,4.0
7505,1026,2024,11,5,112,3.0
7506,417,2019,2,2,85,2.0
7507,1536,2020,9,3,34,4.0
7508,1624,2022,4,2,134,5.0
7509,605,2020,9,3,67,
7510,1829,2023,7,4,91,3.0
7511,215,2020,1,1,44,
7512,1822,2021,5,2,4,2.0
7513,1537,2023,6,5,68,5.0
7514,448,2022,10,2,109,4.0
7515,1301,2023,2,2,50,3.0
7516,622,2022,12,5,140,2.0
7517,1600,2022,1,2,113,2.0
7518,322,2022,3,4,97,4.0
7519,490,2023,2,2,121,2.0
7520,615,2024,11,2,130,4.0
7521,400,2019,7,2,109,4.0
7522,666,2022,9,1,124,2.0
7523,1206,2023,9,3,107,4.0
7524,1267,2022,8,4,130,3.0
7525,1108,2021,4,3,16,5.0
7526,380,2023,2,3,52,5.0
7527,405,2021,6,2,134,3.0
7528,1839,2019,5,3,72,5.0
7529,503,2020,6,2,3,4.0
7530,207,2019,12,1,128,4.0
7531,908,2023,2,5,99,4.0
7532,14,2024,8,5,137,2.0
7533,686,2021,2,2,3,3.0
7534,1710,2023,8,2,23,3.0
7535,535,2024,9,3,77,5.0
7536,1408,2021,1,3,28,3.0
7537,980,2024,6,4,79,2.0
7538,711,2019,4,3,53,3.0
7539,1324,2023,6,1,32,4.0
7540,1191,2019,6,3,116,3.0
7541,637,2023,6,1,6,2.0
7542,448,2019,8,3,132,5.0
7543,1834,2023,3,3,24,2.0
7544,337,2021,11,5,88,3.0
7545,1919,2020,11,2,149,3.0
7546,943,2022,6,3,17,3.0
7547,1994,2024,11,1,140,2.0
7548,707,2019,4,4,46,5.0
7549,1132,2020,3,2,112,4.0
7550,1231,2022,4,2,129,4.0
7551,678,2019,10,1,35,4.0
7552,437,2024,2,4,53,2.0
7553,1041,2022,4,1,130,4.0
7554,1326,2024,2,3,16,4.0
7555,523,2021,6,2,17,4.0
7556,1534,2023,4,4,46,4.0
7557,1278,2020,10,5,91,4.0
7558,334,2021,10,2,122,4.0
7559,1878,2021,11,3,85,4.0
7560,88,2022,5,2,75,3.0
7561,1308,2020,7,3,131,4.0
7562,880,2022,11,1,26,3.0
7563,1308,2024,9,2,136,3.0
7564,1549,2019,12,4,47,3.0
7565,1375,2023,12,2,42,3.0
7566,1302,2024,1,1,144,3.0
7567,1682,2019,3,2,97,4.0
7568,1404,2023,9,3,65,3.0
7569,1628,2021,2,5,50,3.0
7570,806,2022,2,4,67,4.0
7571,406,2020,2,4,119,1.0
7572,470,2020,1,5,23,5.0
7573,1225,2020,8,3,27,3.0
7574,1064,2019,4,3,46,3.0
7575,155,2021,12,3,73,4.0
7576,409,2024,2,5,123,3.0
7577,1936,2023,6,1,32,
7578,1453,2020,8,3,118,3.0
7579,1510,2022,5,4,137,4.0
7580,394,2019,9,1,66,5.0
7581,129,2019,11,4,145,4.0
7582,583,2022,8,4,135,4.0
7583,1714,2020,8,3,120,3.0
7584,1014,2023,7,4,58,4.0
7585,1570,2019,12,1,46,3.0
7586,974,2019,10,5,130,4.0
7587,981,2023,1,1,67,3.0
7588,1202,2020,10,1,5,2.0
7589,1918,2019,2,3,108,4.0
7590,875,2023,11,4,53,3.0
7591,1192,2023,4,4,141,5.0
7592,1839,2024,9,3,129,3.0
7593,745,2022,9,4,16,4.0
7594,1680,2021,5,3,136,3.0
7595,1071,2023,12,4,143,2.0
7596,1759,2023,7,1,114,4.0
7597,936,2022,6,5,42,4.0
7598,1260,2020,6,4,101,5.0
7599,647,2024,4,4,131,4.0
7600,1271,2023,2,2,123,3.0
7601,653,2024,12,5,65,4.0
7602,1219,2022,10,1,107,4.0
7603,1578,2021,10,1,58,2.0
7604,870,2024,11,2,39,2.0
7605,859,2022,8,5,101,2.0
7606,645,2023,12,5,70,4.0
7607,1461,2024,12,3,34,4.0
7608,1185,2020,3,4,100,4.0
7609,1033,2020,6,3,49,4.0
7610,52,2019,2,1,89,3.0
7611,221,2022,9,3,55,3.0
7612,15,2023,2,1,133,5.0
7613,1701,2024,10,3,128,4.0
7614,1704,2019,10,2,72,2.0
7615,136,2019,5,2,107,2.0
7616,93,2023,8,3,27,4.0
7617,1563,2020,12,3,150,3.0
7618,1050,2021,10,4,33,3.0
7619,618,2019,6,3,131,2.0
7620,1230,2019,11,2,127,3.0
7621,473,2022,1,4,27,5.0
7622,397,2023,3,1,2,3.0
7623,735,2024,4,4,111,3.0
7624,1792,2021,5,2,131,3.0
7625,1535,2022,9,2,108,4.0
7626,381,2024,10,3,9,3.0
7627,1124,2021,1,5,97,2.0
7628,1770,2020,4,2,59,4.0
7629,1904,2023,10,5,138,3.0
7630,1526,2019,7,3,121,4.0
7631,258,2020,4,2,120,2.0
7632,482,2019,6,3,62,5.0
7633,438,2022,8,4,49,4.0
7634,302,2020,8,3,124,3.0
7635,351,2021,10,1,18,4.0
7636,633,2022,12,4,16,5.0
7637,1112,2020,10,4,10,5.0
7638,796,2021,2,4,77,5.0
7639,842,2021,6,4,12,4.0
7640,492,2019,6,2,88,3.0
7641,303,2024,8,3,26,4.0
7642,1998,2024,12,3,134,5.0
7643,1198,2023,6,2,65,4.0
7644,460,2019,5,3,15,3.0
7645,1620,2021,11,1,105,4.0
7646,1662,2021,9,4,51,4.0
7647,1934,2019,6,1,40,4.0
7648,319,2024,12,4,99,4.0
7649,1280,2021,4,2,144,3.0
7650,1961,2022,3,5,147,4.0
7651,1614,2023,1,3,66,4.0
7652,452,2020,1,3,128,4.0
7653,1787,2021,11,1,32,3.0
7654,844,2024,1,3,127,1.0
7655,978,2023,10,2,142,1.0
7656,1118,2022,1,4,78,3.0
7657,1543,2022,3,4,79,3.0
7658,241,2019,5,3,85,3.0
7659,1079,2020,3,2,11,3.0
7660,1634,2019,2,2,129,5.0
7661,1098,2023,12,3,111,3.0
7662,550,2024,5,3,131,4.0
7663,113,2019,6,3,18,5.0
7664,1099,2020,10,3,121,3.0
7665,1407,2021,11,3,55,5.0
7666,1100,2023,4,3,123,4.0
7667,1959,2021,6,3,150,4.0
7668,1206,2019,6,4,132,1.0
7669,1017,2022,4,2,138,5.0
7670,111,2019,2,1,18,5.0
7671,1118,2022,12,2,50,2.0
7672,338,2024,9,2,44,5.0
7673,1450,2019,9,3,78,2.0
7674,323,2024,4,4,147,4.0
7675,1814,2022,8,4,103,3.0
7676,605,2019,2,5,82,2.0
7677,868,2020,2,1,121,3.0
7678,290,2020,12,2,27,4.0
7679,422,2024,3,1,100,3.0
7680,1844,2023,10,3,76,4.0
7681,568,2021,4,3,31,2.0
7682,1026,2022,8,2,97,3.0
7683,1963,2021,8,2,127,5.0
7684,1248,2021,9,4,125,3.0
7685,84,2022,12,1,127,2.0
7686,715,2020,6,2,122,4.0
7687,774,2023,11,3,71,3.0
7688,553,2024,4,3,8,3.0
7689,483,2024,12,3,145,4.0
7690,1007,2020,6,3,69,4.0
7691,755,2021,11,4,95,3.0
7692,589,2020,10,4,4,
7693,826,2022,8,2,134,4.0
7694,688,2020,12,4,134,4.0
7695,458,2021,9,3,140,3.0
7696,906,2019,8,4,27,4.0
7697,1885,2022,4,3,127,4.0
7698,1012,2022,5,1,94,4.0
7699,1196,2022,1,3,22,4.0
7700,1969,2021,9,5,86,4.0
7701,1228,2023,8,5,72,4.0
7702,447,2022,9,2,94,4.0
7703,797,2020,8,3,13,2.0
7704,976,2021,3,4,85,4.0
7705,950,2022,12,3,102,3.0
7706,300,2019,6,3,108,5.0
7707,212,2021,9,5,116,2.0
7708,700,2024,2,3,94,5.0
7709,1829,2021,8,2,106,1.0
7710,1435,2022,5,1,14,4.0
7711,1684,2023,12,3,120,3.0
7712,349,2020,10,3,56,4.0
7713,829,2023,12,5,83,5.0
7714,1163,2019,4,4,82,4.0
7715,869,2021,8,1,147,5.0
7716,834,2022,8,4,49,5.0
7717,720,2020,4,1,58,3.0
7718,104,2023,4,1,115,3.0
7719,1715,2019,9,3,96,5.0
7720,1867,2022,2,3,48,4.0
7721,162,2022,5,2,52,3.0
7722,828,2023,9,3,125,4.0
7723,1036,2020,11,5,126,4.0
7724,1568,2019,8,3,23,4.0
7725,1974,2022,9,2,60,3.0
7726,833,2024,10,5,116,4.0
7727,1498,2023,3,2,18,3.0
7728,1875,2020,9,2,28,3.0
7729,1661,2021,9,2,24,5.0
7730,581,2020,10,2,80,3.0
7731,1635,2023,8,1,68,3.0
7732,825,2022,2,2,49,2.0
7733,36,2021,1,3,21,4.0
7734,1518,2019,8,2,96,4.0
7735,1671,2022,4,1,122,5.0
7736,688,2021,5,3,32,2.0
7737,902,2019,6,3,100,2.0
7738,729,2020,9,3,120,2.0
7739,235,2023,5,2,84,4.0
7740,1990,2023,7,4,87,5.0
7741,46,2021,6,5,26,4.0
7742,1112,2023,1,2,144,3.0
7743,30,2023,9,3,144,4.0
7744,1379,2022,7,4,107,2.0
7745,1802,2020,3,3,136,5.0
7746,1287,2021,9,2,92,4.0
7747,1213,2023,2,2,100,5.0
7748,1656,2020,4,3,125,3.0
7749,1949,2022,3,3,6,3.0
7750,1724,2023,8,4,33,3.0
7751,463,2022,12,1,31,5.0
7752,1127,2022,11,1,95,5.0
7753,1638,2020,2,2,37,3.0
7754,590,2021,1,3,59,4.0
7755,1351,2019,10,3,75,3.0
7756,46,2019,7,1,112,2.0
7757,1755,2022,0,3,78,3.0
7758,1229,2020,11,4,4,2.0
7759,1487,2021,3,5,104,2.0
7760,1651,2021,2,4,65,4.0
7761,438,2021,6,3,18,3.0
7762,902,2023,4,4,98,3.0
7763,1718,2021,3,3,41,3.0
7764,330,2024,8,1,70,3.0
7765,1645,2021,4,5,146,3.0
7766,577,2024,8,1,36,4.0
7767,1152,2024,7,2,133,4.0
7768,1020,2021,10,1,70,5.0
7769,1373,2023,12,3,140,5.0
7770,1674,2021,8,3,128,4.0
7771,698,2024,4,3,125,3.0
7772,344,2023,7,1,32,3.0
7773,846,2021,6,1,119,2.0
7774,1225,2020,6,2,56,3.0
7775,1501,2024,5,1,137,4.0
7776,1507,2022,1,1,149,3.0
7777,680,2023,3,2,92,3.0
7778,1873,2023,8,5,137,4.0
7779,167,2019,1,4,80,4.0
7780,234,2020,2,2,6,4.0
7781,50,2024,7,2,132,3.0
7782,1853,2020,12,5,80,3.0
7783,361,2024,3,3,7,4.0
7784,1203,2021,1,4,10,4.0
7785,1626,2024,5,4,109,3.0
7786,1534,2022,1,2,139,2.0
7787,1898,2019,11,1,105,4.0
7788,108,2020,10,2,67,4.0
7789,815,2024,2,3,47,2.0
7790,1013,2020,2,5,63,4.0
7791,1393,2020,7,2,49,4.0
7792,1246,2019,5,4,41,4.0
7793,1120,2022,9,3,20,5.0
7794,614,2023,12,3,86,5.0
7795,213,2024,5,4,33,2.0
7796,864,2024,10,3,22,4.0
7797,520,2024,4,3,42,5.0
7798,1109,2024,3,4,120,3.0
7799,1595,2022,12,3,86,4.0
7800,1106,2023,4,1,74,3.0
7801,1167,2022,2,3,89,2.0
7802,84,2019,8,3,85,4.0
7803,1290,2019,8,4,75,4.0
7804,879,2019,6,1,127,5.0
7805,248,2021,2,1,110,4.0
7806,428,2021,2,2,28,2.0
7807,1562,2022,10,4,123,4.0
7808,1834,2022,2,3,27,4.0
7809,1016,2021,4,2,12,4.0
7810,1954,2023,10,3,64,3.0
7811,361,2024,5,3,59,4.0
7812,600,2020,5,3,118,4.0
7813,1861,2020,11,3,105,5.0
7814,351,2024,10,4,9,4.0
7815,1319,2024,9,1,75,5.0
7816,440,2020,3,1,120,3.0
7817,663,2022,4,3,110,5.0
7818,956,2022,8,1,76,4.0
7819,720,2022,11,2,93,4.0
7820,1750,2024,7,2,85,4.0
7821,1946,2019,9,3,35,4.0
7822,1001,2022,4,4,85,3.0
7823,1051,2020,5,4,102,2.0
7824,111,2023,8,2,9,4.0
7825,469,2022,7,2,105,4.0
7826,80,2023,2,5,38,3.0
7827,1714,2024,5,1,2,2.0
7828,455,2023,11,4,114,3.0
7829,682,2024,7,1,59,5.0
7830,1686,2023,9,3,62,3.0
7831,1427,2022,10,3,94,4.0
7832,1243,2021,4,3,85,5.0
7833,77,2021,3,3,94,5.0
7834,1126,2021,7,1,142,4.0
7835,1122,2022,6,2,98,4.0
7836,638,2023,11,3,7,3.0
7837,1490,2021,3,4,34,4.0
7838,1859,2022,6,3,68,4.0
7839,519,2021,1,3,71,3.0
7840,663,2022,5,5,55,4.0
7841,645,2023,8,2,28,2.0
7842,1670,2021,10,2,16,4.0
7843,156,2021,11,1,22,5.0
7844,1792,2020,1,4,143,2.0
7845,1551,2021,11,1,60,5.0
7846,967,2021,9,1,145,4.0
7847,1168,2019,3,1,51,4.0
7848,1789,2024,3,2,47,3.0
7849,1540,2024,10,3,74,4.0
7850,554,2020,9,1,143,5.0
7851,101,2024,3,3,85,5.0
7852,1317,2020,6,3,6,4.0
7853,292,2021,11,1,41,4.0
7854,176,2019,1,1,148,3.0
7855,1965,2022,7,2,24,4.0
7856,948,2021,11,3,126,4.0
7857,1302,2020,1,3,140,4.0
7858,435,2020,7,1,33,4.0
7859,204,2024,7,1,84,4.0
7860,126,2023,4,2,90,5.0
7861,709,2019,7,4,120,4.0
7862,8,2019,9,5,120,4.0
7863,841,2019,4,3,10,2.0
7864,650,2020,6,5,48,5.0
7865,1054,2023,7,1,142,4.0
7866,1180,2019,1,3,54,4.0
7867,617,2020,3,3,37,4.0
7868,911,2019,8,3,95,3.0
7869,157,2022,6,4,30,3.0
7870,604,2023,12,3,23,5.0
7871,1957,2022,11,4,120,2.0
7872,1983,2024,3,1,18,2.0
7873,972,2023,12,1,134,2.0
7874,1880,2023,11,2,38,4.0
7875,1003,2020,6,1,17,5.0
7876,252,2024,8,2,112,4.0
7877,1736,2022,4,1,27,5.0
7878,831,2019,1,3,55,2.0
7879,1225,2019,3,4,53,3.0
7880,1298,2024,9,3,77,3.0
7881,617,2020,7,2,72,5.0
7882,1467,2021,6,1,30,4.0
7883,1003,2023,6,3,36,4.0
7884,733,2023,10,2,30,4.0
7885,596,2019,9,2,9,3.0
7886,1493,2022,8,3,98,5.0
7887,499,2024,7,2,71,5.0
7888,249,2021,1,2,17,5.0
7889,1764,2022,5,5,50,4.0
7890,664,2020,2,3,101,3.0
7891,1283,2023,10,5,43,4.0
7892,1433,2019,5,3,61,2.0
7893,1677,2022,3,1,112,3.0
7894,1252,2021,6,3,101,2.0
7895,1416,2022,6,4,106,4.0
7896,1675,2021,12,5,58,3.0
7897,1887,2024,3,3,73,5.0
7898,94,2024,10,1,127,4.0
7899,1487,2020,3,3,131,5.0
7900,349,2019,10,1,9,3.0
7901,1783,2021,7,1,126,2.0
7902,97,2022,7,2,134,5.0
7903,494,2023,9,1,142,3.0
7904,385,2022,2,3,41,4.0
7905,1207,2022,10,5,76,5.0
7906,9,2019,9,3,7,3.0
7907,35,2023,3,3,17,3.0
7908,1009,2020,2,4,85,5.0
7909,1944,2021,9,2,31,3.0
7910,1057,2021,2,3,34,5.0
7911,892,2019,7,4,45,4.0
7912,1316,2021,4,2,69,5.0
7913,1104,2021,9,2,23,5.0
7914,770,2020,12,4,121,3.0
7915,1178,2020,11,4,101,4.0
7916,7,2019,9,2,119,5.0
7917,489,2024,8,3,139,5.0
7918,1348,2020,1,3,91,5.0
7919,684,2024,12,5,55,4.0
7920,109,2024,12,4,147,4.0
7921,249,2021,1,2,85,3.0
7922,1733,2023,10,3,70,5.0
7923,660,2020,2,5,63,3.0
7924,46,2020,8,2,6,3.0
7925,1458,2024,3,4,144,4.0
7926,1061,2022,2,3,123,2.0
7927,903,2023,3,3,105,4.0
7928,1790,2024,4,3,34,3.0
7929,628,2019,5,3,140,2.0
7930,1145,2020,4,2,27,3.0
7931,1490,2024,6,4,37,3.0
7932,1217,2019,8,3,11,4.0
7933,416,2021,6,5,44,4.0
7934,1364,2019,8,1,50,2.0
7935,1487,2020,5,4,120,3.0
7936,245,2020,4,2,49,4.0
7937,331,2020,2,4,144,5.0
7938,1350,2023,4,4,46,5.0
7939,238,2020,3,4,79,4.0
7940,1761,2023,7,3,89,5.0
7941,220,2024,8,1,125,3.0
7942,1949,2022,11,5,113,3.0
7943,1344,2022,4,2,131,3.0
7944,887,2021,2,1,141,5.0
7945,537,2023,10,1,18,4.0
7946,690,2023,9,4,15,5.0
7947,1498,2024,4,4,68,4.0
7948,1507,2020,12,4,23,4.0
7949,418,2023,8,3,75,4.0
7950,1086,2019,9,3,89,3.0
7951,1986,2021,5,5,42,4.0
7952,515,2019,6,3,15,4.0
7953,1387,2022,5,2,145,3.0
7954,345,2024,9,5,56,4.0
7955,1669,2023,10,5,126,4.0
7956,341,2023,11,3,94,5.0
7957,596,2022,4,3,100,3.0
7958,919,2022,10,5,118,3.0
7959,742,2019,9,4,40,2.0
7960,341,2023,1,1,33,3.0
7961,1282,2023,10,5,150,5.0
7962,40,2019,2,4,101,4.0
7963,1968,2022,2,4,44,4.0
7964,105,2021,2,3,97,5.0
7965,668,2022,7,1,60,4.0
7966,1860,2023,1,2,129,4.0
7967,311,2020,7,2,77,4.0
7968,146,2024,9,3,48,3.0
7969,1488,2021,7,4,104,2.0
7970,147,2022,4,3,113,3.0
7971,1800,2019,5,2,56,3.0
7972,903,2019,9,2,113,4.0
7973,1739,2020,5,4,36,3.0
7974,491,2024,8,4,36,3.0
7975,283,2020,9,2,124,4.0
7976,1926,2021,7,2,94,3.0
7977,1525,2024,5,2,6,4.0
7978,1822,2020,1,3,102,3.0
7979,640,2023,9,4,46,3.0
7980,810,2019,4,4,42,4.0
7981,1155,2019,6,4,64,3.0
7982,898,2019,1,4,68,4.0
7983,486,2019,9,3,134,4.0
7984,751,2022,11,2,66,2.0
7985,1218,2019,11,2,45,4.0
7986,76,2022,4,2,117,5.0
7987,672,2022,2,1,82,3.0
7988,586,2020,2,1,1,3.0
7989,141,2019,5,1,95,3.0
7990,246,2019,1,2,76,3.0
7991,992,2019,3,4,87,5.0
7992,205,2022,8,3,28,3.0
7993,690,2024,1,2,72,4.0
7994,1122,2021,8,2,98,5.0
7995,1748,2022,11,3,102,5.0
7996,198,2020,12,5,103,5.0
7997,870,2019,12,2,150,3.0
7998,206,2020,4,4,76,4.0
7999,858,2021,8,5,65,4.0
8000,962,2024,1,4,82,5.0
8001,1599,2020,3,3,50,2.0
8002,885,2024,10,2,48,3.0
8003,1872,2022,3,1,104,4.0
8004,276,2021,4,4,47,4.0
8005,107,2022,5,5,113,2.0
8006,9,2023,4,3,112,3.0
8007,714,2023,9,1,144,3.0
8008,386,2024,11,1,20,5.0
8009,184,2022,7,2,55,3.0
8010,472,2019,7,5,116,4.0
8011,1950,2021,9,1,65,3.0
8012,1601,2024,5,2,99,4.0
8013,38,2020,6,3,111,3.0
8014,1831,2021,12,1,133,4.0
8015,411,2022,5,1,34,3.0
8016,812,2022,4,1,40,5.0
8017,656,2024,1,3,71,4.0
8018,811,2022,1,2,76,4.0
8019,1522,2019,10,1,136,4.0
8020,1425,2020,3,3,6,3.0
8021,1189,2022,9,4,37,4.0
8022,1254,2023,1,3,137,3.0
8023,1456,2022,10,3,93,4.0
8024,369,2023,5,3,102,4.0
8025,792,2020,10,4,38,4.0
8026,216,2019,10,1,94,2.0
8027,1409,2024,7,2,56,3.0
8028,876,2022,12,4,110,5.0
8029,1275,2023,12,2,14,4.0
8030,1130,2024,9,2,43,3.0
8031,548,2020,6,1,97,4.0
8032,278,2024,12,4,91,2.0
8033,1946,2021,12,4,127,3.0
8034,587,2022,5,1,121,4.0
8035,220,2021,4,2,3,4.0
8036,612,2020,4,2,14,4.0
8037,1805,2024,12,2,54,5.0
8038,523,2021,2,2,144,
8039,1974,2019,1,2,72,2.0
8040,922,2019,7,4,134,3.0
8041,1724,2024,12,5,9,3.0
8042,1307,2023,4,1,145,4.0
8043,88,2022,7,2,10,4.0
8044,1019,2023,2,3,122,4.0
8045,834,2022,10,2,132,4.0
8046,403,2024,12,2,45,4.0
8047,1100,2019,8,2,46,4.0
8048,206,2019,2,3,88,4.0
8049,1397,2023,2,2,109,5.0
8050,1644,2024,9,1,19,2.0
8051,186,2022,2,4,36,4.0
8052,959,2024,1,2,114,3.0
8053,1311,2021,11,4,122,4.0
8054,125,2023,7,3,24,4.0
8055,779,2022,8,1,134,3.0
8056,517,2024,9,2,131,3.0
8057,79,2022,5,4,131,4.0
8058,1609,2021,3,1,37,3.0
8059,890,2020,7,2,101,3.0
8060,1504,2020,1,2,25,5.0
8061,1175,2019,4,5,30,4.0
8062,1752,2019,8,5,11,3.0
8063,1995,2022,12,3,74,4.0
8064,1205,2019,8,2,107,4.0
8065,705,2021,10,2,30,3.0
8066,846,2019,4,1,28,4.0
8067,1651,2019,1,1,42,3.0
8068,854,2023,5,5,30,3.0
8069,1040,2019,9,3,125,5.0
8070,389,2021,1,2,26,5.0
8071,1981,2020,11,4,42,4.0
8072,1302,2019,4,1,46,3.0
8073,661,2020,9,3,31,3.0
8074,1171,2019,11,2,142,2.0
8075,803,2019,8,3,32,4.0
8076,310,2022,3,2,73,4.0
8077,1750,2019,4,1,85,3.0
8078,1772,2024,6,5,40,3.0
8079,1670,2021,12,5,71,4.0
8080,737,2021,9,3,26,
8081,513,2024,8,4,73,3.0
8082,100,2023,10,2,3,4.0
8083,1464,2021,2,2,66,4.0
8084,656,2024,1,2,55,3.0
8085,1785,2022,8,1,53,4.0
8086,1740,2023,8,3,17,2.0
8087,257,2024,4,4,150,4.0
8088,1834,2023,8,4,5,5.0
8089,281,2022,2,3,22,5.0
8090,981,2022,3,3,16,4.0
8091,948,2022,11,3,147,4.0
8092,1913,2024,1,5,48,4.0
8093,1315,2023,7,2,65,4.0
8094,1751,2020,11,3,113,3.0
8095,1192,2019,9,5,8,1.0
8096,1651,2023,6,3,11,3.0
8097,1705,2021,4,4,28,3.0
8098,1720,2021,1,3,102,4.0
8099,824,2024,2,5,147,3.0
8100,764,2019,7,4,94,4.0
8101,1970,2019,7,3,131,5.0
8102,1513,2023,5,1,133,5.0
8103,1835,2024,4,3,42,4.0
8104,1155,2023,1,2,28,5.0
8105,1859,2024,2,2,25,5.0
8106,1440,2024,4,3,120,4.0
8107,1486,2023,12,3,101,3.0
8108,356,2024,4,4,130,4.0
8109,1134,2021,2,1,77,4.0
8110,1463,2023,7,2,147,5.0
8111,1522,2019,2,3,135,5.0
8112,1916,2022,5,3,122,4.0
8113,654,2020,9,2,121,4.0
8114,606,2024,2,2,19,4.0
8115,1939,2021,12,2,112,4.0
8116,1973,2020,8,4,143,5.0
8117,360,2022,11,2,44,3.0
8118,757,2019,9,3,123,3.0
8119,1897,2019,12,5,53,4.0
8120,400,2021,7,1,32,5.0
8121,1567,2022,1,4,110,5.0
8122,225,2022,1,4,25,3.0
8123,357,2019,3,3,73,3.0
8124,1570,2023,2,5,141,4.0
8125,1215,2019,10,1,24,3.0
8126,1110,2023,12,4,24,5.0
8127,1714,2019,8,2,142,4.0
8128,615,2019,3,2,117,5.0
8129,1007,2022,12,1,70,3.0
8130,1217,2023,4,3,61,4.0
8131,1480,2023,11,2,145,2.0
8132,665,2022,9,2,109,3.0
8133,1268,2020,6,1,137,3.0
8134,897,2024,10,2,14,2.0
8135,1084,2019,8,2,80,4.0
8136,1726,2021,11,3,109,3.0
8137,788,2023,8,3,6,5.0
8138,1337,2022,5,3,77,4.0
8139,1884,2023,2,3,9,4.0
8140,1525,2023,12,1,136,4.0
8141,1978,2024,10,2,103,3.0
8142,1167,2022,2,4,29,3.0
8143,564,2023,8,3,79,4.0
8144,1983,2019,10,3,17,5.0
8145,1290,2020,9,1,121,4.0
8146,483,2019,4,2,30,4.0
8147,635,2020,2,3,92,2.0
8148,525,2019,12,3,12,3.0
8149,1668,2023,5,5,24,3.0
8150,186,2021,11,3,148,4.0
8151,1480,2021,6,4,58,3.0
8152,1109,2022,10,3,19,4.0
8153,147,2021,3,5,105,4.0
8154,1227,2022,8,4,31,3.0
8155,1507,2019,7,2,89,4.0
8156,1452,2023,3,2,122,4.0
8157,1058,2024,9,5,103,3.0
8158,671,2019,6,3,38,4.0
8159,328,2019,8,3,36,5.0
8160,25,2019,1,4,34,4.0
8161,720,2022,2,2,95,3.0
8162,1265,2023,9,4,101,2.0
8163,76,2023,12,3,79,3.0
8164,1998,2023,2,4,60,3.0
8165,1172,2022,1,3,10,2.0
8166,590,2023,4,2,126,3.0
8167,1925,2020,1,5,100,4.0
8168,368,2023,3,3,96,5.0
8169,1916,2020,9,4,16,4.0
8170,564,2024,10,2,44,4.0
8171,760,2019,8,3,46,4.0
8172,851,2024,5,4,90,4.0
8173,1990,2021,2,3,119,3.0
8174,502,2022,7,5,130,5.0
8175,1946,2019,12,4,79,2.0
8176,694,2020,3,2,55,4.0
8177,571,2024,7,4,62,3.0
8178,1277,2019,5,5,111,4.0
8179,1388,2020,5,5,48,4.0
8180,691,2022,7,5,63,4.0
8181,269,2023,3,3,118,2.0
8182,793,2021,3,4,82,3.0
8183,1081,2019,1,3,71,4.0
8184,81,2019,9,2,111,2.0
8185,158,2024,11,4,44,5.0
8186,1836,2020,6,2,10,4.0
8187,72,2022,8,3,119,4.0
8188,814,2024,12,2,69,3.0
8189,1528,2021,10,2,49,3.0
8190,657,2019,3,4,15,3.0
8191,990,2023,10,3,139,4.0
8192,173,2023,5,3,109,2.0
8193,1589,2022,12,3,42,3.0
8194,1269,2024,12,3,92,5.0
8195,1704,2023,1,2,70,4.0
8196,1728,2023,11,3,50,3.0
8197,702,2021,3,2,47,4.0
8198,83,2019,6,5,12,5.0
8199,693,2023,9,1,147,4.0
8200,291,2024,2,5,139,4.0
8201,1067,2023,1,1,131,1.0
8202,293,2022,5,1,48,4.0
8203,1844,2023,7,5,150,4.0
8204,1205,2020,8,3,42,3.0
8205,507,2019,12,2,124,4.0
8206,1843,2022,4,3,16,4.0
8207,1540,2024,9,2,47,3.0
8208,876,2019,3,1,87,3.0
8209,294,2019,6,1,146,3.0
8210,688,2023,7,2,40,2.0
8211,1169,2021,6,2,65,4.0
8212,1532,2024,3,3,127,2.0
8213,524,2021,3,4,71,5.0
8214,1486,2022,11,2,103,4.0
8215,566,2019,12,2,63,5.0
8216,494,2024,1,1,1,3.0
8217,895,2020,3,5,43,4.0
8218,322,2021,12,1,85,3.0
8219,810,2022,2,2,3,3.0
8220,716,2024,7,5,35,3.0
8221,561,2023,4,3,143,2.0
8222,1552,2023,12,2,3,2.0
8223,664,2019,9,4,38,4.0
8224,1391,2019,10,1,93,4.0
8225,1441,2023,1,2,85,2.0
8226,1332,2024,2,3,31,4.0
8227,539,2022,10,5,9,3.0
8228,1659,2024,3,5,135,2.0
8229,474,2020,6,3,83,3.0
8230,555,2021,2,2,87,3.0
8231,1750,2020,1,3,9,3.0
8232,680,2023,9,5,32,3.0
8233,1395,2023,3,3,11,4.0
8234,85,2020,3,1,147,4.0
8235,1229,2024,11,5,116,4.0
8236,1738,2019,9,5,82,4.0
8237,1418,2023,3,2,103,2.0
8238,1165,2020,11,3,25,2.0
8239,1699,2023,12,4,149,4.0
8240,597,2021,5,2,78,3.0
8241,754,2020,6,5,78,3.0
8242,139,2019,8,2,144,4.0
8243,1397,2022,2,2,15,5.0
8244,1447,2019,11,5,64,4.0
8245,1503,2021,2,5,14,3.0
8246,1498,2024,10,1,64,3.0
8247,255,2024,7,4,41,3.0
8248,1333,2021,2,3,70,4.0
8249,1527,2023,6,4,106,4.0
8250,408,2023,4,3,43,3.0
8251,953,2022,12,5,8,2.0
8252,1827,2020,7,4,25,5.0
8253,830,2023,5,4,108,4.0
8254,1507,2019,4,3,87,3.0
8255,1061,2022,2,2,147,4.0
8256,1316,2023,7,2,135,4.0
8257,1254,2022,7,1,25,3.0
8258,1302,2021,12,5,111,3.0
8259,1559,2021,8,3,14,4.0
8260,1809,2021,6,3,15,4.0
8261,592,2023,5,2,119,2.0
8262,1857,2024,4,4,61,3.0
8263,1256,2023,8,3,150,3.0
8264,1192,2020,2,4,1,4.0
8265,656,2019,1,1,76,2.0
8266,834,2021,11,2,47,2.0
8267,1304,2024,1,2,148,1.0
8268,728,2022,3,1,101,4.0
8269,575,2020,7,3,116,2.0
8270,1639,2019,3,4,44,2.0
8271,831,2020,9,3,135,4.0
8272,1290,2023,7,4,127,3.0
8273,63,2023,1,5,118,4.0
8274,155,2021,6,4,72,4.0
8275,1697,2021,10,3,139,4.0
8276,285,2020,5,3,101,5.0
8277,1592,2024,9,3,10,5.0
8278,1801,2021,7,2,133,4.0
8279,963,2023,6,2,4,4.0
8280,1769,2021,7,1,103,4.0
8281,855,2022,6,3,38,2.0
8282,1904,2022,1,2,135,3.0
8283,475,2021,6,3,110,2.0
8284,856,2024,5,4,122,3.0
8285,778,2021,10,2,105,2.0
8286,1569,2023,9,2,86,4.0
8287,88,2024,7,3,130,4.0
8288,1657,2021,5,3,45,4.0
8289,47,2020,8,2,80,3.0
8290,632,2024,12,3,45,3.0
8291,1193,2023,11,1,18,4.0
8292,291,2023,3,3,132,3.0
8293,981,2024,4,3,75,3.0
8294,1995,2019,6,3,9,4.0
8295,1647,2024,8,5,124,4.0
8296,61,2019,9,2,142,4.0
8297,1184,2019,10,3,100,4.0
8298,1195,2020,7,2,50,3.0
8299,137,2019,10,5,129,5.0
8300,1301,2019,1,2,111,4.0
8301,1043,2019,3,3,43,3.0
8302,1364,2021,7,3,50,4.0
8303,596,2021,7,5,149,3.0
8304,512,2021,12,3,143,2.0
8305,1472,2020,8,3,102,4.0
8306,1444,2024,5,3,6,5.0
8307,324,2020,8,4,35,
8308,433,2021,2,1,53,4.0
8309,1173,2019,5,2,81,3.0
8310,1659,2020,1,2,131,2.0
8311,404,2020,2,3,128,3.0
8312,439,2024,5,3,42,3.0
8313,1616,2020,1,5,17,4.0
8314,1394,2022,3,3,42,4.0
8315,1805,2022,11,2,36,2.0
8316,1567,2019,11,3,135,3.0
8317,1907,2021,7,3,3,3.0
8318,378,2019,12,3,125,4.0
8319,544,2020,1,3,99,4.0
8320,476,2023,12,3,16,3.0
8321,111,2022,6,5,103,2.0
8322,1559,2021,5,1,88,3.0
8323,1324,2020,10,4,1,4.0
8324,172,2022,6,4,34,3.0
8325,397,2024,8,2,53,4.0
8326,382,2024,4,4,33,4.0
8327,806,2020,7,1,87,5.0
8328,912,2023,2,3,93,3.0
8329,578,2020,3,2,26,5.0
8330,1861,2024,7,2,19,4.0
8331,426,2021,12,3,99,5.0
8332,1124,2023,3,3,71,5.0
8333,876,2022,7,2,40,4.0
8334,776,2023,1,3,39,3.0
8335,1652,2024,7,3,6,4.0
8336,1957,2019,11,1,129,3.0
8337,12,2024,5,4,127,4.0
8338,928,2021,10,5,84,3.0
8339,239,2019,5,2,53,3.0
8340,868,2021,12,5,33,2.0
8341,1235,2019,8,5,47,3.0
8342,824,2022,4,3,139,3.0
8343,619,2021,4,5,14,3.0
8344,625,2021,11,4,124,3.0
8345,600,2021,6,4,46,3.0
8346,652,2022,5,1,40,4.0
8347,748,2023,8,4,122,4.0
8348,1376,2021,1,2,145,5.0
8349,193,2019,3,4,149,4.0
8350,82,2022,6,2,41,4.0
8351,1034,2024,4,4,89,3.0
8352,1364,2021,7,4,44,5.0
8353,518,2019,5,3,30,3.0
8354,403,2024,6,3,58,5.0
8355,1250,2021,10,1,10,5.0
8356,769,2021,10,2,25,3.0
8357,1473,2020,4,5,90,4.0
8358,294,2023,5,4,104,3.0
8359,243,2019,8,4,41,3.0
8360,1106,2022,12,4,84,4.0
8361,785,2021,7,3,115,3.0
8362,1459,2021,1,3,135,4.0
8363,1013,2020,8,2,86,4.0
8364,710,2023,9,1,37,4.0
8365,320,2021,12,4,107,4.0
8366,327,2024,12,4,26,3.0
8367,1512,2023,9,2,21,4.0
8368,454,2023,7,3,54,4.0
8369,1005,2021,3,3,50,3.0
8370,1637,2024,11,3,22,5.0
8371,1796,2022,6,3,8,3.0
8372,536,2021,9,2,142,3.0
8373,220,2021,9,3,102,2.0
8374,1550,2024,1,4,108,4.0
8375,1375,2020,5,1,10,3.0
8376,663,2024,9,3,120,4.0
8377,1188,2020,6,3,55,4.0
8378,378,2023,8,4,113,5.0
8379,1402,2020,7,5,74,5.0
8380,1455,2024,1,3,37,3.0
8381,599,2024,4,2,40,3.0
8382,938,2023,5,5,22,4.0
8383,669,2024,5,2,125,3.0
8384,63,2022,1,3,65,3.0
8385,255,2024,1,2,118,3.0
8386,1920,2022,4,2,125,3.0
8387,913,2019,11,4,26,5.0
8388,296,2021,12,2,50,3.0
8389,89,2019,11,4,19,3.0
8390,707,2022,12,4,2,4.0
8391,1966,2019,12,3,148,5.0
8392,770,2020,9,1,100,4.0
8393,1999,2024,2,3,68,2.0
8394,979,2023,5,5,31,3.0
8395,1528,2021,9,2,89,2.0
8396,1571,2022,5,1,82,3.0
8397,57,2022,4,4,34,5.0
8398,13,2021,1,3,3,2.0
8399,1845,2023,5,3,71,2.0
8400,1865,2019,5,2,77,4.0
8401,266,2021,10,2,120,3.0
8402,1292,2020,10,2,60,5.0
8403,1848,2023,2,3,15,3.0
8404,1902,2022,7,5,133,4.0
8405,593,2023,11,4,63,2.0
8406,1635,2021,6,3,109,3.0
8407,1293,2020,12,3,7,3.0
8408,1856,2019,2,4,6,3.0
8409,294,2024,4,3,4,5.0
8410,1203,2020,12,4,119,4.0
8411,49,2023,9,3,37,4.0
8412,715,2021,4,2,119,3.0
8413,23,2020,11,3,142,2.0
8414,886,2020,5,2,100,5.0
8415,1623,2023,10,3,148,2.0
8416,1317,2020,4,4,140,3.0
8417,634,2020,5,4,109,4.0
8418,854,2023,4,2,121,5.0
8419,735,2022,5,4,91,5.0
8420,1464,2023,8,1,33,4.0
8421,533,2019,10,3,16,5.0
8422,184,2024,8,2,58,3.0
8423,1014,2020,1,3,72,4.0
8424,1660,2019,8,4,53,5.0
8425,955,2019,6,1,16,2.0
8426,409,2020,1,3,76,4.0
8427,93,2021,4,3,75,4.0
8428,1888,2019,12,4,144,4.0
8429,1522,2022,5,5,144,3.0
8430,312,2022,9,3,93,4.0
8431,148,2023,3,1,128,4.0
8432,259,2019,11,3,47,3.0
8433,754,2019,10,3,146,4.0
8434,1624,2020,2,4,142,5.0
8435,320,2021,9,4,19,3.0
8436,1638,2022,12,4,106,4.0
8437,4,2020,11,2,69,5.0
8438,1478,2021,9,3,40,5.0
8439,565,2022,9,5,62,4.0
8440,1922,2022,7,3,136,4.0
8441,952,2022,2,3,139,3.0
8442,542,2022,1,3,52,4.0
8443,486,2023,4,1,70,2.0
8444,1654,2024,4,4,78,2.0
8445,806,2024,11,1,111,4.0
8446,705,2021,11,5,72,4.0
8447,1472,2020,4,3,60,4.0
8448,1075,2020,5,2,139,3.0
8449,1328,2021,9,4,56,1.0
8450,892,2022,9,4,40,4.0
8451,129,2022,11,2,50,4.0
8452,12,2019,9,1,50,1.0
8453,79,2024,9,3,84,3.0
8454,1149,2019,10,3,100,3.0
8455,1028,2021,11,2,21,4.0
8456,1496,2021,5,3,133,5.0
8457,1790,2021,4,3,39,3.0
8458,350,2020,11,4,18,3.0
8459,1915,2022,2,4,101,4.0
8460,1864,2019,4,1,32,1.0
8461,1232,2023,2,4,113,4.0
8462,1061,2023,11,3,143,4.0
8463,354,2023,12,3,104,4.0
8464,357,2023,6,2,117,3.0
8465,38,2024,2,4,75,4.0
8466,1292,2019,3,4,52,3.0
8467,867,2024,7,2,92,3.0
8468,384,2022,5,1,54,2.0
8469,268,2019,10,3,132,4.0
8470,128,2024,10,5,71,3.0
8471,1282,2023,6,3,75,4.0
8472,1371,2020,8,2,102,3.0
8473,1264,2024,1,4,29,
8474,222,2023,2,3,85,5.0
8475,83,2021,5,3,114,3.0
8476,213,2019,2,1,117,2.0
8477,1504,2023,1,1,34,4.0
8478,1480,2024,9,3,9,3.0
8479,590,2020,1,4,30,3.0
8480,111,2019,3,4,123,3.0
8481,640,2020,9,5,40,3.0
8482,1620,2020,3,3,9,4.0
8483,287,2021,3,3,90,4.0
8484,1593,2024,9,3,133,5.0
8485,927,2024,1,2,34,3.0
8486,283,2023,4,1,7,2.0
8487,1868,2020,7,4,22,4.0
8488,1037,2020,1,1,20,2.0
8489,1344,2019,8,5,31,3.0
8490,194,2023,6,4,28,3.0
8491,744,2020,0,1,96,5.0
8492,1266,2024,7,1,34,2.0
8493,1291,2022,1,4,83,5.0
8494,126,2021,8,3,61,4.0
8495,1209,2024,6,3,99,5.0
8496,1889,2019,1,2,99,4.0
8497,1573,2021,10,4,89,4.0
8498,416,2020,6,3,134,4.0
8499,1826,2020,1,3,30,1.0
8500,1366,2024,5,5,79,4.0
8501,114,2022,9,4,60,4.0
8502,257,2019,6,3,80,2.0
8503,1843,2019,5,4,21,4.0
8504,420,2020,1,5,48,5.0
8505,194,2024,1,4,142,3.0
8506,902,2019,4,4,121,4.0
8507,1052,2023,4,2,64,2.0
8508,1147,2019,8,4,17,3.0
8509,1318,2021,6,4,98,4.0
8510,1998,2022,2,3,46,5.0
8511,1519,2019,8,3,50,3.0
8512,52,2021,12,3,15,4.0
8513,178,2020,11,3,44,3.0
8514,1,2019,12,2,33,4.0
8515,791,2019,6,3,6,3.0
8516,701,2019,5,2,88,3.0
8517,1868,2023,1,3,146,3.0
8518,733,2019,9,5,19,2.0
8519,62,2022,6,1,8,5.0
8520,1768,2019,8,5,16,3.0
8521,521,2020,4,3,82,4.0
8522,1826,2020,3,5,124,2.0
8523,1549,2021,9,2,47,1.0
8524,1762,2023,5,1,18,5.0
8525,1640,2021,7,3,15,4.0
8526,287,2019,12,3,92,1.0
8527,1253,2019,4,4,54,3.0
8528,825,2020,2,3,53,
8529,1258,2020,9,3,36,4.0
8530,1492,2022,7,5,135,1.0
8531,1002,2021,5,2,57,3.0
8532,626,2023,8,2,107,4.0
8533,1833,2020,12,4,112,4.0
8534,1327,2023,3,2,9,3.0
8535,1772,2019,10,3,38,2.0
8536,475,2024,7,3,135,3.0
8537,1677,2024,10,2,133,3.0
8538,647,2020,12,2,63,4.0
8539,921,2020,2,1,24,3.0
8540,1721,2019,2,2,45,3.0
8541,710,2024,1,2,143,3.0
8542,502,2019,3,1,101,3.0
8543,1832,2019,5,4,12,5.0
8544,1929,2019,4,4,108,5.0
8545,623,2020,10,2,23,
8546,613,2024,10,3,46,3.0
8547,456,2019,5,3,73,4.0
8548,48,2022,7,1,53,4.0
8549,1106,2022,4,1,105,3.0
8550,510,2023,7,3,24,3.0
8551,1699,2023,4,1,132,3.0
8552,343,2024,10,4,90,2.0
8553,1271,2022,3,4,46,5.0
8554,1014,2024,12,4,144,4.0
8555,1224,2020,12,4,72,3.0
8556,226,2021,3,1,63,4.0
8557,934,2023,7,3,4,3.0
8558,1253,2024,10,2,150,5.0
8559,682,2019,11,3,127,3.0
8560,1750,2021,5,2,27,3.0
8561,1060,2023,7,1,143,3.0
8562,726,2019,2,4,120,2.0
8563,62,2021,4,2,64,4.0
8564,337,2022,4,1,140,5.0
8565,954,2019,4,4,84,4.0
8566,801,2024,5,1,104,4.0
8567,1744,2021,9,2,28,2.0
8568,1572,2023,11,1,17,3.0
8569,318,2021,7,3,80,3.0
8570,1183,2021,6,4,49,2.0
8571,909,2024,9,4,148,4.0
8572,203,2024,8,4,13,3.0
8573,1332,2022,6,3,115,3.0
8574,1075,2021,1,4,91,3.0
8575,175,2023,7,4,132,3.0
8576,937,2023,1,4,150,2.0
8577,1464,2024,8,2,131,3.0
8578,655,2020,12,3,57,4.0
8579,714,2019,10,1,105,3.0
8580,221,2020,11,3,25,3.0
8581,409,2022,6,4,73,3.0
8582,1963,2020,6,4,41,3.0
8583,1242,2023,7,4,38,4.0
8584,353,2024,3,2,86,4.0
8585,966,2020,12,2,20,3.0
8586,386,2024,1,5,86,2.0
8587,886,2022,12,2,61,5.0
8588,292,2020,12,1,35,4.0
8589,1238,2020,12,2,85,4.0
8590,1141,2019,1,4,113,1.0
8591,1267,2021,12,3,92,3.0
8592,888,2019,3,1,14,3.0
8593,572,2019,4,3,85,3.0
8594,500,2023,9,4,94,5.0
8595,431,2021,5,3,103,3.0
8596,859,2022,12,2,64,3.0
8597,903,2020,6,2,15,4.0
8598,1348,2022,2,3,20,4.0
8599,105,2021,3,2,50,2.0
8600,564,2019,10,1,96,5.0
8601,1706,2022,7,4,111,3.0
8602,1831,2019,4,5,101,3.0
8603,1862,2023,3,1,47,
8604,613,2024,9,3,67,5.0
8605,275,2023,4,3,8,4.0
8606,397,2022,2,3,120,2.0
8607,264,2024,7,3,54,4.0
8608,1910,2020,11,3,77,5.0
8609,1767,2023,4,3,68,4.0
8610,1622,2020,9,1,43,4.0
8611,1460,2019,6,4,26,4.0
8612,687,2020,12,3,144,3.0
8613,952,2022,8,1,18,5.0
8614,1683,2019,7,2,142,4.0
8615,1629,2020,3,2,17,3.0
8616,1038,2019,11,2,15,3.0
8617,1676,2020,1,1,136,2.0
8618,694,2023,7,3,142,3.0
8619,828,2019,4,3,135,3.0
8620,1680,2020,7,3,117,5.0
8621,753,2019,12,2,74,
8622,1505,2021,2,4,16,3.0
8623,907,2023,1,4,89,5.0
8624,596,2022,10,3,78,5.0
8625,438,2020,9,3,111,3.0
8626,1214,2020,5,4,6,4.0
8627,960,2023,3,3,12,3.0
8628,739,2021,8,3,89,4.0
8629,1487,2021,4,4,129,4.0
8630,3,2024,8,2,140,3.0
8631,185,2023,5,1,86,3.0
8632,1924,2020,10,4,56,
8633,1328,2023,8,3,71,4.0
8634,1100,2023,7,3,77,5.0
8635,30,2024,2,1,93,4.0
8636,1197,2020,8,5,35,4.0
8637,870,2023,9,4,59,3.0
8638,1200,2020,7,2,82,2.0
8639,83,2021,8,2,128,2.0
8640,1102,2019,8,3,121,3.0
8641,1156,2022,3,1,114,2.0
8642,581,2023,6,3,33,3.0
8643,110,2021,2,5,61,4.0
8644,1944,2021,10,4,84,4.0
8645,1419,2020,2,5,146,1.0
8646,1244,2023,10,2,54,5.0
8647,1535,2024,8,1,138,4.0
8648,1342,2019,7,5,113,4.0
8649,269,2020,7,4,96,4.0
8650,910,2022,2,3,106,3.0
8651,1778,2021,8,2,119,4.0
8652,576,2019,5,4,105,3.0
8653,1945,2019,10,1,101,4.0
8654,129,2020,11,5,57,5.0
8655,662,2024,12,3,65,4.0
8656,701,2022,12,2,90,4.0
8657,1235,2020,10,2,127,2.0
8658,353,2019,4,1,98,4.0
8659,459,2023,4,4,149,4.0
8660,1325,2021,12,1,103,3.0
8661,570,2021,12,3,62,4.0
8662,1759,2022,4,2,87,3.0
8663,1741,2020,8,3,94,5.0
8664,606,2023,12,3,131,5.0
8665,1120,2020,11,2,39,3.0
8666,666,2023,12,2,38,5.0
8667,690,2022,5,2,31,
8668,1341,2019,7,5,9,2.0
8669,587,2022,8,3,102,5.0
8670,299,2019,12,2,145,3.0
8671,519,2023,12,3,93,4.0
8672,1859,2021,7,2,10,5.0
8673,519,2023,11,4,55,4.0
8674,728,2020,5,2,136,3.0
8675,1258,2021,8,5,8,2.0
8676,203,2020,10,3,92,2.0
8677,537,2020,11,3,67,4.0
8678,350,2021,2,2,138,3.0
8679,1849,2019,1,2,77,4.0
8680,1866,2021,3,1,85,3.0
8681,1512,2019,2,4,109,3.0
8682,495,2022,3,5,124,3.0
8683,1233,2019,12,2,78,3.0
8684,1325,2019,8,5,109,3.0
8685,1739,2021,2,3,121,3.0
8686,313,2020,9,4,79,3.0
8687,1473,2024,12,5,108,4.0
8688,389,2020,11,5,55,5.0
8689,1138,2021,11,3,54,4.0
8690,1759,2020,11,3,1,3.0
8691,125,2024,10,3,101,2.0
8692,297,2023,11,2,38,5.0
8693,1627,2020,10,2,123,3.0
8694,38,2020,9,4,143,4.0
8695,1371,2020,3,1,132,5.0
8696,1003,2019,11,3,42,5.0
8697,694,2020,2,2,98,4.0
8698,1726,2024,4,3,113,4.0
8699,1698,2021,9,2,76,3.0
8700,652,2021,9,5,77,3.0
8701,9,2020,11,4,66,4.0
8702,257,2020,1,1,47,2.0
8703,215,2022,10,2,86,3.0
8704,1965,2023,2,1,149,3.0
8705,1194,2022,8,1,33,4.0
8706,1354,2022,3,3,8,4.0
8707,462,2020,7,2,9,3.0
8708,1702,2024,2,3,88,3.0
8709,1446,2023,1,2,41,5.0
8710,1505,2024,12,2,70,2.0
8711,937,2023,7,5,143,3.0
8712,1397,2023,6,4,12,4.0
8713,1089,2019,5,1,27,4.0
8714,770,2019,11,3,33,4.0
8715,1189,2019,10,1,69,5.0
8716,649,2021,6,4,105,5.0
8717,1906,2022,2,4,28,3.0
8718,1434,2019,9,3,17,4.0
8719,1478,2023,3,3,13,4.0
8720,1434,2022,4,4,121,3.0
8721,897,2022,8,1,5,4.0
8722,1902,2024,12,4,94,2.0
8723,416,2022,3,1,87,4.0
8724,1138,2019,1,1,16,2.0
8725,139,2023,6,3,83,3.0
8726,590,2024,9,2,44,4.0
8727,1150,2019,8,1,78,4.0
8728,980,2022,12,1,21,4.0
8729,1883,2021,3,5,101,3.0
8730,1228,2019,10,2,120,3.0
8731,823,2020,10,3,1,3.0
8732,854,2024,10,2,80,4.0
8733,1224,2021,11,5,98,3.0
8734,1583,2022,4,1,1,2.0
8735,554,2023,4,3,109,2.0
8736,1170,2021,6,3,82,3.0
8737,1150,2024,5,3,46,4.0
8738,19,2021,2,4,73,4.0
8739,1826,2024,4,1,103,2.0
8740,1140,2019,5,1,97,4.0
8741,485,2024,10,2,117,2.0
8742,1268,2019,1,3,6,3.0
8743,1356,2023,10,4,119,4.0
8744,1831,2022,10,2,6,4.0
8745,69,2022,2,4,98,3.0
8746,828,2024,12,1,53,4.0
8747,361,2022,9,1,10,4.0
8748,1149,2023,9,4,104,4.0
8749,1004,2023,10,4,83,4.0
8750,950,2024,10,1,100,4.0
8751,1965,2020,5,5,57,5.0
8752,1064,2024,7,1,42,4.0
8753,823,2022,8,4,94,
8754,135,2019,3,2,33,4.0
8755,580,2024,1,1,122,4.0
8756,1795,2023,9,4,103,5.0
8757,904,2024,3,2,150,4.0
8758,1821,2023,4,3,5,3.0
8759,1066,2021,2,4,88,2.0
8760,1097,2021,6,2,84,5.0
8761,860,2020,7,4,129,4.0
8762,1114,2021,11,3,64,4.0
8763,134,2019,6,2,141,4.0
8764,116,2023,5,1,36,4.0
8765,952,2023,10,2,129,3.0
8766,1196,2024,4,3,79,3.0
8767,1102,2022,1,2,142,3.0
8768,859,2024,1,4,33,5.0
8769,589,2020,11,3,40,3.0
8770,1419,2021,9,2,85,4.0
8771,1210,2023,3,4,83,5.0
8772,95,2023,3,3,23,5.0
8773,905,2023,11,5,98,4.0
8774,1422,2021,8,3,61,4.0
8775,1569,2019,6,5,23,3.0
8776,574,2024,5,4,77,5.0
8777,1850,2021,5,3,105,4.0
8778,1304,2022,10,3,5,4.0
8779,876,2019,3,1,139,3.0
8780,1255,2024,11,3,92,3.0
8781,1744,2020,3,3,40,4.0
8782,454,2024,3,3,113,4.0
8783,301,2023,5,2,127,4.0
8784,881,2020,10,4,144,4.0
8785,168,2021,1,1,119,1.0
8786,1672,2024,2,4,31,4.0
8787,1941,2022,5,5,25,3.0
8788,1212,2023,2,1,32,4.0
8789,1960,2022,5,3,132,1.0
8790,138,2020,6,3,46,4.0
8791,1266,2019,8,5,50,4.0
8792,886,2019,4,4,134,3.0
8793,555,2021,7,3,31,3.0
8794,624,2023,12,5,62,5.0
8795,1091,2020,6,2,45,4.0
8796,1284,2020,10,2,46,2.0
8797,329,2021,4,3,90,5.0
8798,1230,2020,11,4,112,5.0
8799,1854,2021,7,2,40,5.0
8800,21,2022,2,4,6,3.0
8801,1757,2020,11,1,96,3.0
8802,1216,2019,9,2,83,4.0
8803,685,2019,5,5,99,4.0
8804,1470,2021,8,3,68,5.0
8805,1236,2020,12,3,117,3.0
8806,1538,2023,2,4,94,4.0
8807,163,2019,1,3,114,2.0
8808,118,2019,10,1,110,2.0
8809,1285,2022,4,3,75,4.0
8810,608,2022,11,5,49,3.0
8811,477,2023,10,2,88,4.0
8812,843,2019,11,1,96,3.0
8813,1451,2023,10,4,86,4.0
8814,360,2024,12,3,79,2.0
8815,1947,2022,8,2,52,3.0
8816,842,2021,2,3,21,3.0
8817,302,2021,3,5,65,4.0
8818,143,2023,11,2,133,5.0
8819,1715,2019,4,2,108,4.0
8820,227,2023,12,3,114,3.0
8821,838,2020,11,3,111,4.0
8822,1338,2024,9,1,139,3.0
8823,1027,2019,2,3,34,5.0
8824,526,2022,3,3,109,4.0
8825,216,2021,9,3,11,2.0
8826,1423,2021,5,3,37,4.0
8827,981,2021,5,2,5,3.0
8828,97,2019,2,2,65,3.0
8829,363,2024,6,4,22,4.0
8830,1126,2022,1,3,59,3.0
8831,337,2022,2,2,21,5.0
8832,783,2022,12,3,6,4.0
8833,250,2022,10,2,72,4.0
8834,1594,2022,12,4,62,2.0
8835,1261,2021,11,4,63,3.0
8836,1568,2019,12,1,52,3.0
8837,105,2019,5,1,62,5.0
8838,752,2022,4,1,1,3.0
8839,536,2020,9,1,72,5.0
8840,1246,2021,8,3,128,4.0
8841,1643,2022,6,2,21,4.0
8842,456,2022,6,3,22,3.0
8843,1540,2020,3,3,118,3.0
8844,1161,2022,6,1,76,2.0
8845,1649,2024,12,1,39,4.0
8846,163,2021,6,1,118,4.0
8847,1982,2019,7,3,49,3.0
8848,870,2022,12,3,91,2.0
8849,561,2022,11,2,84,3.0
8850,366,2021,10,1,26,4.0
8851,1970,2022,1,5,114,3.0
8852,1767,2023,11,3,93,5.0
8853,263,2022,1,3,32,2.0
8854,890,2023,1,2,114,3.0
8855,1468,2019,5,1,94,4.0
8856,1182,2020,5,4,129,4.0
8857,379,2022,2,3,124,3.0
8858,721,2020,8,2,48,4.0
8859,737,2024,12,2,141,3.0
8860,578,2023,8,3,6,4.0
8861,1922,2021,12,2,51,3.0
8862,406,2023,11,5,92,3.0
8863,1414,2024,10,3,81,5.0
8864,1824,2019,3,4,34,4.0
8865,1590,2022,8,2,30,3.0
8866,1599,2021,2,3,118,2.0
8867,318,2023,10,2,132,4.0
8868,267,2020,11,5,102,3.0
8869,1566,2020,2,3,80,3.0
8870,1494,2023,7,3,116,3.0
8871,1484,2024,2,1,37,4.0
8872,838,2019,7,3,146,4.0
8873,1047,2022,6,3,19,5.0
8874,31,2023,11,2,88,3.0
8875,583,2019,4,4,52,3.0
8876,1057,2022,9,3,136,3.0
8877,252,2024,8,3,37,3.0
8878,261,2024,9,2,97,4.0
8879,91,2020,12,3,24,4.0
8880,420,2024,3,1,28,3.0
8881,1986,2021,1,3,63,4.0
8882,1393,2021,8,4,120,2.0
8883,1897,2020,2,2,42,4.0
8884,515,2023,6,4,105,5.0
8885,1198,2019,7,4,86,4.0
8886,1784,2023,8,2,147,3.0
8887,705,2019,1,1,46,4.0
8888,1315,2024,7,4,37,4.0
8889,1386,2020,10,5,136,2.0
8890,1665,2022,1,2,50,2.0
8891,1939,2020,5,5,33,3.0
8892,1231,2019,5,2,124,3.0
8893,1166,2019,5,2,122,5.0
8894,1738,2024,6,4,10,2.0
8895,1370,2019,2,2,129,2.0
8896,724,2019,7,4,95,4.0
8897,1261,2022,1,1,42,3.0
8898,1099,2024,2,2,81,3.0
8899,458,2019,7,5,36,4.0
8900,1032,2020,11,2,26,4.0
8901,1248,2022,9,4,20,5.0
8902,1808,2021,5,5,25,4.0
8903,1161,2019,5,4,88,3.0
8904,330,2024,6,5,122,2.0
8905,1976,2021,1,5,73,5.0
8906,1157,2023,8,1,3,3.0
8907,575,2021,2,3,65,5.0
8908,1509,2022,9,3,113,4.0
8909,770,2024,5,3,126,5.0
8910,741,2020,5,4,110,2.0
8911,1679,2023,6,2,56,3.0
8912,1736,2020,2,4,98,4.0
8913,1048,2020,3,3,11,3.0
8914,747,2019,3,3,62,4.0
8915,1727,2021,11,3,81,4.0
8916,347,2022,2,2,5,3.0
8917,1495,2022,2,3,3,2.0
8918,1169,2021,3,3,121,3.0
8919,1709,2021,6,4,34,3.0
8920,842,2020,8,4,19,3.0
8921,1665,2024,6,4,89,3.0
8922,31,2021,7,4,43,2.0
8923,1517,2020,7,5,147,4.0
8924,140,2024,3,2,143,4.0
8925,1285,2022,1,3,124,4.0
8926,391,2024,9,1,46,3.0
8927,1927,2021,12,3,132,3.0
8928,1539,2021,1,4,39,5.0
8929,210,2023,12,4,36,3.0
8930,1785,2024,11,3,147,4.0
8931,504,2023,10,3,102,3.0
8932,1092,2021,7,2,13,3.0
8933,171,2022,5,5,133,5.0
8934,212,2021,8,2,25,4.0
8935,483,2021,1,2,103,3.0
8936,1069,2021,4,1,66,4.0
8937,1086,2019,5,5,3,3.0
8938,1712,2024,7,3,119,5.0
8939,331,2019,4,3,103,3.0
8940,1499,2020,6,2,133,4.0
8941,12,2020,9,1,92,3.0
8942,583,2020,12,1,114,2.0
8943,351,2021,10,1,136,3.0
8944,248,2024,1,3,147,2.0
8945,1170,2020,8,2,85,4.0
8946,1802,2023,6,3,3,2.0
8947,1334,2023,7,3,52,2.0
8948,1709,2023,0,3,93,3.0
8949,1183,2022,4,4,17,4.0
8950,108,2023,7,1,18,2.0
8951,692,2023,11,3,60,4.0
8952,1648,2023,7,1,137,3.0
8953,89,2022,7,5,49,3.0
8954,195,2019,11,5,141,3.0
8955,1668,2022,1,1,121,5.0
8956,127,2023,5,1,46,2.0
8957,1919,2021,6,1,35,
8958,1518,2020,1,1,125,4.0
8959,1331,2022,6,2,114,2.0
8960,1073,2019,12,2,95,4.0
8961,179,2023,10,2,147,3.0
8962,830,2024,1,1,16,3.0
8963,1616,2021,11,2,58,2.0
8964,1808,2019,10,2,91,3.0
8965,894,2020,11,3,11,3.0
8966,1679,2019,2,4,147,3.0
8967,1554,2021,11,2,86,4.0
8968,116,2020,1,2,47,4.0
8969,1241,2023,1,5,36,2.0
8970,1233,2024,5,2,1,4.0
8971,1086,2021,10,1,89,4.0
8972,1545,2024,11,3,147,5.0
8973,1779,2021,8,2,6,4.0
8974,1101,2019,1,3,63,5.0
8975,641,2024,11,4,100,4.0
8976,1967,2021,4,3,65,2.0
8977,1928,2024,9,4,98,4.0
8978,1373,2023,4,2,107,4.0
8979,1282,2024,7,2,145,4.0
8980,209,2022,2,2,91,4.0
8981,804,2022,12,3,107,3.0
8982,397,2020,2,4,46,5.0
8983,1030,2020,12,3,23,4.0
8984,1653,2020,11,2,15,3.0
8985,450,2020,2,5,17,5.0
8986,1994,2022,9,2,125,3.0
8987,260,2024,5,5,7,3.0
8988,197,2019,4,1,73,4.0
8989,1949,2022,4,3,93,4.0
8990,201,2023,3,3,101,5.0
8991,1471,2021,12,3,10,5.0
8992,1527,2020,1,4,130,5.0
8993,661,2021,5,3,66,2.0
8994,129,2023,5,3,3,4.0
8995,617,2024,6,4,20,4.0
8996,138,2023,4,2,129,5.0
8997,1345,2021,8,3,142,3.0
8998,1778,2022,12,4,113,3.0
8999,1995,2023,9,2,51,4.0
9000,1601,2023,3,2,143,5.0
9001,1550,2019,12,1,42,4.0
9002,1764,2019,5,2,36,2.0
9003,1540,2021,4,3,115,4.0
9004,1302,2020,9,3,49,3.0
9005,1993,2022,12,2,78,2.0
9006,646,2022,4,3,100,4.0
9007,826,2024,3,2,25,4.0
9008,1813,2023,10,5,139,4.0
9009,623,2019,6,4,25,3.0
9010,598,2024,9,2,149,3.0
9011,305,2023,6,2,42,4.0
9012,552,2021,1,4,63,5.0
9013,1188,2019,5,3,38,5.0
9014,1773,2023,11,2,81,4.0
9015,273,2020,12,3,1,4.0
9016,1362,2020,5,2,26,3.0
9017,1533,2021,9,5,78,4.0
9018,1792,2019,2,4,105,3.0
9019,1501,2021,3,2,145,4.0
9020,312,2020,9,3,126,2.0
9021,978,2019,1,4,139,2.0
9022,1905,2024,9,2,120,2.0
9023,1817,2020,12,4,117,5.0
9024,1226,2022,1,3,52,3.0
9025,1927,2023,7,2,136,2.0
9026,1337,2021,5,5,145,5.0
9027,130,2020,8,3,78,3.0
9028,1829,2023,11,2,19,4.0
9029,337,2023,1,3,7,3.0
9030,762,2019,9,3,75,5.0
9031,477,2023,3,4,96,4.0
9032,1440,2019,7,2,84,3.0
9033,60,2023,6,3,135,2.0
9034,1281,2019,7,4,81,3.0
9035,1729,2019,10,4,100,3.0
9036,1576,2019,8,2,114,2.0
9037,614,2023,5,5,135,4.0
9038,1794,2021,8,1,92,4.0
9039,725,2022,8,4,84,3.0
9040,1361,2020,1,2,12,2.0
9041,1014,2019,8,5,97,4.0
9042,136,2023,5,4,27,4.0
9043,6,2023,2,4,56,3.0
9044,367,2024,7,2,80,3.0
9045,1870,2019,7,4,13,1.0
9046,1908,2024,9,2,105,4.0
9047,821,2022,6,3,43,3.0
9048,1938,2020,9,5,78,4.0
9049,99,2020,4,4,53,4.0
9050,1935,2022,8,3,54,4.0
9051,462,2022,12,1,60,5.0
9052,74,2019,8,3,8,3.0
9053,1516,2021,9,1,30,2.0
9054,765,2020,5,1,118,4.0
9055,585,2024,9,5,19,4.0
9056,1520,2022,11,3,75,5.0
9057,667,2021,11,1,22,4.0
9058,1506,2021,11,3,81,3.0
9059,391,2024,4,2,97,3.0
9060,172,2023,11,2,71,3.0
9061,650,2021,5,4,116,2.0
9062,1219,2024,11,2,40,3.0
9063,450,2022,1,2,84,5.0
9064,286,2019,11,2,42,
9065,1499,2022,3,4,77,4.0
9066,987,2024,3,2,10,4.0
9067,863,2024,7,2,41,3.0
9068,480,2019,7,5,107,3.0
9069,36,2024,2,3,117,5.0
9070,107,2024,7,2,41,4.0
9071,1363,2019,10,4,39,4.0
9072,161,2022,6,3,45,5.0
9073,494,2023,7,4,42,3.0
9074,1822,2019,11,1,150,4.0
9075,688,2023,3,2,98,3.0
9076,1490,2021,4,1,58,3.0
9077,687,2020,11,3,70,3.0
9078,1864,2020,2,2,77,5.0
9079,1644,2022,4,3,83,4.0
9080,940,2023,4,2,58,5.0
9081,1369,2023,10,3,147,3.0
9082,827,2020,2,2,44,5.0
9083,1889,2023,5,2,65,5.0
9084,717,2023,5,3,1,4.0
9085,1673,2019,1,4,74,4.0
9086,1233,2020,2,5,129,5.0
9087,1288,2019,5,1,150,3.0
9088,704,2024,2,3,71,5.0
9089,1666,2021,12,2,21,3.0
9090,1493,2020,6,3,108,3.0
9091,1631,2024,1,2,97,3.0
9092,1603,2023,8,4,144,4.0
9093,316,2024,10,5,76,4.0
9094,1752,2023,8,2,1,3.0
9095,1684,2024,7,2,136,3.0
9096,486,2020,2,3,102,3.0
9097,1964,2020,9,3,121,5.0
9098,1055,2019,12,4,18,4.0
9099,644,2021,5,1,69,3.0
9100,447,2022,2,1,69,3.0
9101,730,2022,3,3,41,3.0
9102,76,2023,8,3,128,3.0
9103,1382,2023,8,3,29,2.0
9104,1416,2023,11,2,11,2.0
9105,1336,2022,5,2,36,4.0
9106,1098,2020,11,1,149,4.0
9107,726,2021,4,4,18,2.0
9108,1448,2024,7,3,88,4.0
9109,1743,2023,8,1,28,2.0
9110,176,2024,4,2,60,4.0
9111,766,2022,5,4,83,
9112,1992,2023,10,3,3,3.0
9113,1724,2021,7,4,37,4.0
9114,1989,2019,8,5,89,5.0
9115,367,2023,8,1,3,1.0
9116,930,2019,10,5,75,5.0
9117,261,2022,12,2,91,3.0
9118,1733,2024,5,3,33,5.0
9119,1038,2019,5,3,25,5.0
9120,488,2023,11,3,74,2.0
9121,181,2024,6,3,108,3.0
9122,1476,2022,12,1,2,4.0
9123,1624,2023,11,3,51,4.0
9124,1759,2024,9,2,150,4.0
9125,1943,2023,9,1,51,4.0
9126,1630,2019,12,3,50,3.0
9127,1573,2023,4,3,111,4.0
9128,1624,2023,6,2,73,4.0
9129,1998,2020,7,1,59,2.0
9130,927,2022,3,5,118,
9131,1518,2024,7,3,5,3.0
9132,1640,2024,8,3,107,5.0
9133,233,2024,7,1,58,4.0
9134,1382,2023,8,3,134,4.0
9135,678,2019,2,4,109,4.0
9136,265,2021,6,1,142,4.0
9137,341,2020,12,3,20,4.0
9138,229,2019,4,1,29,2.0
9139,1796,2020,6,1,136,3.0
9140,1544,2024,8,3,59,3.0
9141,205,2022,8,3,123,3.0
9142,1251,2023,3,3,104,3.0
9143,1321,2022,2,3,75,5.0
9144,1039,2021,10,3,7,4.0
9145,1213,2021,7,3,12,3.0
9146,1815,2024,11,2,108,3.0
9147,1038,2020,12,2,15,3.0
9148,1320,2020,2,2,1,5.0
9149,1143,2024,5,5,33,4.0
9150,793,2021,10,2,138,2.0
9151,1782,2024,4,2,94,2.0
9152,828,2024,3,3,108,3.0
9153,1600,2019,2,4,98,5.0
9154,1211,2023,7,4,85,4.0
9155,1370,2019,5,4,39,3.0
9156,1521,2024,12,2,65,4.0
9157,1472,2019,12,2,82,2.0
9158,1129,2024,1,4,149,3.0
9159,1231,2023,11,4,135,5.0
9160,1018,2022,2,5,111,3.0
9161,679,2020,9,4,122,4.0
9162,1454,2020,12,2,122,4.0
9163,1758,2021,5,2,101,2.0
9164,1411,2024,2,3,124,3.0
9165,1545,2024,1,3,11,2.0
9166,1661,2022,5,2,4,3.0
9167,735,2020,12,3,67,4.0
9168,126,2022,6,5,9,3.0
9169,676,2023,6,2,51,4.0
9170,1510,2022,1,2,30,3.0
9171,1632,2024,8,2,144,3.0
9172,1028,2019,3,2,99,4.0
9173,1558,2022,9,4,7,3.0
9174,150,2019,10,4,94,2.0
9175,1289,2022,10,2,110,3.0
9176,1359,2022,7,4,49,3.0
9177,1016,2020,8,3,133,4.0
9178,1434,2023,5,3,146,3.0
9179,983,2024,9,3,148,2.0
9180,1048,2021,9,4,14,3.0
9181,1208,2021,3,2,68,5.0
9182,1588,2020,4,3,117,4.0
9183,498,2019,10,3,67,3.0
9184,601,2021,6,4,73,3.0
9185,838,2021,3,4,50,3.0
9186,404,2023,12,5,63,4.0
9187,669,2024,11,1,105,3.0
9188,702,2019,10,3,4,2.0
9189,629,2019,6,2,120,3.0
9190,821,2022,7,3,110,5.0
9191,1010,2021,12,4,21,3.0
9192,1392,2023,7,3,116,2.0
9193,606,2020,10,1,79,5.0
9194,1692,2021,11,3,48,5.0
9195,959,2021,10,1,69,3.0
9196,1442,2022,8,1,78,
9197,230,2019,5,4,32,4.0
9198,348,2024,5,4,91,4.0
9199,908,2021,10,2,95,3.0
9200,733,2020,6,3,56,3.0
9201,993,2022,3,3,70,2.0
9202,317,2019,3,1,93,4.0
9203,948,2022,8,3,76,
9204,1374,2019,12,1,66,4.0
9205,1457,2020,5,4,144,3.0
9206,497,2023,8,4,132,4.0
9207,689,2021,4,2,57,3.0
9208,1051,2024,5,2,108,4.0
9209,1036,2021,5,2,122,3.0
9210,1584,2023,5,5,17,2.0
9211,781,2019,11,4,89,3.0
9212,1342,2024,11,4,120,1.0
9213,1768,2022,4,3,9,2.0
9214,597,2023,5,4,51,5.0
9215,1646,2020,1,3,120,1.0
9216,666,2020,10,2,141,2.0
9217,669,2021,9,3,149,5.0
9218,1307,2020,11,3,91,3.0
9219,1244,2019,7,2,7,3.0
9220,1099,2023,11,2,5,4.0
9221,463,2023,2,2,122,2.0
9222,193,2023,5,3,111,5.0
9223,1818,2022,6,2,30,3.0
9224,1748,2022,10,1,20,3.0
9225,1774,2024,3,3,22,5.0
9226,1026,2022,4,3,132,2.0
9227,1770,2023,2,2,115,3.0
9228,947,2021,12,5,143,2.0
9229,152,2019,6,3,18,2.0
9230,397,2021,1,2,105,5.0
9231,546,2023,3,2,139,3.0
9232,754,2022,7,2,80,4.0
9233,1879,2023,6,2,117,3.0
9234,666,2023,7,4,91,2.0
9235,1226,2020,1,4,2,1.0
9236,542,2023,11,3,65,4.0
9237,1287,2023,0,2,40,2.0
9238,1135,2020,3,1,13,4.0
9239,301,2022,5,4,90,3.0
9240,925,2024,2,4,140,4.0
9241,211,2020,2,3,9,5.0
9242,1779,2020,11,4,50,5.0
9243,1409,2020,2,2,101,4.0
9244,1883,2020,5,3,47,3.0
9245,1752,2020,12,1,18,3.0
9246,439,2023,4,3,29,2.0
9247,1415,2024,9,3,4,3.0
9248,201,2024,2,3,149,5.0
9249,1922,2021,11,4,74,3.0
9250,1571,2024,12,1,142,5.0
9251,1361,2019,11,2,103,3.0
9252,1990,2019,8,3,53,3.0
9253,1694,2020,12,3,142,2.0
9254,1728,2020,9,5,40,4.0
9255,201,2024,5,4,28,3.0
9256,48,2023,11,3,121,3.0
9257,1923,2023,4,3,84,3.0
9258,503,2023,11,3,64,4.0
9259,853,2023,12,1,89,4.0
9260,87,2022,6,2,146,4.0
9261,1247,2019,3,1,43,2.0
9262,1642,2019,2,2,136,3.0
9263,1684,2024,7,4,137,3.0
9264,1163,2022,9,3,114,4.0
9265,1323,2024,8,4,24,4.0
9266,1028,2019,8,4,14,4.0
9267,893,2022,1,4,19,3.0
9268,1109,2020,1,4,106,3.0
9269,1872,2021,4,2,60,4.0
9270,505,2022,11,2,149,5.0
9271,941,2021,7,4,1,3.0
9272,1204,2019,5,2,56,5.0
9273,1141,2024,8,2,40,4.0
9274,62,2023,6,5,133,2.0
9275,575,2021,2,4,19,3.0
9276,1293,2022,7,1,62,5.0
9277,1389,2019,9,4,131,3.0
9278,1469,2021,11,4,146,2.0
9279,1983,2021,5,5,138,3.0
9280,1347,2021,3,3,99,4.0
9281,1160,2021,11,1,25,5.0
9282,665,2024,5,4,15,3.0
9283,741,2019,2,3,62,3.0
9284,1653,2022,7,3,72,2.0
9285,938,2024,1,4,78,2.0
9286,1432,2024,12,3,8,3.0
9287,249,2024,10,5,102,4.0
9288,257,2021,6,5,60,4.0
9289,431,2022,7,2,17,5.0
9290,391,2022,5,3,138,2.0
9291,1214,2024,6,2,54,4.0
9292,1275,2024,12,2,35,4.0
9293,1116,2020,9,2,74,3.0
9294,579,2019,8,3,143,4.0
9295,1154,2020,12,1,124,5.0
9296,239,2020,2,4,15,4.0
9297,946,2020,11,2,104,
9298,310,2024,3,2,100,5.0
9299,154,2020,4,2,133,4.0
9300,332,2021,8,2,145,2.0
9301,223,2021,2,1,112,3.0
9302,956,2020,6,4,99,3.0
9303,1092,2020,5,3,54,3.0
9304,1215,2024,1,5,135,3.0
9305,880,2022,3,1,142,3.0
9306,353,2019,6,2,149,4.0
9307,42,2022,2,4,144,3.0
9308,1425,2022,12,3,97,4.0
9309,1966,2021,6,1,144,4.0
9310,563,2023,9,1,118,3.0
9311,410,2023,3,4,37,2.0
9312,624,2023,7,2,5,4.0
9313,429,2022,2,3,148,3.0
9314,447,2021,3,4,65,5.0
9315,990,2020,9,3,132,5.0
9316,1571,2019,5,4,44,4.0
9317,1425,2024,12,3,55,4.0
9318,1920,2024,12,3,124,4.0
9319,715,2020,2,3,79,4.0
9320,985,2023,8,2,102,2.0
9321,761,2019,10,3,49,3.0
9322,85,2020,4,5,93,4.0
9323,777,2019,11,2,74,2.0
9324,522,2021,9,3,140,5.0
9325,958,2020,4,3,74,3.0
9326,317,2022,2,3,14,4.0
9327,1484,2021,6,3,111,5.0
9328,1686,2019,5,3,144,4.0
9329,1922,2019,7,1,133,4.0
9330,170,2023,3,2,16,4.0
9331,236,2022,4,2,150,4.0
9332,1933,2024,11,4,53,4.0
9333,1697,2019,11,2,126,3.0
9334,1178,2020,9,2,95,4.0
9335,644,2019,5,3,146,2.0
9336,1036,2024,6,3,52,3.0
9337,1072,2019,4,4,92,3.0
9338,1695,2023,5,3,103,4.0
9339,1059,2020,7,4,24,2.0
9340,56,2023,11,2,117,3.0
9341,1400,2021,10,4,22,3.0
9342,1555,2024,3,2,125,4.0
9343,597,2019,12,1,19,3.0
9344,234,2020,1,3,27,5.0
9345,285,2023,1,1,75,4.0
9346,1682,2024,11,1,28,3.0
9347,896,2022,4,1,12,3.0
9348,1059,2019,11,3,8,3.0
9349,1922,2022,1,2,43,2.0
9350,123,2021,3,4,74,4.0
9351,412,2023,10,2,7,4.0
9352,1667,2022,3,2,21,3.0
9353,1081,2024,7,3,92,3.0
9354,55,2019,9,4,48,4.0
9355,1406,2022,5,3,114,4.0
9356,277,2023,2,2,127,3.0
9357,1565,2021,10,4,5,3.0
9358,1596,2021,8,3,143,3.0
9359,1649,2023,11,5,103,3.0
9360,930,2021,9,3,124,3.0
9361,536,2021,9,2,72,3.0
9362,1763,2022,0,4,1,4.0
9363,1118,2023,9,1,133,5.0
9364,1271,2019,6,4,86,4.0
9365,274,2024,12,3,6,4.0
9366,1248,2020,10,2,25,4.0
9367,1161,2019,3,1,31,3.0
9368,585,2020,12,1,57,4.0
9369,1534,2019,3,1,67,5.0
9370,268,2024,9,3,65,3.0
9371,1439,2020,12,4,131,3.0
9372,1923,2023,6,1,142,3.0
9373,1135,2020,3,2,102,3.0
9374,210,2022,12,4,96,3.0
9375,1107,2021,10,2,130,4.0
9376,1059,2022,6,4,41,4.0
9377,1105,2024,12,1,84,1.0
9378,546,2022,2,4,97,3.0
9379,1253,2023,7,4,43,3.0
9380,529,2020,3,1,143,3.0
9381,1116,2019,3,2,36,2.0
9382,1190,2019,5,2,9,4.0
9383,1292,2020,7,1,49,4.0
9384,1596,2022,3,2,123,4.0
9385,1766,2019,7,3,57,3.0
9386,1555,2020,10,4,33,4.0
9387,1592,2022,2,2,131,3.0
9388,1738,2024,1,4,23,3.0
9389,485,2024,9,2,24,3.0
9390,586,2020,5,1,135,4.0
9391,1067,2019,3,2,49,4.0
9392,932,2022,11,2,1,5.0
9393,1405,2024,6,1,66,3.0
9394,19,2021,2,1,112,3.0
9395,278,2024,4,2,114,3.0
9396,1494,2023,7,5,14,4.0
9397,1644,2024,4,3,43,5.0
9398,605,2024,12,5,93,5.0
9399,622,2019,8,1,100,5.0
9400,1123,2021,1,4,94,5.0
9401,955,2019,5,1,51,4.0
9402,339,2019,5,2,130,4.0
9403,1001,2021,2,1,12,5.0
9404,1639,2022,1,3,124,4.0
9405,1460,2024,2,2,141,4.0
9406,1635,2019,9,4,103,3.0
9407,1288,2019,3,4,65,5.0
9408,1755,2019,6,2,58,3.0
9409,500,2024,2,4,66,5.0
9410,92,2022,12,2,25,4.0
9411,229,2021,12,1,34,3.0
9412,1985,2019,9,2,96,2.0
9413,1282,2021,4,2,83,
9414,496,2019,8,1,75,3.0
9415,1709,2019,5,1,72,3.0
9416,619,2021,11,2,12,4.0
9417,1195,2022,8,4,131,2.0
9418,499,2021,2,4,144,5.0
9419,190,2024,2,5,37,5.0
9420,536,2024,10,1,48,3.0
9421,457,2019,9,1,95,5.0
9422,1106,2020,9,3,1,2.0
9423,42,2022,4,3,16,4.0
9424,480,2021,9,2,136,3.0
9425,1136,2021,4,4,26,5.0
9426,788,2023,8,5,87,3.0
9427,1272,2020,4,2,133,4.0
9428,1312,2023,2,5,110,3.0
9429,1931,2020,10,1,41,3.0
9430,1673,2021,10,3,23,
9431,457,2020,10,2,108,4.0
9432,1386,2022,8,3,61,3.0
9433,1255,2023,8,1,146,4.0
9434,1189,2022,10,3,97,3.0
9435,1598,2021,7,2,2,3.0
9436,296,2020,11,3,38,5.0
9437,751,2023,10,3,112,3.0
9438,1633,2019,7,2,106,4.0
9439,1785,2020,8,3,112,3.0
9440,75,2023,12,5,36,4.0
9441,943,2023,7,4,38,3.0
9442,529,2020,2,5,32,1.0
9443,336,2021,11,2,105,4.0
9444,115,2020,1,3,2,3.0
9445,1077,2024,3,4,123,3.0
9446,1335,2022,4,5,43,4.0
9447,1063,2019,1,2,74,5.0
9448,737,2019,3,5,38,2.0
9449,1543,2019,3,3,64,3.0
9450,1305,2020,7,4,115,3.0
9451,1817,2020,11,3,30,3.0
9452,695,2021,4,2,86,4.0
9453,478,2023,5,1,9,4.0
9454,912,2024,9,2,27,3.0
9455,1014,2022,9,3,103,3.0
9456,916,2023,12,3,86,4.0
9457,1665,2022,7,3,92,3.0
9458,92,2020,10,3,34,3.0
9459,1056,2022,11,3,31,3.0
9460,861,2020,6,1,64,3.0
9461,422,2020,11,2,20,3.0
9462,1283,2024,12,3,134,3.0
9463,1603,2024,2,2,41,4.0
9464,1093,2022,10,5,108,5.0
9465,170,2022,8,5,24,4.0
9466,151,2023,10,3,98,3.0
9467,844,2023,7,2,31,4.0
9468,1337,2019,3,4,43,
9469,628,2021,6,2,62,5.0
9470,618,2019,9,3,19,3.0
9471,1721,2022,11,5,19,4.0
9472,29,2020,1,4,113,3.0
9473,160,2020,3,5,52,3.0
9474,312,2024,3,1,86,5.0
9475,1968,2020,8,3,97,4.0
9476,996,2024,1,4,94,5.0
9477,317,2021,12,2,95,4.0
9478,621,2020,9,4,147,4.0
9479,1939,2019,11,2,95,4.0
9480,1389,2023,1,4,53,3.0
9481,448,2024,4,3,43,3.0
9482,482,2024,6,2,121,3.0
9483,150,2020,10,5,64,4.0
9484,1546,2024,8,4,84,2.0
9485,275,2020,6,3,123,4.0
9486,573,2021,4,5,36,2.0
9487,697,2019,4,3,34,4.0
9488,1242,2020,5,3,8,5.0
9489,1213,2020,9,2,11,2.0
9490,1599,2024,11,4,93,4.0
9491,595,2020,6,3,76,5.0
9492,772,2020,11,3,45,3.0
9493,778,2020,4,5,32,3.0
9494,94,2020,11,2,105,4.0
9495,1476,2022,1,4,13,5.0
9496,1071,2020,9,4,106,5.0
9497,952,2020,12,1,136,2.0
9498,1991,2022,4,4,69,4.0
9499,358,2023,9,4,75,3.0
9500,1938,2019,1,3,81,3.0
9501,1361,2021,11,1,15,3.0
9502,443,2022,6,1,94,4.0
9503,1358,2024,6,1,55,4.0
9504,1512,2024,12,2,71,4.0
9505,725,2024,12,3,4,4.0
9506,690,2022,3,3,132,5.0
9507,1671,2019,12,3,51,5.0
9508,321,2024,3,3,12,4.0
9509,27,2022,10,3,118,3.0
9510,1332,2024,10,4,147,4.0
9511,1814,2024,7,4,78,3.0
9512,1002,2023,8,4,6,3.0
9513,270,2021,5,2,149,2.0
9514,1079,2022,5,5,32,2.0
9515,504,2023,7,4,37,4.0
9516,1655,2024,11,5,107,4.0
9517,1225,2020,6,3,50,3.0
9518,674,2022,7,2,13,3.0
9519,1250,2022,9,3,103,3.0
9520,1335,2020,12,2,40,2.0
9521,1358,2021,11,2,130,3.0
9522,733,2024,5,3,24,3.0
9523,1142,2019,11,5,136,2.0
9524,86,2022,6,3,109,4.0
9525,808,2022,2,3,36,3.0
9526,757,2024,1,3,87,4.0
9527,1070,2020,3,2,141,2.0
9528,1901,2021,5,1,10,4.0
9529,1908,2019,5,4,123,4.0
9530,967,2021,3,2,70,3.0
9531,1293,2024,3,2,143,4.0
9532,217,2023,1,3,32,3.0
9533,965,2021,11,2,108,4.0
9534,1376,2022,4,2,146,2.0
9535,1366,2024,8,3,52,2.0
9536,1927,2021,6,5,17,3.0
9537,933,2020,5,2,59,4.0
9538,1816,2024,3,3,90,5.0
9539,1958,2024,1,3,95,3.0
9540,1144,2022,2,4,73,4.0
9541,183,2019,9,3,140,4.0
9542,753,2019,6,4,87,3.0
9543,1530,2019,12,4,97,2.0
9544,1162,2023,2,2,144,4.0
9545,1873,2020,12,4,141,4.0
9546,1632,2019,2,2,52,3.0
9547,127,2023,9,4,43,4.0
9548,1723,2021,12,3,113,4.0
9549,715,2022,2,3,79,4.0
9550,1638,2020,6,3,68,3.0
9551,1016,2020,12,3,105,2.0
9552,911,2020,10,2,100,4.0
9553,145,2022,3,3,138,3.0
9554,238,2024,3,3,55,4.0
9555,1191,2024,5,2,114,5.0
9556,1139,2019,6,2,35,4.0
9557,1110,2023,4,2,141,4.0
9558,313,2023,2,4,13,3.0
9559,1020,2019,6,2,113,4.0
9560,122,2022,5,3,16,4.0
9561,289,2021,4,5,133,4.0
9562,998,2020,10,1,144,1.0
9563,1234,2023,4,2,123,3.0
9564,1311,2024,11,5,119,4.0
9565,1964,2022,1,4,72,2.0
9566,1709,2020,7,2,37,4.0
9567,760,2021,12,1,148,4.0
9568,1566,2022,4,3,80,3.0
9569,192,2024,8,4,123,4.0
9570,1715,2023,9,3,108,4.0
9571,774,2023,5,4,106,3.0
9572,1521,2023,8,2,53,3.0
9573,1942,2023,8,3,65,5.0
9574,1407,2020,6,1,66,2.0
9575,1841,2019,5,3,91,2.0
9576,21,2024,6,4,108,4.0
9577,342,2022,2,2,30,2.0
9578,1253,2024,6,3,35,5.0
9579,1082,2023,4,2,8,2.0
9580,241,2021,5,2,79,4.0
9581,1437,2022,3,1,101,5.0
9582,118,2022,7,3,32,4.0
9583,1982,2024,1,5,107,3.0
9584,313,2021,1,1,1,4.0
9585,891,2021,3,2,130,5.0
9586,1647,2021,7,2,104,2.0
9587,1029,2019,4,3,103,4.0
9588,1488,2021,6,2,107,4.0
9589,1408,2021,2,5,54,5.0
9590,1898,2020,6,3,150,4.0
9591,928,2023,6,3,112,4.0
9592,1958,2023,4,1,28,4.0
9593,1034,2020,1,3,139,2.0
9594,1787,2019,8,4,111,3.0
9595,1466,2022,3,3,47,4.0
9596,266,2019,6,4,143,3.0
9597,1288,2019,9,3,38,3.0
9598,1757,2021,2,5,97,
9599,257,2024,9,2,101,5.0
9600,1678,2019,5,4,145,1.0
9601,211,2022,7,2,86,4.0
9602,1743,2022,1,3,150,3.0
9603,1578,2020,6,3,43,4.0
9604,304,2022,5,3,121,4.0
9605,1453,2022,3,1,37,5.0
9606,234,2019,7,3,150,3.0
9607,1137,2024,8,2,115,2.0
9608,1848,2020,5,3,94,4.0
9609,412,2021,8,1,10,3.0
9610,348,2019,5,3,75,4.0
9611,846,2022,10,2,22,5.0
9612,738,2022,4,1,138,4.0
9613,97,2019,10,3,57,3.0
9614,912,2020,5,2,125,4.0
9615,520,2023,7,3,136,2.0
9616,249,2023,1,4,17,2.0
9617,553,2020,1,4,114,4.0
9618,42,2022,12,3,46,3.0
9619,1831,2023,1,3,17,5.0
9620,1989,2021,7,3,40,3.0
9621,736,2020,6,2,83,4.0
9622,1754,2019,8,2,129,5.0
9623,923,2024,1,2,104,4.0
9624,1825,2020,3,5,35,3.0
9625,347,2023,5,1,45,3.0
9626,570,2020,12,2,46,4.0
9627,1480,2023,5,2,111,4.0
9628,441,2020,7,1,78,3.0
9629,1648,2022,7,2,4,3.0
9630,852,2024,5,3,12,4.0
9631,808,2023,10,3,12,2.0
9632,907,2019,9,4,145,3.0
9633,1596,2022,6,3,76,4.0
9634,12,2020,4,4,74,3.0
9635,1502,2020,4,3,115,3.0
9636,1559,2023,12,2,29,3.0
9637,1643,2024,2,4,5,3.0
9638,1994,2024,3,3,41,4.0
9639,1565,2024,4,4,32,4.0
9640,1058,2021,10,1,120,4.0
9641,933,2022,9,3,123,5.0
9642,777,2022,12,2,96,5.0
9643,1655,2023,9,2,137,2.0
9644,786,2019,6,3,70,3.0
9645,1146,2023,1,4,37,5.0
9646,193,2023,11,4,50,3.0
9647,635,2024,9,4,22,3.0
9648,533,2022,1,4,136,3.0
9649,871,2021,12,4,91,3.0
9650,1005,2021,8,3,116,5.0
9651,1433,2022,8,4,43,3.0
9652,864,2020,5,2,108,5.0
9653,301,2023,4,5,50,3.0
9654,1091,2021,5,3,67,3.0
9655,110,2020,1,2,98,3.0
9656,1699,2023,6,3,148,3.0
9657,1542,2021,1,4,84,4.0
9658,451,2019,8,3,107,3.0
9659,527,2022,3,2,90,3.0
9660,56,2022,8,3,64,4.0
9661,729,2020,5,4,140,2.0
9662,77,2019,4,3,145,2.0
9663,1873,2021,2,2,47,3.0
9664,269,2023,5,4,135,4.0
9665,1319,2023,1,3,68,4.0
9666,1141,2020,3,2,111,4.0
9667,474,2021,6,2,78,3.0
9668,1617,2024,8,3,116,5.0
9669,218,2021,6,3,131,4.0
9670,1774,2021,2,5,64,3.0
9671,1481,2023,9,5,106,3.0
9672,1271,2021,6,3,77,2.0
9673,1760,2024,8,3,120,4.0
9674,807,2021,12,1,29,2.0
9675,564,2021,1,3,110,3.0
9676,310,2022,12,3,90,4.0
9677,1849,2023,12,3,68,3.0
9678,803,2021,7,5,56,3.0
9679,1659,2020,1,2,106,4.0
9680,665,2021,3,2,53,3.0
9681,1910,2020,3,3,5,4.0
9682,1741,2020,8,2,143,4.0
9683,617,2023,9,2,68,3.0
9684,974,2021,6,3,25,3.0
9685,1588,2020,5,1,34,3.0
9686,453,2023,1,2,125,3.0
9687,48,2023,12,5,50,4.0
9688,578,2020,12,3,43,3.0
9689,1182,2020,1,1,74,2.0
9690,273,2023,4,4,5,3.0
9691,667,2020,12,2,85,3.0
9692,1838,2024,5,2,7,4.0
9693,151,2022,8,5,126,5.0
9694,101,2022,7,4,65,5.0
9695,848,2022,8,2,33,4.0
9696,26,2019,11,3,69,3.0
9697,56,2023,5,3,27,5.0
9698,366,2022,10,4,49,3.0
9699,205,2020,6,3,20,3.0
9700,1622,2023,3,3,101,4.0
9701,246,2020,1,1,147,3.0
9702,1047,2021,9,2,73,4.0
9703,1411,2022,8,1,15,3.0
9704,1252,2020,11,3,12,4.0
9705,1308,2019,3,3,125,1.0
9706,716,2020,9,2,53,5.0
9707,1778,2023,1,2,45,2.0
9708,138,2021,2,3,16,3.0
9709,215,2023,8,1,100,4.0
9710,1713,2019,7,4,10,4.0
9711,137,2020,8,4,136,5.0
9712,384,2020,11,3,32,2.0
9713,347,2019,11,5,11,3.0
9714,67,2022,3,3,106,4.0
9715,235,2020,3,3,54,3.0
9716,1146,2021,7,3,105,4.0
9717,1323,2024,12,1,6,5.0
9718,167,2020,9,2,130,4.0
9719,1885,2020,2,3,47,5.0
9720,192,2024,8,1,114,4.0
9721,1375,2021,5,4,141,4.0
9722,1601,2020,2,2,81,3.0
9723,1042,2023,9,3,51,2.0
9724,984,2019,4,3,47,4.0
9725,219,2021,10,2,103,4.0
9726,484,2020,7,2,1,4.0
9727,1702,2024,6,3,23,4.0
9728,698,2020,3,1,98,3.0
9729,69,2022,4,2,4,5.0
9730,1459,2022,5,1,44,4.0
9731,1368,2021,9,3,98,2.0
9732,133,2019,5,4,38,4.0
9733,103,2020,1,4,140,3.0
9734,233,2024,1,2,147,1.0
9735,102,2022,4,3,6,3.0
9736,1233,2024,7,5,27,5.0
9737,266,2022,4,3,137,1.0
9738,1214,2020,12,5,5,3.0
9739,353,2021,3,4,73,2.0
9740,1945,2023,5,2,143,2.0
9741,1452,2020,5,3,89,2.0
9742,750,2022,4,5,46,3.0
9743,858,2024,11,2,1,5.0
9744,131,2024,4,1,60,5.0
9745,110,2021,1,2,82,3.0
9746,1076,2020,7,1,13,5.0
9747,46,2022,8,1,80,3.0
9748,1277,2022,6,3,61,3.0
9749,765,2023,6,4,49,3.0
9750,280,2019,11,2,146,2.0
9751,1072,2022,5,4,135,2.0
9752,1106,2019,8,5,105,4.0
9753,1493,2024,11,3,89,4.0
9754,396,2024,5,5,72,2.0
9755,1095,2023,7,3,11,4.0
9756,1690,2020,5,1,47,4.0
9757,540,2023,8,1,2,3.0
9758,1671,2021,7,3,55,3.0
9759,1447,2022,11,5,72,4.0
9760,860,2020,4,1,92,4.0
9761,1767,2021,2,3,54,5.0
9762,1934,2024,6,4,39,4.0
9763,474,2020,8,5,107,2.0
9764,1960,2021,4,5,23,2.0
9765,5,2020,12,1,19,3.0
9766,259,2020,7,1,105,5.0
9767,87,2021,10,2,88,4.0
9768,736,2022,7,2,131,3.0
9769,1874,2019,5,4,111,2.0
9770,1201,2020,11,3,136,4.0
9771,1234,2023,2,5,100,5.0
9772,170,2020,4,3,127,2.0
9773,1033,2021,10,3,26,4.0
9774,766,2023,11,2,80,4.0
9775,959,2023,4,3,142,4.0
9776,523,2024,7,4,119,5.0
9777,404,2019,6,3,61,5.0
9778,1905,2023,9,4,139,4.0
9779,1117,2023,6,4,47,3.0
9780,824,2019,8,1,4,3.0
9781,148,2024,9,2,120,3.0
9782,1526,2020,10,3,62,5.0
9783,946,2021,2,3,6,4.0
9784,774,2023,8,1,31,4.0
9785,1334,2022,3,1,11,3.0
9786,264,2020,1,5,150,3.0
9787,1067,2020,9,4,128,4.0
9788,1727,2023,5,2,140,3.0
9789,928,2020,9,3,28,3.0
9790,1,2021,12,1,121,4.0
9791,460,2023,2,1,85,2.0
9792,112,2024,6,2,45,4.0
9793,1001,2023,2,2,101,4.0
9794,729,2021,10,5,143,4.0
9795,265,2020,12,1,70,4.0
9796,1374,2024,11,3,5,3.0
9797,354,2022,12,4,127,5.0
9798,684,2021,4,1,29,4.0
9799,1976,2024,4,3,28,4.0
9800,133,2023,11,2,93,5.0
9801,496,2021,8,2,120,2.0
9802,636,2020,5,2,119,4.0
9803,1018,2019,3,4,131,2.0
9804,490,2022,1,3,133,3.0
9805,1941,2019,1,1,20,3.0
9806,11,2020,9,3,46,2.0
9807,1897,2023,4,4,109,4.0
9808,1070,2019,10,3,59,3.0
9809,77,2024,11,5,108,5.0
9810,234,2021,6,4,69,5.0
9811,207,2024,4,2,68,4.0
9812,575,2020,3,1,5,4.0
9813,667,2021,4,3,92,3.0
9814,1283,2024,8,3,130,4.0
9815,623,2022,10,3,123,4.0
9816,1451,2023,9,3,51,3.0
9817,588,2023,12,2,102,4.0
9818,527,2023,8,5,30,4.0
9819,551,2021,7,3,96,3.0
9820,659,2021,5,4,62,3.0
9821,1676,2019,5,3,140,4.0
9822,494,2020,5,3,107,3.0
9823,547,2019,11,5,11,3.0
9824,1914,2020,7,2,131,4.0
9825,1308,2023,3,3,109,3.0
9826,382,2020,3,3,33,4.0
9827,1737,2021,1,4,43,3.0
9828,367,2022,11,3,26,4.0
9829,325,2019,3,2,47,3.0
9830,891,2023,2,3,142,3.0
9831,1383,2023,4,3,136,3.0
9832,379,2020,6,1,83,5.0
9833,1507,2019,12,3,55,3.0
9834,314,2019,11,3,55,3.0
9835,1564,2020,3,2,144,3.0
9836,192,2019,7,2,30,3.0
9837,929,2019,10,4,114,3.0
9838,1281,2021,10,1,150,4.0
9839,532,2022,6,2,129,4.0
9840,1225,2019,3,4,108,3.0
9841,1378,2022,10,2,135,4.0
9842,1301,2021,6,1,33,4.0
9843,794,2020,3,5,148,5.0
9844,1547,2019,9,3,14,4.0
9845,1464,2023,11,2,3,3.0
9846,653,2019,11,2,30,3.0
9847,1467,2020,12,1,92,3.0
9848,1837,2023,8,4,38,4.0
9849,1634,2022,10,2,96,4.0
9850,1467,2024,3,2,17,3.0
9851,1534,2019,4,5,105,4.0
9852,1610,2020,2,3,35,4.0
9853,579,2022,1,4,79,3.0
9854,1442,2020,11,3,18,4.0
9855,399,2021,6,5,146,3.0
9856,717,2020,7,2,57,4.0
9857,1870,2023,2,2,91,4.0
9858,567,2023,3,1,73,5.0
9859,1688,2023,1,1,90,4.0
9860,846,2022,6,4,69,
9861,420,2021,7,3,11,3.0
9862,195,2022,2,1,125,4.0
9863,1097,2019,9,1,97,4.0
9864,903,2022,2,3,39,5.0
9865,1023,2020,11,2,13,3.0
9866,87,2024,12,4,134,4.0
9867,537,2020,8,5,50,3.0
9868,8,2019,7,4,137,3.0
9869,605,2024,9,2,115,2.0
9870,1863,2019,3,3,144,3.0
9871,305,2022,12,3,99,2.0
9872,1379,2021,11,4,28,3.0
9873,12,2020,9,2,6,3.0
9874,1124,2021,12,4,37,3.0
9875,1842,2023,4,3,66,3.0
9876,683,2019,11,3,94,5.0
9877,395,2022,1,2,135,4.0
9878,1142,2024,9,1,22,5.0
9879,558,2020,4,4,96,5.0
9880,1784,2023,12,1,13,5.0
9881,1698,2024,7,2,73,5.0
9882,1305,2024,3,3,12,3.0
9883,1279,2022,4,2,57,4.0
9884,1205,2024,11,3,91,4.0
9885,1471,2023,10,2,111,5.0
9886,921,2022,5,3,121,4.0
9887,1940,2019,4,1,79,4.0
9888,692,2024,0,3,39,3.0
9889,18,2020,2,3,137,
9890,1398,2023,1,4,141,4.0
9891,1325,2022,4,2,146,3.0
9892,1962,2021,3,2,119,4.0
9893,791,2023,1,2,117,2.0
9894,850,2022,10,2,12,4.0
9895,1125,2023,11,2,86,3.0
9896,785,2024,11,5,62,4.0
9897,1570,2020,11,2,39,1.0
9898,857,2023,2,2,11,1.0
9899,1568,2019,2,5,32,3.0
9900,852,2023,11,4,138,3.0
9901,451,2019,1,2,137,3.0
9902,1982,2020,10,4,112,4.0
9903,1053,2020,2,3,16,5.0
9904,1414,2023,1,4,103,5.0
9905,1183,2021,10,1,20,4.0
9906,719,2021,9,3,103,4.0
9907,1945,2021,2,4,6,3.0
9908,744,2022,1,5,43,3.0
9909,1987,2024,11,3,19,3.0
9910,862,2023,4,1,141,4.0
9911,46,2019,12,5,86,4.0
9912,74,2022,7,3,139,4.0
9913,1948,2019,12,3,4,4.0
9914,1056,2019,11,2,111,5.0
9915,776,2020,8,4,72,5.0
9916,1623,2023,2,3,71,3.0
9917,1235,2024,11,5,131,3.0
9918,1322,2020,5,3,8,2.0
9919,1371,2024,4,2,142,3.0
9920,397,2020,7,4,5,3.0
9921,177,2020,5,1,55,3.0
9922,1457,2019,9,2,21,4.0
9923,44,2019,4,5,79,4.0
9924,1439,2022,11,5,90,4.0
9925,260,2021,2,4,97,
9926,526,2019,6,2,120,4.0
9927,1416,2022,12,4,113,3.0
9928,1246,2021,11,3,143,4.0
9929,1564,2021,10,3,68,3.0
9930,1222,2024,8,3,27,5.0
9931,96,2021,7,3,24,3.0
9932,1680,2021,3,2,42,2.0
9933,432,2023,4,3,91,4.0
9934,273,2024,7,1,9,3.0
9935,1758,2023,4,4,144,5.0
9936,390,2021,4,4,149,4.0
9937,1073,2020,9,2,25,3.0
9938,972,2020,9,5,118,5.0
9939,1540,2019,6,4,90,2.0
9940,89,2023,4,4,73,4.0
9941,214,2023,3,4,111,5.0
9942,832,2021,4,2,87,3.0
9943,947,2024,4,4,49,5.0
9944,1577,2024,12,1,85,4.0
9945,1212,2022,4,5,21,4.0
9946,298,2020,11,3,39,4.0
9947,1958,2022,7,3,146,4.0
9948,920,2023,6,2,28,2.0
9949,1930,2022,4,1,90,1.0
9950,1980,2021,10,2,45,2.0
9951,104,2022,11,1,70,2.0
9952,1012,2024,12,3,38,3.0
9953,845,2021,10,2,86,3.0
9954,997,2020,2,5,84,1.0
9955,620,2022,11,4,93,3.0
9956,1118,2022,8,3,47,4.0
9957,985,2024,7,4,87,5.0
9958,373,2019,4,3,110,3.0
9959,578,2024,7,5,108,5.0
9960,295,2023,10,4,86,1.0
9961,1688,2023,8,4,45,3.0
9962,1355,2020,2,2,80,4.0
9963,776,2020,10,4,81,4.0
9964,792,2021,10,4,143,3.0
9965,159,2020,9,1,57,1.0
9966,580,2022,3,1,49,5.0
9967,1849,2023,4,4,113,
9968,63,2021,6,5,96,5.0
9969,293,2023,11,3,65,5.0
9970,1693,2023,10,2,1,4.0
9971,1041,2024,2,3,106,4.0
9972,65,2023,1,1,111,4.0
9973,980,2020,1,4,140,4.0
9974,1500,2019,12,1,76,3.0
9975,691,2024,11,2,78,4.0
9976,764,2023,3,3,32,5.0
9977,1263,2024,11,3,69,5.0
9978,1198,2021,7,5,1,4.0
9979,1806,2019,4,3,76,4.0
9980,496,2022,9,2,107,4.0
9981,553,2022,1,1,118,1.0
9982,311,2020,2,3,100,4.0
9983,1330,2021,4,1,121,3.0
9984,1067,2021,8,3,100,3.0
9985,694,2020,11,3,117,5.0
9986,1392,2023,7,3,66,4.0
9987,754,2021,6,2,91,1.0
9988,391,2024,8,5,96,4.0
9989,1080,2019,1,4,86,5.0
9990,873,2024,8,3,86,3.0
9991,811,2022,10,3,118,3.0
9992,890,2023,6,2,36,2.0
9993,1829,2020,8,2,48,4.0
9994,432,2019,4,4,78,3.0
9995,552,2020,12,3,97,2.0
9996,1131,2021,3,1,78,5.0
9997,94,2021,2,5,30,3.0
9998,292,2020,12,3,124,3.0
9999,1133,2019,7,2,82,5.0
10000,1020,2023,5,1,66,4.0
10001,1306,2023,10,2,132,3.0
10002,227,2019,4,3,66,4.0
10003,1708,2023,4,5,25,3.0
10004,972,2024,1,1,148,3.0
10005,311,2024,7,2,58,4.0
10006,624,2020,10,2,135,5.0
10007,455,2021,12,3,78,3.0
10008,905,2019,7,4,37,4.0
10009,939,2019,1,2,57,2.0
10010,868,2024,3,5,137,4.0
10011,923,2024,4,2,142,5.0
10012,1816,2020,11,4,21,4.0
10013,1919,2021,7,3,149,3.0
10014,980,2019,12,3,129,3.0
10015,1927,2023,11,4,98,4.0
10016,1637,2022,11,3,28,3.0
10017,1640,2020,4,4,88,3.0
10018,452,2024,7,3,64,4.0
10019,877,2019,1,4,19,3.0
10020,705,2020,5,1,148,4.0
10021,193,2023,4,3,91,3.0
10022,151,2021,0,4,15,4.0
10023,1245,2023,1,3,52,4.0
10024,842,2020,5,4,126,2.0
10025,1652,2022,1,5,67,4.0
10026,1338,2022,8,2,75,2.0
10027,171,2019,4,3,22,2.0
10028,1677,2020,3,4,17,3.0
10029,993,2020,2,1,147,4.0
10030,1132,2022,6,2,143,2.0
10031,1932,2021,3,2,15,4.0
10032,1281,2021,7,4,83,3.0
10033,45,2020,12,5,103,3.0
10034,355,2024,9,5,133,5.0
10035,853,2023,2,3,84,3.0
10036,75,2023,2,3,131,2.0
10037,335,2020,11,1,19,3.0
10038,1584,2023,11,5,3,3.0
10039,286,2020,5,5,70,3.0
10040,335,2021,6,3,40,4.0
10041,1010,2020,5,1,114,3.0
10042,183,2020,7,5,51,2.0
10043,512,2022,3,4,62,5.0
10044,1876,2020,12,5,81,5.0
10045,1263,2023,5,3,145,3.0
10046,1928,2022,3,2,11,3.0
10047,709,2024,4,2,83,2.0
10048,1233,2020,11,3,59,3.0
10049,478,2024,4,5,6,5.0
10050,758,2019,10,1,123,4.0
10051,350,2022,10,3,138,3.0
10052,1667,2021,12,5,26,4.0
10053,369,2023,2,2,114,3.0
10054,410,2019,5,3,106,4.0
10055,928,2020,11,4,106,4.0
10056,859,2020,2,3,70,3.0
10057,628,2024,1,3,49,4.0
10058,715,2022,1,4,11,2.0
10059,591,2019,1,2,6,3.0
10060,1826,2023,10,4,27,3.0
10061,1161,2020,5,5,80,4.0
10062,1840,2020,2,1,22,4.0
10063,1974,2021,9,1,103,4.0
10064,1302,2023,4,1,93,4.0
10065,1652,2024,2,4,52,4.0
10066,222,2019,12,2,14,5.0
10067,1899,2024,8,3,78,4.0
10068,965,2024,6,4,124,1.0
10069,1427,2020,12,3,60,3.0
10070,491,2022,3,3,121,3.0
10071,192,2021,8,4,43,2.0
10072,1770,2021,10,3,13,4.0
10073,899,2022,1,4,98,5.0
10074,277,2022,4,3,134,3.0
10075,1317,2021,2,3,133,5.0
10076,109,2021,7,2,144,4.0
10077,901,2021,9,4,17,4.0
10078,1409,2021,2,3,7,4.0
10079,1441,2019,2,4,86,3.0
10080,907,2021,6,3,143,4.0
10081,740,2023,5,4,150,5.0
10082,1677,2024,2,2,42,4.0
10083,370,2023,9,4,57,4.0
10084,150,2024,10,2,100,3.0
10085,314,2023,6,1,138,4.0
10086,1603,2022,5,3,27,4.0
10087,940,2023,2,2,147,4.0
10088,75,2024,4,1,123,4.0
10089,338,2020,7,2,11,3.0
10090,57,2019,12,5,127,3.0
10091,1629,2020,3,4,97,5.0
10092,923,2022,10,5,147,2.0
10093,137,2023,7,1,32,4.0
10094,443,2021,7,2,149,2.0
10095,1233,2024,4,2,8,2.0
10096,1188,2020,12,4,12,4.0
10097,1639,2021,1,5,68,4.0
10098,52,2024,3,3,99,3.0
10099,139,2020,4,3,26,3.0
10100,71,2023,7,1,41,4.0
10101,789,2019,6,3,59,3.0
10102,1455,2024,12,5,19,4.0
10103,1327,2020,3,3,27,3.0
10104,421,2022,7,3,23,3.0
10105,1315,2023,6,3,144,4.0
10106,1313,2021,4,3,141,3.0
10107,383,2022,1,2,95,2.0
10108,1500,2023,10,4,103,3.0
10109,845,2024,3,3,21,4.0
10110,119,2019,2,2,8,5.0
10111,782,2021,7,3,57,4.0
10112,1540,2024,2,1,148,3.0
10113,1393,2022,8,1,72,3.0
10114,537,2019,9,1,122,4.0
10115,1514,2019,3,4,56,2.0
10116,780,2023,1,2,47,2.0
10117,921,2021,2,5,122,4.0
10118,174,2023,1,2,71,4.0
10119,1995,2024,6,3,110,4.0
10120,1678,2019,5,4,109,4.0
10121,390,2021,10,2,110,4.0
10122,1122,2019,5,5,102,3.0
10123,1561,2024,8,3,122,4.0
10124,1010,2021,6,1,70,3.0
10125,422,2024,6,5,46,4.0
10126,1938,2020,9,2,77,5.0
10127,538,2019,7,2,49,3.0
10128,670,2024,7,4,7,4.0
10129,744,2022,6,2,55,5.0
10130,1782,2020,9,4,76,4.0
10131,1001,2023,4,1,79,2.0
10132,1440,2021,1,5,52,5.0
10133,1803,2019,6,3,109,4.0
10134,1858,2020,4,2,43,1.0
10135,1713,2023,11,5,98,3.0
10136,1816,2019,12,4,41,3.0
10137,1897,2021,3,4,148,3.0
10138,1983,2020,6,3,98,4.0
10139,1287,2023,6,3,84,4.0
10140,264,2024,3,2,65,5.0
10141,227,2023,1,3,114,4.0
10142,1593,2023,12,2,64,5.0
10143,633,2019,8,3,121,3.0
10144,1609,2024,5,1,24,2.0
10145,1870,2019,3,4,124,1.0
10146,1289,2021,6,2,145,4.0
10147,1529,2023,4,3,37,3.0
10148,558,2020,3,3,34,5.0
10149,870,2020,12,1,144,4.0
10150,1931,2019,8,2,61,2.0
10151,1634,2021,4,2,105,3.0
10152,409,2021,3,1,29,3.0
10153,1873,2021,10,4,65,3.0
10154,1000,2019,8,3,106,5.0
10155,1688,2020,11,3,135,3.0
10156,1043,2019,10,1,66,3.0
10157,1208,2020,5,3,12,2.0
10158,324,2022,8,2,63,5.0
10159,678,2019,5,1,97,4.0
10160,1446,2019,2,3,132,4.0
10161,1685,2022,1,3,126,3.0
10162,178,2022,1,1,114,3.0
10163,154,2024,12,1,25,4.0
10164,1387,2022,11,4,78,4.0
10165,895,2024,5,2,87,4.0
10166,1698,2023,11,2,71,4.0
10167,137,2022,9,5,139,4.0
10168,699,2021,2,2,144,4.0
10169,71,2019,3,3,32,3.0
10170,1419,2023,5,4,144,3.0
10171,1716,2024,10,2,127,2.0
10172,314,2021,8,3,106,3.0
10173,648,2021,5,3,58,3.0
10174,1692,2019,11,2,115,3.0
10175,83,2022,4,2,88,4.0
10176,1905,2020,11,5,135,5.0
10177,1774,2019,9,2,107,3.0
10178,306,2019,9,4,145,2.0
10179,278,2021,2,3,63,3.0
10180,1384,2021,2,3,13,5.0
10181,21,2021,12,3,74,5.0
10182,1012,2023,10,3,150,4.0
10183,132,2022,4,3,99,3.0
10184,1063,2023,11,3,106,4.0
10185,701,2020,4,4,94,5.0
10186,1413,2020,5,4,89,3.0
10187,1762,2022,4,2,10,3.0
10188,978,2019,6,1,62,4.0
10189,1284,2023,10,4,13,5.0
10190,1201,2020,2,2,51,4.0
10191,1970,2024,12,4,108,2.0
10192,462,2024,4,1,121,4.0
10193,478,2022,12,1,34,4.0
10194,758,2020,11,2,99,4.0
10195,1474,2021,7,1,34,4.0
10196,1731,2021,2,4,31,4.0
10197,557,2021,7,2,144,4.0
10198,220,2019,10,5,92,3.0
10199,1218,2020,12,2,30,3.0
10200,1196,2023,2,4,22,4.0
10201,750,2019,9,3,8,2.0
10202,369,2021,4,2,75,3.0
10203,1700,2024,9,4,16,3.0
10204,1694,2019,7,2,88,5.0
10205,1496,2024,11,3,66,4.0
10206,1159,2021,1,2,96,5.0
10207,523,2021,7,3,32,2.0
10208,807,2023,9,1,22,4.0
10209,137,2023,5,2,16,5.0
10210,500,2021,4,5,15,4.0
10211,901,2019,4,4,11,3.0
10212,874,2024,9,4,39,3.0
10213,161,2019,3,4,121,4.0
10214,1916,2024,12,3,92,3.0
10215,537,2021,3,4,38,3.0
10216,1019,2022,5,3,140,5.0
10217,931,2023,12,5,115,5.0
10218,939,2024,1,3,117,3.0
10219,1691,2019,5,3,135,4.0
10220,1493,2023,11,3,112,4.0
10221,1736,2022,4,1,144,4.0
10222,759,2021,4,2,50,4.0
10223,531,2021,1,5,129,5.0
10224,855,2023,2,3,17,3.0
10225,1123,2019,3,1,46,2.0
10226,674,2022,11,5,134,4.0
10227,921,2023,7,5,21,4.0
10228,302,2022,3,4,76,1.0
10229,1168,2021,10,2,52,4.0
10230,1428,2022,8,2,16,3.0
10231,1055,2022,4,4,36,4.0
10232,1747,2023,4,1,81,3.0
10233,1992,2023,3,2,95,4.0
10234,1812,2024,9,2,102,5.0
10235,186,2019,9,4,20,4.0
10236,1762,2020,8,2,48,5.0
10237,668,2024,6,5,16,4.0
10238,904,2022,7,4,2,4.0
10239,824,2021,11,5,59,3.0
10240,569,2022,7,2,94,4.0
10241,1755,2021,8,3,56,4.0
10242,1276,2024,3,3,7,4.0
10243,1934,2022,6,5,33,4.0
10244,1910,2021,1,2,65,4.0
10245,840,2022,6,2,54,4.0
10246,1455,2020,10,3,124,3.0
10247,1005,2023,9,3,90,4.0
10248,990,2020,11,2,150,4.0
10249,1480,2019,5,3,27,5.0
10250,1378,2019,10,2,56,3.0
10251,1824,2019,9,3,14,3.0
10252,1546,2019,9,1,4,3.0
10253,1245,2019,10,3,139,3.0
10254,1839,2020,6,2,74,4.0
10255,205,2024,5,1,99,3.0
10256,1527,2019,8,3,42,5.0
10257,785,2023,5,1,8,3.0
10258,867,2024,9,3,134,5.0
10259,1564,2023,11,3,99,4.0
10260,548,2021,1,3,107,4.0
10261,1768,2019,8,1,81,4.0
10262,1000,2021,6,1,61,5.0
10263,699,2022,2,3,64,4.0
10264,657,2023,3,1,115,5.0
10265,842,2019,10,1,35,4.0
10266,1886,2020,5,4,52,2.0
10267,206,2022,2,2,47,3.0
10268,1016,2023,9,3,79,4.0
10269,1671,2020,3,1,146,4.0
10270,945,2023,5,2,139,2.0
10271,1133,2023,3,4,82,3.0
10272,697,2021,9,4,31,2.0
10273,273,2022,12,2,142,3.0
10274,1279,2021,12,2,47,3.0
10275,1840,2023,1,3,54,4.0
10276,1041,2020,12,3,133,3.0
10277,865,2020,8,3,40,3.0
10278,259,2021,10,2,70,4.0
10279,1890,2020,1,5,138,3.0
10280,1739,2022,11,4,48,3.0
10281,1804,2024,4,3,94,5.0
10282,719,2021,5,5,6,3.0
10283,1251,2024,11,2,150,2.0
10284,866,2021,9,2,63,3.0
10285,470,2019,7,2,101,2.0
10286,412,2021,9,2,76,5.0
10287,768,2021,5,1,66,3.0
10288,1107,2019,12,5,61,3.0
10289,245,2021,1,4,3,4.0
10290,1405,2019,7,3,42,5.0
10291,916,2023,1,3,58,3.0
10292,1763,2022,6,2,56,5.0
10293,558,2020,7,1,42,3.0
10294,104,2019,11,3,97,3.0
10295,625,2022,12,3,125,5.0
10296,1947,2023,9,3,134,3.0
10297,644,2021,12,3,146,3.0
10298,1408,2024,2,5,98,5.0
10299,1687,2020,7,2,62,4.0
10300,569,2023,8,2,97,
10301,1286,2021,1,1,20,4.0
10302,409,2020,8,5,123,
10303,725,2020,1,3,81,4.0
10304,593,2021,8,3,25,4.0
10305,1345,2019,3,5,64,3.0
10306,1752,2022,12,3,46,4.0
10307,505,2021,4,2,53,4.0
10308,583,2023,8,2,8,4.0
10309,1642,2022,8,3,3,3.0
10310,926,2024,11,3,53,3.0
10311,1027,2019,5,5,46,4.0
10312,1412,2021,5,2,150,3.0
10313,276,2022,9,3,40,5.0
10314,1744,2020,1,1,50,1.0
10315,731,2023,7,4,138,3.0
10316,1318,2021,5,2,129,4.0
10317,865,2023,12,1,9,4.0
10318,1507,2024,7,2,13,3.0
10319,1224,2024,10,4,15,3.0
10320,347,2022,10,2,69,4.0
10321,376,2023,2,2,86,3.0
10322,1755,2024,8,2,53,3.0
10323,1040,2024,9,5,2,4.0
10324,552,2023,6,3,31,4.0
10325,287,2024,3,5,93,4.0
10326,257,2024,6,1,56,4.0
10327,1840,2020,1,3,19,4.0
10328,1953,2022,12,3,98,3.0
10329,787,2021,2,2,93,3.0
10330,404,2024,2,3,74,4.0
10331,838,2023,2,2,142,3.0
10332,274,2024,3,2,127,4.0
10333,1100,2021,3,2,6,4.0
10334,1253,2024,8,3,136,4.0
10335,1971,2019,2,3,8,2.0
10336,638,2024,9,3,73,3.0
10337,396,2020,5,4,136,3.0
10338,267,2022,5,3,148,3.0
10339,755,2023,7,3,4,4.0
10340,1203,2023,1,2,11,3.0
10341,134,2020,7,4,37,3.0
10342,1518,2022,7,1,42,4.0
10343,921,2022,9,2,42,2.0
10344,1587,2023,2,3,63,5.0
10345,928,2020,1,4,48,3.0
10346,312,2023,1,1,88,4.0
10347,43,2022,12,3,129,2.0
10348,1114,2023,5,1,82,3.0
10349,1079,2024,3,2,50,3.0
10350,1628,2021,2,3,86,5.0
10351,1755,2021,4,1,94,4.0
10352,323,2023,6,4,135,4.0
10353,630,2023,12,1,143,3.0
10354,416,2024,10,3,42,4.0
10355,214,2022,11,2,138,3.0
10356,5,2022,1,1,123,4.0
10357,165,2019,7,3,20,5.0
10358,1050,2021,6,2,84,3.0
10359,304,2020,3,1,23,4.0
10360,390,2024,6,1,74,3.0
10361,236,2019,8,2,7,3.0
10362,1449,2023,1,4,45,4.0
10363,1272,2024,12,4,89,4.0
10364,1925,2021,9,1,46,
10365,223,2023,12,2,2,3.0
10366,418,2022,2,2,59,3.0
10367,912,2023,1,3,82,4.0
10368,1299,2023,12,2,115,4.0
10369,261,2020,12,2,21,5.0
10370,424,2023,8,3,72,4.0
10371,844,2024,3,3,30,3.0
10372,37,2020,4,3,24,4.0
10373,791,2020,10,3,19,4.0
10374,1518,2020,12,1,114,4.0
10375,1054,2024,9,2,138,3.0
10376,869,2024,5,3,100,4.0
10377,976,2021,10,3,57,2.0
10378,1894,2024,4,2,143,4.0
10379,1041,2023,2,2,75,4.0
10380,1069,2021,5,2,80,4.0
10381,1862,2023,6,4,96,5.0
10382,315,2024,8,2,99,3.0
10383,192,2024,9,4,74,4.0
10384,900,2021,9,4,72,3.0
10385,638,2020,3,3,48,3.0
10386,406,2020,8,4,103,4.0
10387,240,2023,1,1,101,4.0
10388,1757,2023,12,1,66,2.0
10389,1229,2023,6,3,107,4.0
10390,1382,2019,12,3,21,4.0
10391,237,2024,11,5,63,4.0
10392,683,2019,3,3,149,4.0
10393,1242,2022,2,1,111,5.0
10394,1056,2024,11,2,109,4.0
10395,1390,2020,6,3,130,4.0
10396,1339,2022,2,3,92,4.0
10397,827,2024,8,3,100,5.0
10398,1566,2020,12,4,73,3.0
10399,520,2019,8,2,124,2.0
10400,161,2021,4,3,107,3.0
10401,1827,2023,5,1,79,4.0
10402,46,2022,4,3,20,3.0
10403,568,2021,7,4,121,2.0
10404,229,2022,6,3,49,3.0
10405,464,2019,5,3,54,3.0
10406,790,2021,3,2,19,4.0
10407,260,2024,1,5,33,5.0
10408,934,2021,10,3,19,4.0
10409,1855,2024,10,4,15,4.0
10410,273,2022,2,1,4,3.0
10411,1854,2024,3,2,45,1.0
10412,823,2022,6,3,114,3.0
10413,1185,2021,8,3,130,4.0
10414,884,2024,11,3,35,4.0
10415,634,2020,9,2,64,4.0
10416,219,2021,8,3,125,4.0
10417,1187,2023,9,2,107,4.0
10418,1834,2024,8,1,136,3.0
10419,1042,2020,12,3,64,2.0
10420,1199,2024,12,4,26,3.0
10421,1288,2021,6,2,22,3.0
10422,778,2021,1,5,107,5.0
10423,242,2019,12,5,4,5.0
10424,1014,2019,4,3,70,2.0
10425,1738,2022,4,4,53,4.0
10426,629,2022,2,3,138,2.0
10427,1743,2019,10,2,150,4.0
10428,1709,2024,3,1,73,3.0
10429,490,2022,12,2,88,3.0
10430,1151,2019,3,2,57,5.0
10431,1496,2024,1,5,117,4.0
10432,990,2020,8,5,45,4.0
10433,1399,2023,3,3,112,4.0
10434,1822,2023,4,3,136,2.0
10435,1255,2023,2,5,26,2.0
10436,1676,2023,8,4,34,4.0
10437,1602,2024,3,2,57,3.0
10438,1626,2019,9,5,125,3.0
10439,1705,2021,4,3,97,3.0
10440,452,2021,5,1,30,3.0
10441,37,2021,6,2,56,5.0
10442,307,2020,7,4,97,2.0
10443,500,2020,10,1,145,2.0
10444,1381,2024,2,4,68,4.0
10445,1020,2024,3,4,12,2.0
10446,938,2023,10,1,16,2.0
10447,19,2022,11,2,5,5.0
10448,1368,2021,6,3,19,4.0
10449,729,2023,1,1,62,5.0
10450,1522,2024,11,3,43,2.0
10451,226,2021,8,5,46,5.0
10452,591,2022,7,3,115,2.0
10453,110,2024,5,3,72,4.0
10454,570,2024,9,4,110,1.0
10455,1847,2020,4,5,82,4.0
10456,982,2020,5,5,31,3.0
10457,880,2020,10,1,143,3.0
10458,548,2019,5,1,72,2.0
10459,530,2023,12,3,126,3.0
10460,1335,2021,6,2,15,4.0
10461,1971,2019,7,3,128,3.0
10462,1494,2020,8,4,108,4.0
10463,1474,2022,9,5,38,4.0
10464,945,2024,7,2,119,4.0
10465,198,2022,5,4,112,2.0
10466,1448,2022,10,3,135,3.0
10467,1618,2020,9,3,32,4.0
10468,1021,2020,1,1,133,3.0
10469,184,2023,8,1,115,2.0
10470,1426,2023,11,4,51,4.0
10471,1843,2024,7,3,53,4.0
10472,450,2022,12,4,39,4.0
10473,319,2020,5,1,72,3.0
10474,1478,2022,3,2,135,3.0
10475,664,2024,6,1,126,5.0
10476,1431,2020,2,3,22,5.0
10477,1407,2024,1,3,20,5.0
10478,534,2024,7,3,9,3.0
10479,85,2023,1,1,93,4.0
10480,1112,2022,1,1,48,4.0
10481,816,2021,6,2,115,4.0
10482,1711,2024,3,1,115,1.0
10483,716,2019,3,5,30,3.0
10484,500,2023,7,2,105,5.0
10485,1721,2021,4,2,115,4.0
10486,1472,2022,8,4,149,3.0
10487,1237,2021,6,5,109,4.0
10488,1908,2019,3,3,54,4.0
10489,1566,2024,9,2,150,5.0
10490,1733,2023,12,3,42,4.0
10491,1599,2022,9,1,121,4.0
10492,804,2019,3,1,57,3.0
10493,125,2023,7,4,141,5.0
10494,1215,2024,2,4,118,5.0
10495,1530,2023,1,2,90,5.0
10496,1984,2020,2,4,33,4.0
10497,1364,2020,10,3,29,3.0
10498,1137,2021,12,3,143,3.0
10499,1152,2019,8,2,121,3.0
10500,231,2022,11,5,77,5.0
10501,15,2021,5,2,132,5.0
10502,91,2022,1,2,118,4.0
10503,1810,2024,11,1,59,4.0
10504,1581,2022,9,3,125,4.0
10505,521,2021,8,5,120,4.0
10506,848,2023,1,1,72,4.0
10507,968,2021,12,1,3,3.0
10508,494,2023,1,5,112,4.0
10509,846,2024,1,3,51,2.0
10510,696,2024,1,5,55,3.0
10511,1390,2022,12,4,108,2.0
10512,1515,2021,10,4,122,3.0
10513,197,2021,2,3,14,3.0
10514,931,2022,6,2,124,1.0
10515,1983,2024,7,3,44,5.0
10516,1737,2024,7,2,85,3.0
10517,1588,2022,3,3,131,3.0
10518,1470,2020,1,3,33,3.0
10519,9,2021,1,1,34,4.0
10520,1949,2020,11,3,146,5.0
10521,1471,2020,8,2,56,4.0
10522,1778,2019,12,4,143,3.0
10523,1818,2023,11,1,54,2.0
10524,510,2023,3,3,93,4.0
10525,28,2020,2,2,77,4.0
10526,1319,2023,8,1,148,5.0
10527,918,2019,3,3,83,4.0
10528,42,2020,9,3,76,5.0
10529,542,2020,12,4,70,2.0
10530,1983,2019,12,2,57,3.0
10531,727,2023,4,4,67,4.0
10532,523,2019,6,1,70,4.0
10533,1310,2021,9,3,115,4.0
10534,1330,2021,3,3,7,2.0
10535,665,2022,7,1,76,4.0
10536,1699,2020,5,1,83,5.0
10537,1161,2021,7,2,113,4.0
10538,321,2023,8,2,100,4.0
10539,650,2021,11,2,65,4.0
10540,1696,2024,6,5,17,1.0
10541,179,2021,4,2,56,5.0
10542,25,2023,1,4,39,4.0
10543,1314,2019,9,5,31,2.0
10544,884,2024,10,2,109,3.0
10545,506,2021,5,4,72,4.0
10546,945,2024,11,5,120,4.0
10547,368,2023,6,2,21,3.0
10548,749,2023,6,3,148,3.0
10549,468,2019,1,4,72,4.0
10550,1173,2022,7,4,38,
10551,1348,2023,8,4,55,2.0
10552,1830,2023,6,2,127,3.0
10553,136,2021,7,1,107,4.0
10554,654,2022,7,3,26,2.0
10555,529,2020,9,2,149,5.0
10556,1159,2021,2,3,20,5.0
10557,1067,2021,7,3,42,5.0
10558,1755,2019,6,3,110,3.0
10559,1839,2024,5,4,80,2.0
10560,1546,2022,6,3,67,3.0
10561,398,2020,9,3,139,4.0
10562,82,2024,12,5,120,3.0
10563,1799,2023,3,2,145,3.0
10564,1886,2023,1,3,43,3.0
10565,501,2024,5,2,128,4.0
10566,94,2021,4,3,32,3.0
10567,1362,2021,1,4,121,3.0
10568,1178,2022,6,5,83,3.0
10569,1778,2024,7,3,90,4.0
10570,1151,2023,11,4,18,
10571,1521,2023,9,2,132,3.0
10572,1573,2023,6,3,42,3.0
10573,20,2019,8,4,90,3.0
10574,297,2021,4,3,25,3.0
10575,1561,2021,2,4,139,3.0
10576,359,2021,7,4,49,3.0
10577,413,2024,6,2,115,1.0
10578,1505,2021,4,4,115,4.0
10579,410,2024,11,3,83,3.0
10580,300,2024,7,3,19,1.0
10581,27,2021,7,5,42,4.0
10582,939,2020,9,3,92,3.0
10583,1274,2023,4,2,81,4.0
10584,1464,2024,7,4,88,4.0
10585,1812,2021,11,2,38,4.0
10586,1303,2020,8,4,81,4.0
10587,1513,2022,11,5,13,2.0
10588,422,2024,1,4,73,3.0
10589,681,2022,9,3,14,2.0
10590,608,2021,8,5,100,3.0
10591,131,2021,11,3,86,4.0
10592,1938,2023,12,1,128,3.0
10593,483,2021,2,4,70,2.0
10594,898,2023,6,4,25,3.0
10595,714,2024,12,4,36,3.0
10596,89,2023,10,3,123,4.0
10597,1807,2024,2,1,144,3.0
10598,440,2023,7,1,10,5.0
10599,201,2024,5,2,102,3.0
10600,685,2019,9,4,73,4.0
10601,288,2021,7,3,39,3.0
10602,1999,2020,4,2,77,4.0
10603,378,2024,6,2,141,4.0
10604,606,2020,12,2,30,
10605,543,2024,5,3,126,5.0
10606,53,2023,3,4,14,5.0
10607,26,2019,2,5,109,3.0
10608,1026,2023,2,3,12,5.0
10609,466,2021,1,2,10,5.0
10610,168,2020,1,2,6,3.0
10611,583,2024,7,3,121,2.0
10612,549,2023,7,3,87,4.0
10613,849,2023,10,2,104,3.0
10614,1985,2020,8,2,24,2.0
10615,614,2022,3,4,139,3.0
10616,1410,2021,8,3,122,4.0
10617,1537,2022,6,3,74,3.0
10618,102,2021,3,3,135,5.0
10619,1003,2022,8,3,22,4.0
10620,898,2023,8,2,44,3.0
10621,1016,2020,6,4,8,3.0
10622,344,2019,2,1,25,3.0
10623,931,2019,1,2,127,3.0
10624,246,2024,10,3,62,1.0
10625,1892,2024,2,3,97,4.0
10626,1175,2023,4,3,133,5.0
10627,70,2019,9,5,115,3.0
10628,1012,2022,6,2,60,4.0
10629,1853,2021,10,2,53,3.0
10630,1486,2020,5,1,17,5.0
10631,546,2021,11,1,125,3.0
10632,1785,2023,5,4,148,4.0
10633,372,2024,1,3,76,4.0
10634,494,2024,9,2,75,3.0
10635,310,2020,8,3,128,4.0
10636,1846,2022,12,4,52,2.0
10637,1434,2022,2,5,61,3.0
10638,1036,2020,7,2,135,3.0
10639,1336,2021,9,3,57,5.0
10640,518,2021,5,2,140,3.0
10641,142,2019,4,4,25,4.0
10642,1692,2021,4,5,75,2.0
10643,1929,2021,1,3,74,3.0
10644,72,2020,8,3,47,3.0
10645,104,2022,10,3,145,4.0
10646,1120,2023,6,3,73,3.0
10647,87,2019,1,3,132,2.0
10648,1444,2021,10,4,33,3.0
10649,1891,2019,11,5,53,3.0
10650,560,2023,8,4,72,4.0
10651,589,2024,2,2,85,5.0
10652,1727,2021,5,3,35,3.0
10653,713,2024,7,3,47,4.0
10654,481,2022,12,1,94,4.0
10655,169,2024,6,3,42,4.0
10656,1680,2024,1,1,114,2.0
10657,1852,2022,9,3,72,4.0
10658,158,2021,9,1,146,4.0
10659,1606,2023,3,2,36,3.0
10660,320,2020,5,5,127,3.0
10661,278,2020,1,1,74,3.0
10662,762,2022,2,2,13,2.0
10663,874,2020,4,2,106,4.0
10664,1709,2021,2,3,32,3.0
10665,1400,2024,4,5,21,4.0
10666,290,2023,8,3,80,4.0
10667,1169,2024,5,4,118,4.0
10668,1751,2024,2,2,39,2.0
10669,1325,2020,8,2,94,4.0
10670,460,2023,11,4,3,4.0
10671,258,2021,8,1,28,3.0
10672,906,2024,4,3,114,4.0
10673,945,2020,10,3,2,4.0
10674,706,2020,5,5,54,4.0
10675,219,2024,1,3,77,4.0
10676,237,2020,8,5,10,3.0
10677,1058,2022,9,3,147,3.0
10678,1889,2020,3,2,77,5.0
10679,1196,2020,5,1,51,3.0
10680,877,2023,1,3,147,2.0
10681,1863,2023,6,1,84,4.0
10682,1381,2020,6,2,102,3.0
10683,1436,2024,4,3,14,4.0
10684,1151,2019,7,3,24,3.0
10685,1526,2019,9,3,7,5.0
10686,1004,2024,6,5,78,2.0
10687,1245,2019,10,1,126,2.0
10688,1234,2020,6,5,136,2.0
10689,1506,2019,5,3,87,3.0
10690,1797,2020,8,4,9,4.0
10691,589,2019,3,3,94,4.0
10692,1399,2021,11,2,96,4.0
10693,64,2020,8,4,90,3.0
10694,1065,2019,5,4,109,4.0
10695,1798,2023,3,4,84,2.0
10696,1291,2019,10,4,106,4.0
10697,536,2021,1,1,73,4.0
10698,1213,2020,1,5,23,3.0
10699,716,2022,8,5,12,5.0
10700,867,2021,6,4,137,2.0
10701,457,2021,3,3,67,5.0
10702,1250,2023,5,4,49,4.0
10703,397,2019,10,3,44,3.0
10704,888,2021,6,3,8,4.0
10705,1879,2022,7,5,142,3.0
10706,1516,2023,2,2,13,4.0
10707,829,2022,9,4,33,3.0
10708,1938,2023,2,3,69,4.0
10709,28,2023,3,2,54,3.0
10710,1920,2023,4,3,6,3.0
10711,705,2022,6,3,50,2.0
10712,1642,2024,4,2,117,4.0
10713,1896,2019,10,4,38,5.0
10714,1204,2021,5,2,130,5.0
10715,1221,2023,1,4,55,4.0
10716,1499,2019,6,2,3,3.0
10717,480,2023,2,1,17,4.0
10718,357,2019,3,2,122,4.0
10719,688,2023,8,2,61,3.0
10720,959,2020,8,4,148,5.0
10721,1486,2023,8,3,119,4.0
10722,515,2023,5,4,5,3.0
10723,1130,2023,11,4,47,4.0
10724,7,2022,1,2,109,4.0
10725,62,2024,5,5,10,3.0
10726,1934,2019,3,4,150,4.0
10727,1701,2020,1,1,25,4.0
10728,1728,2019,7,3,120,1.0
10729,658,2023,1,3,127,2.0
10730,1028,2024,8,3,76,4.0
10731,1350,2024,11,2,121,3.0
10732,509,2022,10,3,133,4.0
10733,1489,2019,9,2,111,5.0
10734,1386,2020,3,3,107,2.0
10735,815,2022,8,3,59,5.0
10736,870,2024,7,4,44,3.0
10737,615,2024,6,2,131,4.0
10738,1607,2023,6,1,34,5.0
10739,1974,2024,2,3,63,5.0
10740,2000,2021,11,3,77,4.0
10741,1543,2020,11,3,59,3.0
10742,699,2021,9,3,56,3.0
10743,1563,2019,7,2,90,3.0
10744,489,2023,2,3,50,
10745,1794,2020,8,3,149,4.0
10746,535,2021,12,3,27,4.0
10747,806,2019,2,3,59,3.0
10748,187,2024,5,3,127,4.0
10749,163,2021,11,3,72,2.0
10750,789,2023,12,4,106,5.0
10751,1101,2022,6,3,98,3.0
10752,35,2022,4,5,50,2.0
10753,1693,2021,4,5,112,4.0
10754,229,2023,6,2,36,5.0
10755,1997,2020,4,4,113,3.0
10756,544,2024,7,3,20,5.0
10757,758,2021,1,5,105,5.0
10758,320,2019,0,5,17,4.0
10759,1649,2024,1,3,131,2.0
10760,1465,2019,9,2,94,4.0
10761,158,2021,12,3,7,3.0
10762,212,2023,2,2,17,3.0
10763,1219,2021,11,3,29,3.0
10764,1732,2020,2,3,145,4.0
10765,220,2020,1,3,89,2.0
10766,443,2023,4,2,42,5.0
10767,1091,2022,4,4,42,4.0
10768,218,2022,12,3,4,3.0
10769,610,2022,2,3,31,3.0
10770,21,2020,12,4,129,4.0
10771,999,2024,11,4,90,5.0
10772,1431,2020,6,3,56,4.0
10773,824,2024,9,2,4,5.0
10774,514,2023,7,2,52,3.0
10775,849,2019,11,3,58,3.0
10776,1019,2020,3,2,18,5.0
10777,332,2022,12,4,92,3.0
10778,224,2019,6,2,100,3.0
10779,364,2024,12,2,150,3.0
10780,1971,2021,12,3,54,4.0
10781,1446,2024,11,3,42,3.0
10782,251,2019,10,2,124,3.0
10783,603,2019,6,4,53,4.0
10784,824,2022,9,5,95,4.0
10785,363,2023,3,2,111,2.0
10786,1704,2024,4,5,132,2.0
10787,1882,2023,9,3,48,4.0
10788,490,2023,10,3,94,4.0
10789,34,2019,4,4,20,3.0
10790,534,2022,12,4,117,2.0
10791,1166,2023,9,3,7,4.0
10792,1617,2021,12,3,105,4.0
10793,680,2024,6,2,32,4.0
10794,547,2024,8,2,70,2.0
10795,498,2024,8,3,12,4.0
10796,6,2024,2,3,104,5.0
10797,29,2022,4,5,73,4.0
10798,856,2023,12,3,100,3.0
10799,1236,2019,9,3,53,4.0
10800,26,2020,7,3,2,5.0
10801,401,2022,1,4,88,3.0
10802,1820,2019,1,5,105,3.0
10803,1981,2023,7,4,100,5.0
10804,1284,2020,1,1,40,4.0
10805,1044,2021,2,4,108,4.0
10806,1167,2020,7,5,82,4.0
10807,741,2022,12,1,32,3.0
10808,404,2019,11,3,17,4.0
10809,752,2023,6,3,49,5.0
10810,1400,2024,12,3,4,3.0
10811,1326,2023,8,4,108,5.0
10812,1355,2020,0,4,3,3.0
10813,1218,2020,3,2,8,2.0
10814,121,2020,7,1,24,3.0
10815,1253,2022,12,2,49,3.0
10816,1762,2024,12,4,3,4.0
10817,1298,2024,11,1,95,3.0
10818,1159,2024,2,3,20,2.0
10819,448,2023,8,3,121,3.0
10820,1585,2020,2,2,84,3.0
10821,904,2021,5,2,13,5.0
10822,526,2020,1,4,61,4.0
10823,980,2019,10,3,22,5.0
10824,245,2023,10,3,148,3.0
10825,1853,2022,2,2,89,2.0
10826,1405,2024,11,2,122,5.0
10827,654,2024,11,3,57,3.0
10828,1588,2022,11,2,23,4.0
10829,109,2019,6,2,36,3.0
10830,773,2021,12,2,63,4.0
10831,1303,2021,12,3,116,4.0
10832,48,2023,7,2,65,4.0
10833,1418,2022,5,2,140,4.0
10834,1637,2023,10,4,55,3.0
10835,1189,2019,1,3,35,2.0
10836,413,2019,5,4,75,4.0
10837,1499,2024,1,4,17,5.0
10838,679,2021,10,2,101,3.0
10839,1472,2023,1,3,16,3.0
10840,1257,2024,10,5,97,4.0
10841,187,2019,7,2,58,4.0
10842,200,2023,6,2,54,4.0
10843,31,2020,8,2,92,2.0
10844,144,2019,1,5,106,4.0
10845,600,2020,10,2,140,4.0
10846,52,2023,4,5,44,4.0
10847,1877,2019,11,3,122,3.0
10848,1834,2023,11,3,126,4.0
10849,346,2021,7,3,150,4.0
10850,623,2020,8,2,145,3.0
10851,1485,2020,12,2,119,3.0
10852,1322,2021,5,4,45,3.0
10853,1164,2021,5,4,105,4.0
10854,1979,2020,12,3,118,3.0
10855,1260,2022,5,3,44,4.0
10856,1339,2024,5,3,123,4.0
10857,1005,2021,1,3,106,4.0
10858,1051,2020,4,4,74,4.0
10859,583,2022,3,1,130,5.0
10860,1042,2023,10,5,14,4.0
10861,1837,2022,7,3,103,5.0
10862,754,2022,5,3,118,4.0
10863,267,2023,12,2,7,4.0
10864,1200,2024,6,3,62,3.0
10865,1571,2019,5,2,78,4.0
10866,1918,2024,0,3,32,4.0
10867,1085,2024,4,2,132,4.0
10868,1577,2024,6,2,94,2.0
10869,501,2021,9,2,42,2.0
10870,849,2024,4,4,66,3.0
10871,839,2019,6,4,17,3.0
10872,665,2021,1,3,14,2.0
10873,1433,2024,10,2,112,4.0
10874,1768,2020,11,3,148,3.0
10875,654,2023,9,5,42,2.0
10876,272,2020,7,4,37,5.0
10877,1651,2022,11,4,103,4.0
10878,1700,2022,11,4,77,3.0
10879,1870,2024,6,4,21,3.0
10880,511,2021,8,1,101,3.0
10881,1439,2023,12,2,32,3.0
10882,1432,2021,3,4,18,3.0
10883,1581,2021,10,2,70,3.0
10884,1613,2019,5,1,111,3.0
10885,1906,2019,2,4,79,3.0
10886,954,2023,6,4,98,2.0
10887,152,2019,7,2,36,2.0
10888,385,2019,9,3,75,2.0
10889,1774,2020,2,1,107,3.0
10890,1690,2021,7,1,80,3.0
10891,23,2019,8,2,36,4.0
10892,736,2022,8,4,144,4.0
10893,491,2023,10,2,11,4.0
10894,642,2022,10,4,137,3.0
10895,1278,2022,6,1,109,4.0
10896,1021,2024,4,1,17,2.0
10897,962,2024,11,2,39,4.0
10898,871,2022,11,4,56,3.0
10899,1284,2019,2,5,144,4.0
10900,1367,2023,6,2,78,1.0
10901,87,2023,10,3,39,4.0
10902,275,2020,8,1,138,2.0
10903,683,2019,11,1,18,4.0
10904,872,2019,3,1,123,3.0
10905,1993,2020,12,1,125,4.0
10906,1784,2023,3,4,58,3.0
10907,1298,2024,2,3,7,4.0
10908,73,2019,9,4,133,4.0
10909,202,2021,12,4,146,5.0
10910,915,2024,5,4,57,3.0
10911,1175,2019,2,2,28,2.0
10912,1322,2024,11,1,41,3.0
10913,284,2019,2,1,21,4.0
10914,1776,2020,8,1,92,4.0
10915,987,2019,2,2,78,2.0
10916,1188,2023,8,1,54,3.0
10917,79,2021,2,3,98,4.0
10918,1649,2021,5,2,94,5.0
10919,1087,2022,6,3,2,3.0
10920,446,2020,11,3,62,3.0
10921,638,2023,9,2,130,5.0
10922,706,2021,12,1,120,2.0
10923,55,2023,7,3,129,4.0
10924,1885,2022,4,4,144,2.0
10925,1606,2023,6,4,10,4.0
10926,1772,2024,7,5,41,3.0
10927,708,2022,7,2,69,3.0
10928,1116,2020,11,4,77,5.0
10929,917,2023,11,4,118,3.0
10930,951,2023,2,5,109,3.0
10931,1178,2021,10,2,106,3.0
10932,903,2021,4,4,24,3.0
10933,1547,2024,8,3,102,5.0
10934,118,2020,12,3,120,3.0
10935,386,2019,11,3,113,5.0
10936,1785,2022,6,3,88,3.0
10937,1765,2019,1,4,14,4.0
10938,1637,2023,12,5,23,3.0
10939,738,2024,11,3,112,3.0
10940,913,2023,5,2,131,3.0
10941,51,2020,2,3,124,5.0
10942,559,2024,7,2,65,5.0
10943,1453,2019,10,3,89,4.0
10944,686,2019,6,1,27,3.0
10945,961,2020,1,3,89,4.0
10946,247,2022,6,3,30,3.0
10947,993,2023,7,2,120,2.0
10948,1444,2020,12,1,118,4.0
10949,1145,2024,10,1,8,2.0
10950,1114,2023,9,4,141,4.0
10951,1830,2020,5,3,120,4.0
10952,469,2019,12,3,57,4.0
10953,599,2023,3,1,68,3.0
10954,1247,2020,4,4,12,5.0
10955,961,2020,11,2,141,4.0
10956,1959,2023,12,2,16,4.0
10957,120,2020,10,3,139,2.0
10958,245,2021,9,1,99,3.0
10959,684,2024,12,4,138,3.0
10960,917,2023,2,4,56,3.0
10961,1781,2022,9,3,135,4.0
10962,989,2024,5,2,64,3.0
10963,875,2023,8,2,53,5.0
10964,334,2021,3,4,51,3.0
10965,869,2022,6,2,143,3.0
10966,1064,2022,3,4,70,4.0
10967,1168,2021,8,4,72,3.0
10968,1212,2024,12,2,97,2.0
10969,860,2022,1,2,84,3.0
10970,315,2023,12,2,82,4.0
10971,306,2021,8,2,57,4.0
10972,310,2020,1,5,25,4.0
10973,1238,2019,7,3,150,3.0
10974,1713,2023,2,3,74,2.0
10975,1767,2022,10,2,146,4.0
10976,623,2022,4,2,70,3.0
10977,160,2019,1,3,90,3.0
10978,1261,2023,11,5,82,3.0
10979,77,2020,7,3,145,3.0
10980,1254,2022,8,2,17,3.0
10981,767,2021,10,5,78,2.0
10982,1679,2020,7,2,24,4.0
10983,1251,2019,10,3,131,2.0
10984,1480,2023,8,4,80,3.0
10985,812,2019,1,3,139,2.0
10986,1682,2019,12,5,42,4.0
10987,1051,2020,12,4,25,3.0
10988,1251,2024,4,1,95,5.0
10989,722,2023,8,3,22,4.0
10990,899,2023,2,4,56,2.0
10991,1681,2020,4,2,48,5.0
10992,788,2024,8,5,34,4.0
10993,43,2019,5,4,20,5.0
10994,759,2019,12,2,99,3.0
10995,784,2021,1,2,114,
10996,837,2021,9,2,60,5.0
10997,142,2020,8,2,43,4.0
10998,259,2020,11,3,24,3.0
10999,649,2020,10,3,102,5.0
11000,848,2021,11,1,122,3.0
11001,59,2022,10,3,83,4.0
11002,779,2021,3,2,65,5.0
11003,641,2020,6,5,98,3.0
11004,70,2022,9,4,138,4.0
11005,501,2022,12,1,149,5.0
11006,551,2021,11,2,30,4.0
11007,288,2019,8,5,72,4.0
11008,1504,2024,2,2,132,2.0
11009,145,2022,6,4,95,3.0
11010,1156,2020,8,1,123,4.0
11011,1331,2023,10,2,150,4.0
11012,1613,2021,4,3,16,3.0
11013,1092,2019,6,2,92,4.0
11014,1086,2023,10,4,80,4.0
11015,1522,2019,11,5,43,3.0
11016,1709,2020,3,3,99,4.0
11017,422,2022,4,3,16,3.0
11018,1593,2023,5,4,75,2.0
11019,925,2024,8,4,63,4.0
11020,197,2023,9,1,59,2.0
11021,1225,2020,10,3,93,3.0
11022,1955,2023,7,3,142,3.0
11023,282,2023,12,2,143,3.0
11024,30,2023,2,4,106,4.0
11025,1834,2023,7,4,50,3.0
11026,1194,2023,3,4,145,2.0
11027,439,2022,7,3,150,3.0
11028,1586,2024,11,4,127,2.0
11029,788,2022,11,2,131,4.0
11030,664,2019,12,1,123,3.0
11031,580,2020,6,3,115,3.0
11032,1198,2021,9,3,109,2.0
11033,270,2021,6,4,96,5.0
11034,725,2023,1,4,97,4.0
11035,611,2023,4,2,59,2.0
11036,122,2019,9,1,134,3.0
11037,1527,2021,1,2,96,4.0
11038,17,2022,8,2,93,3.0
11039,1920,2024,6,3,112,4.0
11040,190,2022,5,5,12,5.0
11041,717,2020,9,2,138,4.0
11042,197,2020,3,4,88,4.0
11043,734,2020,4,4,142,5.0
11044,1222,2021,2,2,16,4.0
11045,175,2019,2,1,36,3.0
11046,1052,2023,2,1,143,3.0
11047,1544,2019,2,3,104,4.0
11048,911,2019,8,4,98,4.0
11049,225,2019,4,3,61,3.0
11050,1384,2019,5,4,84,5.0
11051,373,2022,10,3,82,5.0
11052,34,2023,7,2,30,5.0
11053,874,2024,1,1,85,2.0
11054,542,2023,7,4,78,3.0
11055,57,2023,8,3,47,3.0
11056,1555,2022,8,4,52,4.0
11057,1200,2020,11,2,116,4.0
11058,1820,2021,8,2,102,4.0
11059,961,2024,10,3,71,3.0
11060,877,2019,7,3,91,3.0
11061,1686,2023,8,4,37,3.0
11062,163,2023,2,1,75,4.0
11063,724,2019,12,1,85,4.0
11064,1598,2020,1,3,38,5.0
11065,586,2020,12,3,26,3.0
11066,1771,2024,7,1,79,4.0
11067,569,2021,5,3,142,3.0
11068,828,2023,6,3,70,2.0
11069,1795,2022,1,3,136,4.0
11070,487,2019,5,2,128,4.0
11071,1937,2023,1,5,112,3.0
11072,88,2022,6,1,135,3.0
11073,532,2024,2,2,62,3.0
11074,1183,2024,2,1,114,3.0
11075,1189,2022,9,2,22,4.0
11076,1820,2024,3,3,48,3.0
11077,1920,2019,5,1,85,2.0
11078,1356,2022,8,1,6,4.0
11079,1320,2022,7,2,115,4.0
11080,635,2020,7,1,139,3.0
11081,1612,2022,6,2,16,2.0
11082,1286,2023,8,2,149,4.0
11083,49,2021,8,2,14,2.0
11084,1665,2022,2,4,20,4.0
11085,720,2023,12,3,115,4.0
11086,952,2022,10,1,103,3.0
11087,973,2021,6,3,141,2.0
11088,1640,2020,5,1,64,5.0
11089,536,2022,9,1,86,4.0
11090,784,2024,8,2,23,4.0
11091,79,2021,10,2,104,4.0
11092,698,2022,6,1,150,4.0
11093,177,2024,6,2,90,4.0
11094,1166,2020,6,3,140,5.0
11095,1787,2023,4,2,60,3.0
11096,930,2020,10,1,148,4.0
11097,1825,2020,10,4,81,3.0
11098,1955,2020,2,3,22,3.0
11099,108,2019,2,4,55,4.0
11100,1033,2021,1,3,74,5.0
11101,1057,2021,4,3,11,3.0
11102,771,2020,2,4,135,2.0
11103,1661,2023,7,2,36,4.0
11104,790,2022,12,4,102,3.0
11105,111,2020,9,4,138,4.0
11106,1096,2020,12,2,66,4.0
11107,404,2023,2,2,92,2.0
11108,710,2020,9,2,78,4.0
11109,1004,2021,9,3,115,2.0
11110,1446,2019,6,4,6,5.0
11111,557,2023,9,3,54,2.0
11112,762,2021,2,2,92,3.0
11113,136,2023,8,3,14,3.0
11114,769,2021,10,3,129,5.0
11115,1161,2023,5,3,95,2.0
11116,1234,2021,3,3,1,5.0
11117,587,2024,1,3,2,3.0
11118,122,2023,4,4,24,3.0
11119,1155,2021,10,3,100,5.0
11120,1311,2021,11,3,78,3.0
11121,171,2022,8,3,73,3.0
11122,1010,2023,4,5,85,3.0
11123,191,2023,4,4,75,3.0
11124,907,2019,11,3,52,2.0
11125,1282,2020,8,4,2,4.0
11126,1439,2021,10,5,5,4.0
11127,1428,2022,5,2,104,4.0
11128,1517,2019,11,4,112,3.0
11129,483,2020,6,5,36,4.0
11130,1693,2021,9,2,37,3.0
11131,700,2021,11,2,62,3.0
11132,750,2022,5,3,97,3.0
11133,1576,2019,10,3,90,5.0
11134,655,2023,8,5,84,3.0
11135,150,2020,6,2,6,3.0
11136,1429,2022,10,4,65,4.0
11137,1325,2024,6,4,113,3.0
11138,1164,2021,9,3,89,3.0
11139,287,2020,1,3,122,3.0
11140,1264,2020,11,3,105,4.0
11141,397,2022,12,2,135,3.0
11142,1112,2024,12,1,86,5.0
11143,1016,2022,11,2,86,3.0
11144,1546,2020,9,2,84,2.0
11145,1954,2024,9,3,40,4.0
11146,381,2019,12,4,66,4.0
11147,230,2021,9,2,26,4.0
11148,1112,2019,4,3,65,3.0
11149,1904,2019,2,1,23,3.0
11150,317,2024,12,2,74,3.0
11151,975,2019,2,2,144,3.0
11152,815,2024,11,2,68,4.0
11153,637,2022,12,4,111,4.0
11154,1328,2020,1,3,66,3.0
11155,591,2024,10,1,136,2.0
11156,987,2019,8,2,32,4.0
11157,1691,2023,5,4,126,5.0
11158,760,2023,7,3,109,4.0
11159,43,2021,6,5,134,2.0
11160,1770,2020,10,3,20,4.0
11161,550,2019,5,3,135,4.0
11162,1546,2019,2,3,137,4.0
11163,1526,2019,5,4,45,4.0
11164,1053,2021,7,4,94,4.0
11165,176,2022,6,1,88,5.0
11166,1901,2021,7,3,8,2.0
11167,1362,2023,12,2,79,5.0
11168,849,2021,5,4,99,4.0
11169,1708,2023,10,4,31,5.0
11170,1577,2022,12,2,55,2.0
11171,1521,2024,10,3,88,5.0
11172,336,2023,7,3,140,5.0
11173,1266,2019,12,5,10,4.0
11174,572,2022,5,3,141,3.0
11175,157,2022,4,1,123,5.0
11176,677,2019,11,4,127,3.0
11177,209,2019,12,1,8,4.0
11178,212,2019,2,3,86,5.0
11179,1455,2020,4,3,56,3.0
11180,1004,2024,4,4,138,3.0
11181,796,2020,10,3,112,5.0
11182,385,2020,4,2,98,3.0
11183,1542,2021,8,4,5,3.0
11184,1269,2021,12,5,132,1.0
11185,1172,2024,11,3,74,4.0
11186,381,2019,11,3,25,3.0
11187,248,2024,7,3,132,4.0
11188,248,2020,8,3,136,3.0
11189,51,2020,9,1,75,5.0
11190,1939,2021,4,3,100,5.0
11191,736,2024,7,2,92,2.0
11192,1317,2020,6,4,46,3.0
11193,1965,2021,10,4,113,4.0
11194,1873,2022,7,1,150,5.0
11195,642,2023,6,4,141,4.0
11196,980,2021,7,1,104,4.0
11197,927,2019,3,1,55,4.0
11198,67,2023,4,1,137,3.0
11199,1537,2024,10,3,140,3.0
11200,1149,2022,2,4,1,4.0
11201,743,2024,9,2,51,4.0
11202,1117,2020,11,5,83,5.0
11203,1471,2024,9,3,87,3.0
11204,30,2023,8,2,107,4.0
11205,1293,2024,9,3,78,3.0
11206,1723,2024,2,3,3,3.0
11207,1453,2021,2,3,25,3.0
11208,1240,2019,12,3,115,3.0
11209,182,2023,6,2,105,3.0
11210,1490,2023,5,3,98,4.0
11211,1502,2022,2,2,67,3.0
11212,988,2022,9,5,42,3.0
11213,1166,2019,1,3,47,4.0
11214,1237,2023,3,2,104,4.0
11215,243,2021,3,4,76,4.0
11216,515,2019,12,2,20,3.0
11217,1585,2024,12,2,60,4.0
11218,1948,2019,1,4,124,3.0
11219,541,2020,2,2,90,5.0
11220,802,2020,12,3,130,3.0
11221,1831,2023,8,3,77,3.0
11222,325,2019,9,4,73,3.0
11223,523,2021,7,3,143,3.0
11224,112,2021,3,4,77,3.0
11225,470,2021,9,5,21,5.0
11226,1273,2024,3,4,61,2.0
11227,697,2020,1,2,98,3.0
11228,1967,2021,11,4,52,4.0
11229,1784,2021,5,4,62,4.0
11230,1792,2021,1,3,131,3.0
11231,1453,2024,6,3,66,5.0
11232,1405,2020,2,3,46,3.0
11233,1020,2019,6,1,17,3.0
11234,1982,2021,9,4,61,2.0
11235,191,2019,5,3,115,4.0
11236,1446,2023,1,2,45,4.0
11237,281,2024,11,3,71,4.0
11238,679,2023,7,3,99,4.0
11239,512,2023,1,4,140,4.0
11240,1203,2021,7,5,123,3.0
11241,1575,2023,12,3,43,4.0
11242,160,2021,1,5,25,4.0
11243,1204,2024,10,2,101,3.0
11244,444,2020,5,2,39,1.0
11245,154,2019,9,4,59,5.0
11246,836,2024,1,3,16,3.0
11247,1163,2021,11,4,117,3.0
11248,404,2020,12,3,25,5.0
11249,780,2023,7,1,58,3.0
11250,1908,2021,3,3,62,3.0
11251,694,2023,2,2,7,2.0
11252,1992,2021,9,3,117,4.0
11253,1669,2023,10,3,93,4.0
11254,742,2019,9,3,82,3.0
11255,1154,2023,6,2,27,4.0
11256,1419,2020,10,4,8,3.0
11257,930,2021,9,5,9,4.0
11258,816,2024,5,2,94,4.0
11259,660,2021,10,1,113,3.0
11260,280,2019,3,1,120,4.0
11261,50,2021,10,3,121,4.0
11262,674,2020,7,2,60,4.0
11263,1592,2021,9,3,1,4.0
11264,467,2020,9,1,37,4.0
11265,360,2022,2,2,119,3.0
11266,657,2020,10,2,115,3.0
11267,1198,2021,10,5,77,3.0
11268,431,2024,1,2,4,4.0
11269,441,2022,3,1,117,3.0
11270,225,2023,10,2,123,4.0
11271,665,2023,5,5,35,5.0
11272,435,2024,2,3,121,3.0
11273,1663,2024,11,4,96,3.0
11274,1812,2024,7,2,134,4.0
11275,742,2021,5,1,94,5.0
11276,171,2022,7,3,14,3.0
11277,175,2023,5,4,98,4.0
11278,650,2022,2,4,17,4.0
11279,927,2019,7,2,39,3.0
11280,1057,2022,12,5,131,4.0
11281,609,2020,12,3,146,2.0
11282,710,2023,8,3,72,4.0
11283,568,2024,2,4,44,5.0
11284,1036,2023,3,3,59,4.0
11285,1394,2022,4,4,37,3.0
11286,87,2022,1,3,86,3.0
11287,958,2022,2,1,64,3.0
11288,1298,2021,10,1,9,4.0
11289,1346,2020,6,5,92,3.0
11290,1127,2023,11,4,97,3.0
11291,1051,2021,1,5,101,4.0
11292,1362,2019,2,3,142,3.0
11293,757,2023,9,3,106,3.0
11294,1135,2022,4,2,102,4.0
11295,639,2022,3,3,32,3.0
11296,876,2022,8,3,70,3.0
11297,249,2019,11,2,66,3.0
11298,701,2022,6,3,145,3.0
11299,285,2022,10,1,72,3.0
11300,453,2022,5,3,104,4.0
11301,839,2019,11,4,82,4.0
11302,1001,2023,6,4,9,4.0
11303,1884,2022,2,3,141,3.0
11304,53,2023,7,2,101,5.0
11305,1798,2022,4,3,35,3.0
11306,657,2020,3,1,9,3.0
11307,1449,2023,3,1,141,3.0
11308,1356,2021,5,4,47,5.0
11309,1942,2021,1,1,3,3.0
11310,218,2019,1,3,93,5.0
11311,1935,2019,8,3,3,4.0
11312,126,2019,1,5,33,3.0
11313,1755,2021,10,4,135,3.0
11314,1305,2020,12,4,6,4.0
11315,964,2020,3,3,113,4.0
11316,796,2023,1,2,93,4.0
11317,188,2023,3,2,46,3.0
11318,1604,2023,1,2,43,5.0
11319,1456,2023,4,3,72,4.0
11320,1875,2020,11,1,80,4.0
11321,1461,2022,10,5,134,4.0
11322,1915,2024,12,2,40,4.0
11323,1774,2020,10,2,89,5.0
11324,852,2021,11,3,103,4.0
11325,1408,2022,8,2,2,5.0
11326,529,2023,2,2,135,4.0
11327,1591,2019,10,5,149,3.0
11328,1218,2021,8,2,13,5.0
11329,881,2020,12,4,40,3.0
11330,1257,2023,9,4,118,5.0
11331,555,2020,7,2,122,3.0
11332,1245,2021,10,2,24,2.0
11333,950,2021,8,3,138,3.0
11334,644,2019,2,4,50,4.0
11335,1952,2023,8,4,45,3.0
11336,128,2020,5,2,54,4.0
11337,1516,2021,2,1,101,3.0
11338,421,2023,4,3,31,4.0
11339,446,2023,11,3,82,3.0
11340,309,2024,8,2,12,4.0
11341,205,2019,1,3,23,
11342,248,2022,5,5,116,3.0
11343,1666,2020,9,5,58,1.0
11344,1853,2023,7,3,120,2.0
11345,1170,2021,10,5,111,3.0
11346,28,2019,8,2,150,4.0
11347,1729,2024,1,1,21,5.0
11348,1204,2023,11,3,141,3.0
11349,1042,2020,7,3,134,3.0
11350,1895,2024,12,4,66,2.0
11351,820,2021,3,5,21,5.0
11352,721,2021,9,3,21,4.0
11353,1560,2020,1,2,77,4.0
11354,1055,2021,2,2,2,4.0
11355,1434,2024,11,3,15,3.0
11356,1392,2019,11,3,80,5.0
11357,1679,2022,12,3,85,3.0
11358,635,2020,3,2,130,3.0
11359,145,2019,11,3,147,3.0
11360,956,2019,1,1,41,4.0
11361,1296,2020,5,3,50,2.0
11362,1635,2023,6,2,30,3.0
11363,535,2023,10,4,34,3.0
11364,1491,2023,9,4,66,3.0
11365,1665,2019,5,4,149,2.0
11366,1617,2019,2,1,135,4.0
11367,1617,2024,5,3,137,3.0
11368,1975,2024,4,2,68,5.0
11369,1323,2023,9,1,99,5.0
11370,741,2024,1,3,109,3.0
11371,873,2023,5,2,37,4.0
11372,1495,2022,8,5,70,4.0
11373,474,2021,8,5,83,3.0
11374,1206,2024,9,5,56,3.0
11375,1146,2023,4,1,71,4.0
11376,1334,2024,7,3,67,5.0
11377,843,2020,2,1,10,3.0
11378,1480,2020,6,3,116,5.0
11379,143,2022,12,3,136,2.0
11380,1500,2024,11,3,114,1.0
11381,1624,2022,8,1,141,5.0
11382,1772,2021,6,1,65,4.0
11383,1846,2019,11,2,9,3.0
11384,699,2019,6,2,41,5.0
11385,93,2020,10,2,129,3.0
11386,1307,2020,7,4,21,2.0
11387,181,2023,1,1,83,3.0
11388,561,2023,9,2,1,3.0
11389,1405,2021,11,5,49,3.0
11390,1190,2024,10,4,17,3.0
11391,1214,2021,8,2,18,3.0
11392,1503,2021,1,4,25,3.0
11393,330,2022,1,2,81,4.0
11394,1583,2022,11,3,104,4.0
11395,1174,2020,6,4,44,4.0
11396,841,2020,6,3,123,1.0
11397,928,2023,8,2,59,3.0
11398,1018,2024,11,3,111,3.0
11399,1101,2021,6,4,80,4.0
11400,668,2019,7,4,109,3.0
11401,447,2024,7,2,147,2.0
11402,339,2022,6,2,150,5.0
11403,682,2021,8,3,89,4.0
11404,522,2022,3,2,145,5.0
11405,1033,2023,5,2,106,2.0
11406,1825,2019,6,2,41,4.0
11407,217,2021,7,2,141,3.0
11408,618,2024,6,3,22,3.0
11409,99,2020,6,4,71,3.0
11410,1950,2024,11,1,23,3.0
11411,1402,2020,10,3,118,4.0
11412,483,2021,11,3,135,4.0
11413,829,2019,8,3,123,3.0
11414,1447,2023,6,4,16,5.0
11415,1916,2020,6,4,41,4.0
11416,1148,2024,11,2,52,4.0
11417,542,2019,8,5,18,4.0
11418,1394,2019,11,4,80,4.0
11419,1372,2021,11,2,6,5.0
11420,1288,2019,12,4,93,3.0
11421,92,2020,7,3,87,3.0
11422,1414,2023,5,4,90,4.0
11423,40,2022,11,4,137,3.0
11424,1812,2022,3,5,118,2.0
11425,1764,2019,4,2,39,4.0
11426,1127,2023,12,4,86,5.0
11427,1293,2019,9,1,121,5.0
11428,136,2022,8,5,128,3.0
11429,1749,2023,7,2,97,4.0
11430,542,2023,6,2,13,3.0
11431,525,2021,11,4,66,4.0
11432,1417,2019,5,3,129,5.0
11433,1878,2023,6,3,12,5.0
11434,989,2020,2,2,89,3.0
11435,1016,2021,2,3,82,3.0
11436,1098,2020,3,4,34,5.0
11437,583,2019,4,4,52,3.0
11438,1194,2021,4,3,147,1.0
11439,1922,2022,9,4,90,4.0
11440,766,2023,7,3,141,3.0
11441,1547,2023,1,5,71,3.0
11442,1548,2023,7,4,127,4.0
11443,1702,2023,1,3,93,2.0
11444,1448,2021,7,3,137,4.0
11445,1843,2021,1,2,50,2.0
11446,1429,2022,1,5,58,2.0
11447,1953,2021,10,2,7,4.0
11448,1431,2020,1,2,35,2.0
11449,1674,2019,12,3,21,3.0
11450,1781,2021,6,4,28,4.0
11451,1967,2021,10,3,47,4.0
11452,1191,2024,3,2,132,3.0
11453,1421,2023,6,2,57,4.0
11454,1935,2020,11,2,124,5.0
11455,761,2019,1,3,123,2.0
11456,239,2023,6,5,148,2.0
11457,1769,2021,2,4,77,5.0
11458,1264,2019,5,3,128,3.0
11459,857,2023,12,2,63,4.0
11460,1434,2021,7,2,95,4.0
11461,66,2020,5,4,122,4.0
11462,955,2022,8,3,22,4.0
11463,531,2023,4,1,9,5.0
11464,577,2023,1,1,25,3.0
11465,1939,2020,7,3,109,5.0
11466,1101,2022,9,3,72,2.0
11467,281,2021,3,5,43,4.0
11468,730,2024,2,1,116,4.0
11469,486,2020,8,4,3,3.0
11470,1819,2023,5,4,26,4.0
11471,583,2021,12,2,71,
11472,714,2022,5,2,138,4.0
11473,669,2022,5,2,113,3.0
11474,352,2021,7,3,103,3.0
11475,1561,2020,12,1,107,3.0
11476,1153,2021,9,4,47,3.0
11477,874,2022,8,4,68,3.0
11478,792,2022,10,4,133,5.0
11479,1334,2022,10,4,110,3.0
11480,192,2022,7,1,90,4.0
11481,1864,2019,4,4,13,3.0
11482,1130,2021,2,3,110,5.0
11483,456,2020,7,1,55,3.0
11484,1076,2021,9,2,58,3.0
11485,1705,2021,5,3,102,3.0
11486,347,2020,6,3,60,4.0
11487,1048,2024,6,2,86,4.0
11488,1196,2019,8,3,2,2.0
11489,1621,2022,10,5,28,4.0
11490,1135,2021,6,2,81,3.0
11491,1473,2023,7,2,144,4.0
11492,1548,2023,5,3,115,2.0
11493,1783,2022,4,3,63,4.0
11494,724,2023,9,5,146,2.0
11495,1408,2020,8,3,42,3.0
11496,498,2024,7,2,134,4.0
11497,1689,2019,4,2,61,5.0
11498,1903,2023,11,1,14,5.0
11499,589,2019,10,4,1,4.0
11500,1123,2020,9,2,148,4.0
11501,1645,2023,10,4,97,3.0
11502,55,2023,6,3,23,2.0
11503,1411,2022,8,4,149,4.0
11504,1642,2023,3,2,7,3.0
11505,1743,2020,10,2,51,4.0
11506,394,2022,1,3,113,3.0
11507,1515,2020,7,2,8,3.0
11508,1573,2021,3,3,136,4.0
11509,6,2021,8,4,102,5.0
11510,1411,2022,4,5,143,2.0
11511,1253,2019,12,3,126,2.0
11512,1938,2019,2,2,124,3.0
11513,87,2019,10,2,35,3.0
11514,1932,2020,9,5,31,4.0
11515,1143,2022,12,2,37,4.0
11516,549,2019,4,1,24,5.0
11517,775,2024,9,5,100,5.0
11518,1533,2021,1,1,9,3.0
11519,1993,2020,9,4,65,4.0
11520,634,2024,6,1,88,4.0
11521,1968,2020,9,3,81,3.0
11522,1259,2020,10,2,74,4.0
11523,385,2021,6,4,34,5.0
11524,1196,2019,5,1,17,3.0
11525,1604,2023,9,2,149,3.0
11526,110,2023,11,4,70,4.0
11527,158,2021,5,3,90,5.0
11528,11,2024,11,3,86,3.0
11529,1141,2019,6,3,56,4.0
11530,116,2022,11,3,109,3.0
11531,1865,2023,8,5,57,3.0
11532,256,2021,9,3,63,2.0
11533,144,2024,9,3,121,3.0
11534,516,2021,10,2,48,3.0
11535,1527,2024,11,3,105,4.0
11536,1814,2022,5,5,100,3.0
11537,503,2020,9,2,5,3.0
11538,1038,2023,9,2,103,3.0
11539,1548,2019,8,1,121,5.0
11540,1594,2020,3,3,41,3.0
11541,306,2023,6,4,138,3.0
11542,1677,2024,3,3,3,3.0
11543,1735,2021,2,4,27,3.0
11544,1470,2022,12,4,142,2.0
11545,1055,2023,9,5,129,5.0
11546,783,2023,7,3,114,1.0
11547,1779,2024,6,1,91,2.0
11548,1728,2019,1,3,31,4.0
11549,1037,2020,5,4,74,2.0
11550,1485,2024,3,3,85,4.0
11551,800,2022,7,3,14,4.0
11552,1487,2022,6,4,90,3.0
11553,179,2021,12,1,14,4.0
11554,1804,2021,11,3,19,3.0
11555,1032,2020,8,4,26,3.0
11556,1198,2021,11,5,29,3.0
11557,379,2019,4,4,13,3.0
11558,1058,2020,2,1,144,3.0
11559,7,2024,7,3,121,4.0
11560,1781,2019,1,3,77,4.0
11561,1498,2023,12,3,56,4.0
11562,909,2019,2,4,29,3.0
11563,1672,2023,11,3,143,4.0
11564,1624,2020,9,4,120,4.0
11565,239,2023,3,4,113,2.0
11566,108,2021,7,3,71,4.0
11567,508,2023,7,4,5,3.0
11568,3,2023,9,2,96,4.0
11569,1147,2022,6,1,74,4.0
11570,1057,2023,8,2,45,3.0
11571,1076,2024,5,4,48,4.0
11572,148,2022,2,5,9,4.0
11573,1837,2020,9,5,131,4.0
11574,1954,2019,4,1,25,3.0
11575,1182,2022,4,5,122,5.0
11576,12,2021,4,4,146,
11577,792,2022,7,2,7,3.0
11578,1437,2023,9,3,94,3.0
11579,1498,2020,10,5,11,2.0
11580,487,2023,8,3,125,5.0
11581,1646,2024,5,5,77,4.0
11582,1936,2020,12,3,4,4.0
11583,1018,2024,6,2,116,4.0
11584,764,2024,2,2,115,1.0
11585,1053,2021,10,1,139,2.0
11586,55,2023,12,4,73,5.0
11587,1047,2024,4,2,140,1.0
11588,54,2024,3,3,100,3.0
11589,70,2021,5,5,79,3.0
11590,1107,2022,5,2,54,3.0
11591,1022,2022,3,2,44,3.0
11592,1974,2021,1,5,94,3.0
11593,1016,2022,3,5,111,4.0
11594,1960,2024,4,4,6,4.0
11595,1615,2019,3,2,62,4.0
11596,675,2024,3,1,7,3.0
11597,1853,2021,12,4,60,5.0
11598,966,2023,3,4,120,3.0
11599,1190,2019,10,4,104,4.0
11600,201,2024,7,2,19,4.0
11601,426,2021,6,3,108,4.0
11602,1045,2024,10,4,3,3.0
11603,543,2021,1,4,2,4.0
11604,1200,2023,9,1,137,
11605,160,2022,5,2,5,4.0
11606,503,2020,10,3,40,4.0
11607,1331,2020,12,4,20,4.0
11608,1225,2022,9,4,88,2.0
11609,1968,2021,2,2,79,2.0
11610,1800,2022,12,3,126,4.0
11611,1622,2023,10,3,149,3.0
11612,2,2023,1,2,112,3.0
11613,1205,2019,3,4,71,3.0
11614,458,2021,12,3,7,5.0
11615,534,2019,11,4,139,3.0
11616,420,2022,5,3,85,2.0
11617,912,2022,12,4,33,4.0
11618,248,2024,6,1,82,5.0
11619,1064,2021,11,3,59,4.0
11620,333,2021,7,3,53,4.0
11621,1001,2022,8,2,68,3.0
11622,1252,2019,1,3,114,3.0
11623,360,2019,12,4,25,3.0
11624,206,2023,3,3,145,3.0
11625,1613,2020,3,4,10,4.0
11626,1478,2021,6,2,23,5.0
11627,523,2024,10,2,102,5.0
11628,1775,2020,10,2,22,4.0
11629,443,2024,8,4,117,4.0
11630,1854,2022,11,1,111,2.0
11631,227,2020,9,1,65,3.0
11632,1321,2024,2,1,69,5.0
11633,39,2022,10,2,150,4.0
11634,395,2020,4,3,120,3.0
11635,810,2021,7,3,95,5.0
11636,171,2021,8,4,22,5.0
11637,914,2024,5,3,89,4.0
11638,465,2021,5,1,6,4.0
11639,198,2019,4,3,38,4.0
11640,1924,2023,4,2,105,5.0
11641,1964,2023,12,1,62,5.0
11642,1925,2021,5,4,150,3.0
11643,309,2024,6,2,141,2.0
11644,764,2021,9,4,15,4.0
11645,655,2020,3,3,133,4.0
11646,652,2023,3,4,130,5.0
11647,834,2019,3,2,16,4.0
11648,1021,2024,1,3,58,3.0
11649,971,2023,6,3,143,4.0
11650,584,2020,1,4,3,2.0
11651,1960,2019,5,2,9,3.0
11652,1960,2022,7,3,77,4.0
11653,663,2022,4,3,143,3.0
11654,443,2023,4,1,42,5.0
11655,1066,2020,8,1,116,4.0
11656,739,2020,7,5,105,3.0
11657,1975,2021,10,3,22,4.0
11658,859,2023,11,3,44,5.0
11659,80,2024,3,4,94,3.0
11660,251,2021,4,1,73,2.0
11661,150,2019,7,2,36,2.0
11662,766,2019,3,3,31,3.0
11663,634,2022,9,4,84,5.0
11664,1714,2019,1,3,125,3.0
11665,1782,2023,5,3,62,3.0
11666,281,2019,12,3,139,3.0
11667,1890,2021,9,3,101,2.0
11668,1169,2023,7,3,61,5.0
11669,614,2021,1,3,107,4.0
11670,814,2023,10,1,68,4.0
11671,883,2021,6,2,114,4.0
11672,342,2023,11,4,148,5.0
11673,1735,2021,10,2,119,3.0
11674,25,2023,12,4,22,3.0
11675,140,2024,2,3,11,3.0
11676,547,2021,11,2,122,4.0
11677,288,2020,9,4,128,3.0
11678,124,2024,4,1,86,3.0
11679,767,2023,11,2,37,4.0
11680,754,2024,7,3,133,5.0
11681,252,2021,8,3,68,5.0
11682,1621,2021,12,2,44,3.0
11683,1766,2019,7,2,55,5.0
11684,1440,2023,8,4,45,2.0
11685,1045,2024,11,4,43,3.0
11686,1895,2023,10,5,49,4.0
11687,702,2020,8,1,102,4.0
11688,855,2021,11,4,3,4.0
11689,31,2021,11,4,55,3.0
11690,1416,2019,8,2,26,3.0
11691,185,2019,2,2,98,3.0
11692,1331,2021,9,1,150,5.0
11693,1565,2022,4,4,119,3.0
11694,435,2024,8,3,38,4.0
11695,1225,2024,5,1,77,3.0
11696,608,2023,5,2,3,3.0
11697,797,2024,12,4,62,3.0
11698,1060,2023,3,3,42,3.0
11699,499,2022,2,4,76,3.0
11700,1594,2024,8,1,62,3.0
11701,790,2024,8,5,103,3.0
11702,924,2020,12,2,83,5.0
11703,1630,2020,1,2,141,2.0
11704,456,2024,11,5,11,3.0
11705,905,2019,11,2,142,5.0
11706,1987,2022,3,3,119,2.0
11707,800,2021,10,2,107,3.0
11708,232,2023,11,4,124,3.0
11709,569,2024,2,2,8,2.0
11710,1912,2020,1,3,32,3.0
11711,1519,2020,8,1,1,5.0
11712,1619,2020,8,5,120,3.0
11713,508,2023,11,5,54,3.0
11714,1678,2021,12,4,55,2.0
11715,787,2022,2,4,92,3.0
11716,1590,2021,12,3,64,3.0
11717,1762,2023,11,1,96,5.0
11718,417,2019,8,1,141,4.0
11719,1877,2021,5,4,50,3.0
11720,1266,2020,8,3,134,4.0
11721,1462,2022,7,2,80,3.0
11722,1514,2022,5,1,57,2.0
11723,337,2023,1,5,138,5.0
11724,1492,2024,9,1,74,4.0
11725,426,2023,4,2,20,5.0
11726,544,2019,3,3,43,4.0
11727,234,2023,5,3,127,5.0
11728,363,2019,1,1,78,2.0
11729,1958,2021,5,3,85,4.0
11730,657,2022,11,2,103,4.0
11731,775,2020,9,2,30,4.0
11732,960,2023,1,3,14,4.0
11733,1426,2023,4,5,67,4.0
11734,1148,2022,8,4,138,4.0
11735,1073,2022,12,2,20,3.0
11736,1674,2024,6,2,108,3.0
11737,992,2022,12,3,147,3.0
11738,1539,2020,1,1,15,4.0
11739,1822,2022,11,1,20,4.0
11740,1353,2021,2,2,131,5.0
11741,71,2019,9,1,17,4.0
11742,527,2024,2,3,112,3.0
11743,1236,2023,12,1,120,4.0
11744,958,2022,3,2,47,2.0
11745,570,2023,5,1,44,3.0
11746,671,2022,8,3,79,2.0
11747,157,2021,1,2,76,2.0
11748,470,2024,7,1,130,3.0
11749,1566,2022,4,2,89,3.0
11750,21,2021,6,1,146,3.0
11751,1674,2023,4,4,36,3.0
11752,679,2019,11,2,43,4.0
11753,1616,2020,6,3,37,4.0
11754,513,2019,10,4,98,1.0
11755,1658,2019,1,3,6,4.0
11756,1144,2023,9,3,130,3.0
11757,1703,2021,5,3,116,2.0
11758,125,2024,8,3,149,4.0
11759,1595,2022,11,2,144,4.0
11760,542,2020,9,1,11,3.0
11761,718,2020,5,2,113,4.0
11762,90,2021,3,3,76,3.0
11763,1909,2019,11,1,111,3.0
11764,1283,2022,4,5,132,4.0
11765,1962,2021,1,1,88,3.0
11766,1137,2019,4,2,1,5.0
11767,317,2022,1,3,130,4.0
11768,675,2024,9,4,66,3.0
11769,880,2024,11,3,69,3.0
11770,295,2021,6,3,88,3.0
11771,1864,2019,8,2,137,2.0
11772,1916,2024,12,5,79,3.0
11773,1127,2022,12,3,32,3.0
11774,1169,2023,1,1,110,4.0
11775,1407,2019,1,4,95,4.0
11776,1359,2020,5,1,10,3.0
11777,126,2020,4,3,80,4.0
11778,1063,2023,2,3,118,3.0
11779,1555,2023,2,4,133,5.0
11780,1614,2023,10,5,43,5.0
11781,1193,2021,3,2,79,3.0
11782,1793,2020,6,3,124,2.0
11783,1173,2020,1,3,88,3.0
11784,766,2020,8,2,63,4.0
11785,886,2019,9,3,28,2.0
11786,1381,2023,8,4,7,3.0
11787,1773,2023,4,3,104,2.0
11788,460,2023,1,3,145,4.0
11789,587,2024,5,3,91,2.0
11790,1304,2023,10,4,118,3.0
11791,1528,2020,2,2,102,3.0
11792,799,2020,10,2,53,2.0
11793,1287,2019,11,3,79,3.0
11794,14,2023,8,1,41,3.0
11795,584,2024,11,4,34,5.0
11796,1912,2023,4,2,89,5.0
11797,1153,2021,8,1,97,5.0
11798,1737,2020,9,4,149,4.0
11799,436,2021,9,2,36,4.0
11800,582,2020,9,3,44,3.0
11801,1950,2019,3,3,25,4.0
11802,1996,2021,11,4,143,4.0
11803,1754,2020,9,2,118,3.0
11804,635,2023,2,3,50,3.0
11805,1603,2024,8,5,146,2.0
11806,918,2020,11,3,106,3.0
11807,1688,2019,1,1,72,3.0
11808,1703,2024,11,2,58,3.0
11809,870,2020,4,3,86,4.0
11810,610,2020,4,2,13,5.0
11811,1950,2024,6,3,26,2.0
11812,902,2024,9,3,141,4.0
11813,864,2022,2,4,31,5.0
11814,1332,2019,4,3,25,3.0
11815,1874,2023,10,3,129,3.0
11816,261,2023,3,2,142,4.0
11817,1969,2021,5,3,123,3.0
11818,845,2022,8,4,16,4.0
11819,52,2022,4,4,126,5.0
11820,619,2022,1,2,41,5.0
11821,925,2022,7,1,2,3.0
11822,1354,2024,2,3,139,5.0
11823,1133,2019,5,3,41,3.0
11824,272,2019,8,3,99,4.0
11825,977,2019,9,1,12,3.0
11826,466,2019,12,2,29,2.0
11827,540,2021,11,2,133,4.0
11828,1423,2019,1,1,89,4.0
11829,1607,2020,6,2,150,4.0
11830,313,2022,1,4,28,2.0
11831,1205,2024,10,4,134,2.0
11832,845,2023,1,2,132,2.0
11833,674,2020,10,2,139,4.0
11834,1426,2019,1,1,8,3.0
11835,498,2023,2,5,16,4.0
11836,1531,2023,12,1,80,4.0
11837,802,2024,3,5,18,3.0
11838,190,2021,6,3,10,4.0
11839,1585,2019,7,4,122,5.0
11840,1704,2024,9,2,105,4.0
11841,1127,2020,12,3,127,3.0
11842,1448,2021,5,1,141,3.0
11843,296,2021,8,3,22,3.0
11844,679,2024,12,3,125,4.0
11845,700,2021,2,4,7,2.0
11846,1528,2022,6,3,56,4.0
11847,705,2022,4,5,45,3.0
11848,1457,2024,12,3,36,3.0
11849,614,2024,8,3,108,4.0
11850,1202,2022,8,1,19,3.0
11851,420,2019,3,1,122,5.0
11852,1117,2021,12,2,132,3.0
11853,162,2022,1,1,100,3.0
11854,1470,2023,6,1,13,3.0
11855,59,2023,9,2,90,4.0
11856,1999,2021,11,2,95,4.0
11857,1678,2023,4,3,56,3.0
11858,1158,2020,5,3,56,4.0
11859,1820,2022,1,5,71,2.0
11860,1618,2021,8,2,150,5.0
11861,286,2023,3,1,1,4.0
11862,1489,2024,8,4,77,3.0
11863,755,2023,2,4,48,5.0
11864,1712,2023,6,2,83,4.0
11865,1728,2023,6,1,1,5.0
11866,1910,2020,7,4,138,3.0
11867,902,2020,4,5,69,3.0
11868,387,2024,3,5,146,4.0
11869,251,2022,10,2,24,4.0
11870,331,2021,11,1,88,2.0
11871,1984,2022,4,2,102,5.0
11872,1173,2019,6,3,120,5.0
11873,704,2019,2,1,2,4.0
11874,899,2019,2,2,96,3.0
11875,346,2022,5,5,23,3.0
11876,1142,2019,9,1,65,4.0
11877,852,2019,9,2,9,5.0
11878,1597,2023,9,3,9,5.0
11879,43,2023,2,5,115,3.0
11880,1864,2020,1,5,108,4.0
11881,122,2023,4,2,135,3.0
11882,835,2019,4,3,106,4.0
11883,682,2021,7,5,90,3.0
11884,1436,2021,8,3,18,2.0
11885,1317,2021,3,2,115,3.0
11886,394,2024,10,3,35,4.0
11887,982,2019,9,3,16,5.0
11888,1070,2022,4,3,110,2.0
11889,928,2020,8,3,89,5.0
11890,44,2021,4,1,23,4.0
11891,357,2020,1,4,83,4.0
11892,1008,2023,9,2,104,2.0
11893,521,2019,2,2,75,4.0
11894,1091,2019,3,3,108,4.0
11895,328,2020,4,3,76,5.0
11896,1471,2024,11,3,54,4.0
11897,377,2019,8,4,34,5.0
11898,1299,2020,10,4,39,
11899,1674,2021,11,3,122,4.0
11900,717,2019,11,3,56,2.0
11901,279,2022,8,3,108,5.0
11902,12,2021,5,2,54,4.0
11903,722,2022,5,3,79,3.0
11904,231,2019,2,3,92,3.0
11905,1764,2020,8,4,72,4.0
11906,1947,2020,8,4,112,3.0
11907,1962,2023,12,2,139,4.0
11908,1845,2023,3,5,130,3.0
11909,1174,2019,10,5,139,3.0
11910,651,2021,4,2,5,4.0
11911,894,2023,1,5,114,4.0
11912,518,2019,5,3,109,4.0
11913,1681,2019,12,2,62,5.0
11914,873,2022,6,4,48,4.0
11915,771,2022,3,1,8,2.0
11916,1380,2023,4,3,126,5.0
11917,748,2021,9,4,127,3.0
11918,714,2024,4,2,12,5.0
11919,455,2019,3,2,88,3.0
11920,135,2019,3,2,83,4.0
11921,76,2022,1,3,26,4.0
11922,806,2024,9,3,83,4.0
11923,1991,2019,4,4,122,5.0
11924,522,2023,4,4,49,4.0
11925,1283,2024,4,3,109,3.0
11926,650,2022,9,3,146,5.0
11927,606,2023,11,2,69,2.0
11928,326,2020,9,3,17,2.0
11929,1127,2023,7,1,45,4.0
11930,1318,2021,9,3,21,4.0
11931,701,2020,3,3,53,3.0
11932,1054,2020,11,3,97,4.0
11933,953,2024,8,1,31,4.0
11934,542,2023,12,3,78,2.0
11935,1384,2023,4,4,150,4.0
11936,1108,2023,2,4,40,4.0
11937,132,2020,9,3,132,4.0
11938,986,2020,4,4,46,
11939,779,2022,3,4,93,2.0
11940,1592,2020,10,4,24,4.0
11941,614,2022,7,4,41,2.0
11942,1912,2024,10,4,131,3.0
11943,1231,2023,3,4,89,3.0
11944,262,2021,1,1,86,4.0
11945,807,2024,5,3,77,4.0
11946,1768,2022,12,4,37,3.0
11947,510,2021,8,1,140,3.0
11948,1410,2024,11,2,60,3.0
11949,1567,2021,11,3,2,
11950,1386,2020,11,3,137,3.0
11951,181,2019,6,4,7,4.0
11952,749,2022,3,3,134,3.0
11953,697,2022,11,2,40,5.0
11954,688,2023,7,4,11,3.0
11955,1758,2019,4,2,34,5.0
11956,12,2020,6,4,99,3.0
11957,1079,2019,10,3,82,4.0
11958,1965,2020,5,1,23,4.0
11959,1752,2024,10,3,46,3.0
11960,1214,2024,3,3,32,2.0
11961,1996,2021,4,4,98,5.0
11962,805,2019,2,3,130,4.0
11963,1223,2024,11,5,39,3.0
11964,1088,2019,11,2,135,3.0
11965,95,2019,3,2,62,3.0
11966,82,2021,7,3,13,4.0
11967,1794,2024,10,3,49,3.0
11968,348,2023,8,1,132,4.0
11969,710,2021,8,1,122,5.0
11970,1247,2021,4,3,110,3.0
11971,1152,2019,1,2,60,5.0
11972,1029,2020,12,4,117,4.0
11973,1959,2023,11,2,107,2.0
11974,1575,2021,12,3,119,3.0
11975,1884,2024,1,3,84,3.0
11976,1318,2021,9,5,77,4.0
11977,1959,2024,4,1,146,5.0
11978,1203,2023,4,2,143,3.0
11979,1084,2022,5,1,81,3.0
11980,1631,2024,3,5,31,3.0
11981,1738,2024,8,1,62,4.0
11982,137,2020,8,4,76,4.0
11983,1822,2020,12,3,102,4.0
11984,1382,2023,10,4,48,3.0
11985,1796,2019,9,2,7,5.0
11986,1432,2023,12,3,124,3.0
11987,1854,2021,6,5,143,3.0
11988,551,2023,1,1,13,5.0
11989,376,2019,11,3,48,5.0
11990,392,2022,5,5,66,3.0
11991,505,2022,6,1,115,4.0
11992,428,2019,5,4,117,3.0
11993,884,2022,11,2,52,3.0
11994,397,2022,5,2,47,4.0
11995,317,2021,9,2,61,5.0
11996,1048,2022,9,4,37,5.0
11997,1587,2020,7,1,66,4.0
11998,272,2022,7,3,40,4.0
11999,1023,2020,1,3,10,3.0
12000,1319,2020,11,1,108,4.0
12001,1412,2019,5,2,119,3.0
12002,211,2019,3,2,44,3.0
12003,1468,2019,3,1,61,4.0
12004,54,2020,5,3,61,2.0
12005,474,2023,8,3,4,3.0
12006,639,2020,7,5,82,4.0
12007,1707,2021,11,4,69,4.0
12008,384,2020,10,5,142,3.0
12009,1565,2021,5,4,56,3.0
12010,1978,2020,10,5,120,3.0
12011,1920,2020,9,2,59,3.0
12012,606,2019,11,2,28,2.0
12013,192,2022,1,2,53,5.0
12014,445,2020,7,3,133,4.0
12015,1538,2022,8,4,39,5.0
12016,394,2024,3,3,127,3.0
12017,1292,2021,8,5,100,5.0
12018,748,2022,9,2,112,2.0
12019,1534,2023,2,3,113,5.0
12020,1212,2021,12,3,78,3.0
12021,1172,2019,12,2,91,3.0
12022,1564,2023,4,4,11,4.0
12023,1910,2022,3,3,105,5.0
12024,730,2021,3,2,107,3.0
12025,1058,2021,1,3,16,4.0
12026,1252,2019,1,3,78,5.0
12027,1647,2022,4,4,77,3.0
12028,965,2022,8,3,47,4.0
12029,750,2022,9,4,10,4.0
12030,1693,2020,7,2,2,5.0
12031,1907,2019,8,2,32,4.0
12032,1139,2022,2,1,35,3.0
12033,207,2022,12,3,32,2.0
12034,580,2020,3,2,91,4.0
12035,926,2019,5,3,64,4.0
12036,1408,2021,8,5,17,5.0
12037,1340,2019,2,5,13,4.0
12038,1641,2020,6,2,99,3.0
12039,60,2022,12,4,141,3.0
12040,931,2020,3,5,123,3.0
12041,1403,2021,8,3,114,3.0
12042,1975,2023,8,2,48,4.0
12043,285,2020,1,2,106,2.0
12044,1759,2020,1,2,13,1.0
12045,16,2020,2,4,26,3.0
12046,394,2021,1,2,21,2.0
12047,1694,2022,7,2,28,3.0
12048,1574,2019,4,4,54,4.0
12049,1946,2021,8,4,7,5.0
12050,1202,2023,4,2,123,1.0
12051,1232,2024,5,3,108,3.0
12052,1070,2022,2,3,96,4.0
12053,1024,2022,10,2,27,3.0
12054,1028,2023,2,3,131,4.0
12055,586,2023,11,4,1,4.0
12056,1707,2022,3,1,150,4.0
12057,714,2022,12,1,110,4.0
12058,1222,2024,9,5,31,5.0
12059,1339,2023,10,5,30,2.0
12060,1076,2020,10,3,105,5.0
12061,1223,2021,6,1,122,5.0
12062,98,2023,3,1,70,4.0
12063,632,2022,9,2,10,3.0
12064,897,2021,8,2,75,4.0
12065,789,2022,10,3,72,2.0
12066,1817,2021,3,1,49,3.0
12067,1795,2023,10,1,136,3.0
12068,1424,2023,11,4,52,4.0
12069,705,2024,9,2,37,2.0
12070,102,2024,4,2,102,4.0
12071,1511,2023,3,3,93,4.0
12072,1768,2023,2,1,94,3.0
12073,980,2023,10,3,76,4.0
12074,1654,2020,6,1,48,3.0
12075,1862,2024,4,2,39,4.0
12076,1094,2022,2,3,18,2.0
12077,420,2024,6,3,28,3.0
12078,45,2020,3,2,87,5.0
12079,1514,2020,11,4,61,2.0
12080,1125,2022,5,5,111,4.0
12081,308,2022,6,3,121,3.0
12082,110,2021,8,2,84,2.0
12083,1939,2020,9,1,16,3.0
12084,641,2020,2,5,1,4.0
12085,655,2023,1,1,35,5.0
12086,1258,2019,4,2,43,5.0
12087,729,2019,9,2,12,3.0
12088,1826,2024,11,2,117,4.0
12089,1362,2024,12,1,56,3.0
12090,716,2019,4,2,112,3.0
12091,534,2019,10,4,32,4.0
12092,1721,2020,3,2,2,4.0
12093,1184,2022,3,4,21,4.0
12094,1837,2020,7,3,71,2.0
12095,691,2024,2,1,72,3.0
12096,43,2021,1,4,66,3.0
12097,1799,2022,12,3,144,4.0
12098,479,2020,10,3,98,4.0
12099,1691,2020,9,2,110,5.0
12100,1420,2023,3,3,19,
12101,464,2022,1,4,70,5.0
12102,1514,2020,2,5,94,4.0
12103,164,2021,6,3,88,4.0
12104,785,2020,10,3,143,3.0
12105,714,2021,8,4,72,4.0
12106,1314,2020,11,1,56,4.0
12107,1070,2024,11,3,142,4.0
12108,1225,2020,9,4,51,3.0
12109,953,2021,2,2,86,4.0
12110,1480,2022,3,1,5,3.0
12111,321,2019,5,1,25,4.0
12112,1438,2020,7,2,9,4.0
12113,101,2024,10,4,63,3.0
12114,172,2023,12,4,140,2.0
12115,1448,2020,12,4,11,3.0
12116,317,2021,6,5,147,5.0
12117,1541,2024,12,2,131,5.0
12118,266,2020,12,4,1,3.0
12119,294,2020,2,2,3,4.0
12120,1865,2020,9,4,136,4.0
12121,355,2022,6,3,88,5.0
12122,1828,2022,11,5,27,4.0
12123,697,2022,11,4,144,3.0
12124,1595,2021,3,1,85,4.0
12125,1879,2020,8,3,96,2.0
12126,234,2022,12,1,102,3.0
12127,661,2023,9,3,31,2.0
12128,1149,2023,11,2,54,3.0
12129,1732,2023,9,3,20,3.0
12130,375,2019,10,4,80,3.0
12131,374,2021,11,2,149,3.0
12132,737,2021,12,2,95,4.0
12133,410,2024,3,2,104,4.0
12134,535,2021,10,2,30,2.0
12135,260,2020,5,2,82,3.0
12136,1658,2020,7,3,150,4.0
12137,1594,2020,8,4,14,2.0
12138,289,2021,8,3,31,3.0
12139,1074,2020,3,2,108,4.0
12140,1293,2022,10,3,2,4.0
12141,1256,2020,9,5,31,2.0
12142,1968,2022,9,2,142,3.0
12143,1283,2022,8,3,3,4.0
12144,1375,2023,8,3,65,2.0
12145,66,2024,4,2,50,3.0
12146,159,2019,8,2,60,2.0
12147,1238,2019,4,3,39,3.0
12148,1816,2021,11,2,42,3.0
12149,799,2022,1,3,115,3.0
12150,1287,2023,1,2,4,3.0
12151,421,2020,9,2,20,3.0
12152,913,2021,9,3,40,5.0
12153,1503,2022,7,2,124,3.0
12154,1320,2022,7,2,59,4.0
12155,229,2022,1,3,6,3.0
12156,1759,2022,11,3,79,3.0
12157,1855,2019,11,4,95,5.0
12158,955,2021,3,4,69,3.0
12159,682,2022,1,3,14,4.0
12160,1063,2019,7,1,132,4.0
12161,1603,2024,4,2,129,2.0
12162,905,2022,2,1,137,3.0
12163,61,2023,2,2,145,3.0
12164,146,2022,8,1,48,4.0
12165,1624,2024,5,4,64,3.0
12166,1575,2019,10,3,144,2.0
12167,1545,2024,4,1,68,3.0
12168,253,2020,8,3,130,3.0
12169,342,2024,4,4,98,4.0
12170,790,2019,7,1,140,3.0
12171,462,2020,9,1,2,4.0
12172,774,2022,5,3,106,4.0
12173,1117,2022,11,1,121,3.0
12174,561,2019,8,1,30,4.0
12175,247,2021,3,3,111,3.0
12176,806,2024,11,3,30,3.0
12177,1446,2020,6,4,136,4.0
12178,1237,2024,9,1,137,4.0
12179,643,2023,5,4,1,2.0
12180,623,2024,1,1,77,1.0
12181,1168,2024,7,2,58,5.0
12182,346,2020,7,1,134,4.0
12183,1668,2024,9,2,49,3.0
12184,1739,2021,9,4,109,1.0
12185,51,2020,9,1,18,3.0
12186,1942,2024,7,2,32,2.0
12187,47,2021,1,3,148,3.0
12188,918,2023,8,1,58,2.0
12189,1335,2022,12,3,115,3.0
12190,655,2020,11,4,146,3.0
12191,408,2024,1,1,145,4.0
12192,95,2024,11,1,3,3.0
12193,1455,2022,2,3,35,4.0
12194,74,2022,1,4,108,2.0
12195,969,2019,1,5,140,4.0
12196,786,2023,7,4,147,4.0
12197,1936,2024,3,3,109,3.0
12198,1861,2024,8,3,16,5.0
12199,1636,2022,6,4,112,3.0
12200,1462,2024,11,4,41,3.0
12201,1086,2023,3,2,122,4.0
12202,699,2022,4,4,83,3.0
12203,334,2023,7,4,28,2.0
12204,1937,2019,2,5,127,3.0
12205,770,2023,6,4,149,5.0
12206,858,2022,8,4,76,3.0
12207,283,2021,8,5,122,5.0
12208,554,2022,6,2,9,
12209,1270,2024,2,3,41,5.0
12210,853,2022,4,4,20,4.0
12211,1172,2021,1,3,43,3.0
12212,424,2021,12,5,57,4.0
12213,165,2022,7,1,65,4.0
12214,1772,2022,4,2,49,3.0
12215,865,2020,4,2,82,3.0
12216,723,2022,1,1,33,4.0
12217,573,2020,6,3,53,3.0
12218,1316,2024,1,3,127,2.0
12219,1127,2022,9,2,85,2.0
12220,779,2024,3,4,5,5.0
12221,1862,2021,2,3,50,3.0
12222,1804,2021,2,1,125,4.0
12223,398,2020,1,3,28,3.0
12224,1285,2022,5,4,139,4.0
12225,1937,2022,1,1,45,3.0
12226,977,2022,1,4,95,5.0
12227,61,2024,3,3,72,5.0
12228,265,2022,7,4,94,4.0
12229,1336,2023,3,2,120,3.0
12230,1804,2019,5,4,23,3.0
12231,257,2021,6,2,53,3.0
12232,1094,2023,8,4,86,4.0
12233,994,2021,1,2,40,3.0
12234,571,2023,12,2,57,4.0
12235,1264,2022,2,3,133,4.0
12236,1756,2021,12,2,35,4.0
12237,479,2022,4,2,29,4.0
12238,109,2024,6,1,88,
12239,719,2023,1,4,15,2.0
12240,629,2024,5,3,1,5.0
12241,1455,2019,11,2,131,4.0
12242,1074,2023,9,2,42,4.0
12243,36,2024,8,3,19,3.0
12244,680,2024,5,3,99,5.0
12245,1471,2022,12,1,73,5.0
12246,954,2021,10,1,69,3.0
12247,1126,2022,4,3,66,4.0
12248,529,2024,8,2,22,4.0
12249,639,2024,5,5,129,2.0
12250,261,2024,3,2,1,4.0
12251,164,2024,8,2,73,2.0
12252,74,2022,5,1,41,4.0
12253,1249,2020,2,3,97,5.0
12254,316,2019,11,2,83,3.0
12255,1148,2024,8,2,58,5.0
12256,1906,2019,7,1,81,5.0
12257,1395,2019,12,1,35,4.0
12258,1151,2021,9,2,20,4.0
12259,234,2023,12,2,136,3.0
12260,978,2023,9,3,93,3.0
12261,1783,2020,3,1,99,4.0
12262,769,2022,6,2,150,3.0
12263,1653,2024,7,5,136,4.0
12264,1417,2023,4,3,88,4.0
12265,534,2024,4,5,119,2.0
12266,283,2023,8,1,80,4.0
12267,34,2019,5,3,36,4.0
12268,553,2020,2,2,94,5.0
12269,666,2020,7,5,137,3.0
12270,1312,2019,8,5,132,5.0
12271,1146,2024,10,3,76,5.0
12272,959,2023,2,2,142,4.0
12273,1446,2024,6,3,30,3.0
12274,1541,2020,11,4,7,4.0
12275,1427,2024,4,3,61,2.0
12276,1795,2024,9,4,31,2.0
12277,720,2019,5,3,144,3.0
12278,1647,2024,3,1,18,3.0
12279,842,2019,9,4,81,4.0
12280,369,2021,10,2,116,4.0
12281,292,2020,11,4,17,2.0
12282,183,2022,9,2,7,4.0
12283,1912,2019,4,3,84,4.0
12284,339,2024,9,2,136,3.0
12285,1671,2021,1,1,3,4.0
12286,1568,2024,5,4,4,3.0
12287,879,2021,3,4,139,3.0
12288,1828,2022,7,5,91,2.0
12289,1817,2023,9,3,106,1.0
12290,1851,2024,8,2,42,4.0
12291,994,2021,3,2,47,5.0
12292,597,2022,5,2,71,3.0
12293,88,2020,2,2,33,2.0
12294,1681,2019,7,3,67,4.0
12295,1746,2024,9,2,144,3.0
12296,1073,2022,3,5,113,4.0
12297,142,2021,7,1,131,4.0
12298,1646,2023,11,4,75,3.0
12299,597,2023,2,3,119,4.0
12300,1097,2024,12,3,64,4.0
12301,1319,2021,4,3,93,2.0
12302,292,2019,4,5,110,3.0
12303,126,2021,9,3,124,2.0
12304,159,2021,5,2,139,2.0
12305,1919,2020,5,2,16,3.0
12306,1915,2022,3,4,120,4.0
12307,854,2021,2,3,107,4.0
12308,852,2024,11,4,111,2.0
12309,814,2019,2,2,3,2.0
12310,702,2023,2,4,74,3.0
12311,1088,2022,10,3,145,3.0
12312,713,2020,10,3,136,3.0
12313,1233,2021,3,5,35,4.0
12314,758,2024,10,3,73,4.0
12315,1260,2021,9,2,130,3.0
12316,1890,2022,4,3,140,3.0
12317,412,2022,1,1,50,3.0
12318,126,2024,10,2,121,2.0
12319,1054,2022,9,3,126,4.0
12320,239,2024,6,1,23,3.0
12321,463,2024,4,3,5,5.0
12322,1580,2019,5,3,8,2.0
12323,836,2024,4,2,22,4.0
12324,1099,2024,11,2,112,2.0
12325,1553,2019,3,3,59,3.0
12326,258,2021,6,5,103,4.0
12327,958,2020,8,2,14,4.0
12328,69,2024,1,2,91,4.0
12329,999,2021,7,5,112,4.0
12330,449,2020,8,4,147,4.0
12331,1823,2019,7,5,48,5.0
12332,522,2023,8,1,82,3.0
12333,401,2019,6,5,73,3.0
12334,29,2020,8,4,53,4.0
12335,267,2022,12,2,96,5.0
12336,433,2019,5,3,85,3.0
12337,457,2020,5,2,125,3.0
12338,1477,2024,9,3,5,3.0
12339,1776,2021,2,3,34,3.0
12340,1711,2020,4,1,87,4.0
12341,1913,2024,2,5,87,5.0
12342,1797,2019,6,5,136,4.0
12343,911,2020,2,4,102,4.0
12344,780,2024,3,1,1,5.0
12345,1299,2023,6,3,74,3.0
12346,639,2021,8,4,127,5.0
12347,1208,2024,6,1,131,3.0
12348,2000,2022,10,3,121,4.0
12349,397,2023,10,2,72,3.0
12350,1539,2024,2,3,16,3.0
12351,1871,2022,9,3,32,3.0
12352,1075,2021,1,4,128,4.0
12353,713,2022,3,3,52,3.0
12354,510,2019,10,4,115,1.0
12355,336,2021,7,2,6,3.0
12356,643,2023,4,3,74,3.0
12357,1494,2021,2,4,143,2.0
12358,1031,2023,4,4,37,4.0
12359,443,2021,10,4,5,4.0
12360,1085,2020,7,3,44,4.0
12361,1619,2019,2,3,10,5.0
12362,28,2022,6,5,92,2.0
12363,42,2020,3,2,29,2.0
12364,1919,2021,2,4,37,3.0
12365,1497,2022,2,3,89,3.0
12366,1152,2019,10,4,49,4.0
12367,1813,2021,2,3,98,4.0
12368,1179,2020,3,3,140,3.0
12369,1042,2020,11,1,140,5.0
12370,423,2024,10,5,110,3.0
12371,1622,2024,7,2,146,3.0
12372,1530,2020,10,3,111,3.0
12373,592,2024,1,2,11,1.0
12374,1475,2020,3,3,144,2.0
12375,1455,2021,5,2,86,5.0
12376,191,2024,10,3,1,5.0
12377,321,2019,2,4,94,3.0
12378,1190,2021,8,3,37,4.0
12379,1248,2023,1,1,81,1.0
12380,1317,2024,12,4,99,3.0
12381,747,2024,3,3,5,3.0
12382,1672,2024,9,2,66,4.0
12383,892,2024,8,2,9,5.0
12384,413,2021,5,4,17,3.0
12385,231,2020,10,5,32,3.0
12386,1756,2021,8,4,118,4.0
12387,1415,2019,6,4,62,5.0
12388,923,2019,8,3,8,
12389,419,2024,4,3,113,2.0
12390,194,2020,9,4,82,4.0
12391,306,2022,9,2,22,3.0
12392,212,2020,6,4,85,5.0
12393,1059,2022,8,3,38,4.0
12394,396,2021,10,2,96,3.0
12395,256,2019,8,2,143,4.0
12396,566,2021,4,2,48,4.0
12397,1399,2023,4,1,112,4.0
12398,993,2023,12,3,4,4.0
12399,308,2020,10,2,62,3.0
12400,1498,2020,4,1,134,4.0
12401,980,2023,9,2,12,5.0
12402,374,2021,1,3,140,5.0
12403,1383,2019,9,4,15,3.0
12404,1986,2019,3,3,73,2.0
12405,1081,2021,4,3,28,3.0
12406,324,2020,12,3,4,4.0
12407,620,2019,2,3,53,4.0
12408,1199,2023,10,5,88,4.0
12409,1999,2021,5,3,109,4.0
12410,1858,2023,6,3,48,5.0
12411,1867,2019,6,4,74,3.0
12412,1666,2021,11,3,28,3.0
12413,1150,2021,7,3,110,2.0
12414,1296,2022,3,4,26,4.0
12415,1468,2024,1,2,130,5.0
12416,1431,2021,3,3,27,5.0
12417,1278,2021,2,4,100,2.0
12418,269,2024,2,3,50,4.0
12419,1760,2021,12,2,150,3.0
12420,20,2021,6,3,43,4.0
12421,852,2019,12,4,143,2.0
12422,869,2023,7,3,126,4.0
12423,1993,2019,3,5,71,3.0
12424,180,2020,2,1,75,3.0
12425,952,2021,10,3,54,5.0
12426,716,2021,2,2,65,3.0
12427,196,2019,1,3,70,4.0
12428,448,2022,5,5,22,5.0
12429,845,2024,4,3,49,3.0
12430,1833,2019,3,3,132,3.0
12431,777,2021,7,4,147,5.0
12432,1761,2022,7,3,9,4.0
12433,1468,2020,6,3,110,5.0
12434,1638,2022,7,2,36,2.0
12435,1708,2021,9,3,99,3.0
12436,1428,2019,2,4,94,3.0
12437,1467,2024,5,3,132,4.0
12438,309,2024,1,2,106,3.0
12439,1435,2021,12,1,124,2.0
12440,97,2019,8,2,121,4.0
12441,1475,2019,10,4,98,2.0
12442,1308,2024,10,5,62,2.0
12443,1514,2024,1,3,51,3.0
12444,1285,2021,6,4,53,5.0
12445,738,2024,11,1,54,4.0
12446,739,2020,7,4,44,3.0
12447,1193,2021,8,2,47,4.0
12448,946,2019,12,2,86,4.0
12449,682,2022,9,2,41,4.0
12450,979,2023,10,3,53,3.0
12451,1074,2024,10,3,107,2.0
12452,480,2023,5,1,50,4.0
12453,1277,2022,12,2,16,3.0
12454,629,2023,11,4,3,4.0
12455,536,2022,1,4,115,4.0
12456,837,2021,7,2,143,3.0
12457,207,2022,3,2,103,2.0
12458,1207,2020,7,3,10,3.0
12459,1467,2019,10,3,85,3.0
12460,1912,2023,9,3,41,4.0
12461,568,2021,10,3,49,3.0
12462,1077,2024,6,3,139,3.0
12463,1008,2019,1,3,124,3.0
12464,1463,2021,11,4,111,4.0
12465,1250,2020,1,4,76,4.0
12466,1615,2024,3,3,87,5.0
12467,1702,2021,9,2,138,5.0
12468,228,2022,6,5,100,
12469,711,2019,6,1,87,3.0
12470,1307,2022,1,5,15,3.0
12471,1088,2021,3,3,150,3.0
12472,965,2022,9,4,122,4.0
12473,347,2022,7,3,55,3.0
12474,1145,2019,4,2,38,3.0
12475,1482,2019,5,2,146,2.0
12476,77,2019,6,1,144,4.0
12477,1184,2020,12,2,64,4.0
12478,1813,2023,11,2,35,2.0
12479,1148,2020,6,3,120,
12480,1906,2024,3,4,94,5.0
12481,706,2019,7,1,136,3.0
12482,7,2022,1,4,82,3.0
12483,1365,2023,8,2,83,3.0
12484,426,2019,7,3,22,4.0
12485,20,2022,11,3,91,4.0
12486,361,2019,6,4,55,4.0
12487,1869,2023,7,1,31,2.0
12488,1563,2021,1,1,118,
12489,551,2024,10,2,52,3.0
12490,1197,2022,4,5,32,3.0
12491,679,2020,10,2,145,4.0
12492,355,2019,3,3,145,4.0
12493,1977,2019,5,2,75,3.0
12494,1628,2019,4,3,45,2.0
12495,727,2020,11,3,25,4.0
12496,707,2023,10,2,95,4.0
12497,1632,2021,9,2,92,4.0
12498,922,2019,4,2,93,5.0
12499,754,2019,9,2,116,3.0
12500,775,2021,6,3,71,4.0
12501,894,2020,9,4,103,4.0
12502,1043,2023,4,2,99,4.0
12503,81,2021,7,2,120,2.0
12504,961,2019,12,2,112,4.0
12505,880,2020,1,4,6,3.0
12506,550,2021,10,2,93,4.0
12507,711,2019,9,4,147,3.0
12508,850,2019,6,2,84,4.0
12509,733,2024,11,2,80,3.0
12510,1817,2021,9,2,91,5.0
12511,1058,2023,7,3,84,3.0
12512,1006,2024,4,3,61,3.0
12513,526,2019,9,2,150,5.0
12514,1833,2023,1,5,11,4.0
12515,47,2023,4,3,123,4.0
12516,1101,2019,6,4,24,3.0
12517,338,2020,3,4,31,2.0
12518,1538,2019,7,3,92,3.0
12519,757,2019,11,4,96,3.0
12520,588,2020,5,3,140,3.0
12521,116,2020,5,3,45,3.0
12522,1581,2024,5,4,4,3.0
12523,793,2020,9,3,39,4.0
12524,529,2023,9,3,82,2.0
12525,1689,2019,3,1,54,4.0
12526,40,2022,11,5,38,4.0
12527,938,2023,8,1,138,3.0
12528,322,2019,11,1,85,4.0
12529,254,2021,11,1,101,4.0
12530,44,2024,7,3,113,4.0
12531,375,2022,9,2,62,5.0
12532,1895,2023,8,4,111,1.0
12533,892,2021,8,3,145,5.0
12534,2000,2020,7,4,109,4.0
12535,535,2021,3,1,45,5.0
12536,1525,2021,5,3,117,3.0
12537,180,2024,9,3,36,4.0
12538,217,2021,9,2,11,3.0
12539,33,2022,6,2,67,4.0
12540,1798,2022,2,4,77,4.0
12541,1344,2021,2,3,71,4.0
12542,1488,2021,11,5,40,2.0
12543,1855,2024,2,3,41,4.0
12544,665,2020,4,2,139,4.0
12545,1446,2021,1,4,44,3.0
12546,1005,2023,3,5,118,2.0
12547,1086,2019,11,3,39,3.0
12548,1324,2023,4,1,17,3.0
12549,940,2023,11,2,10,4.0
12550,49,2021,10,4,37,3.0
12551,151,2022,9,1,127,5.0
12552,1004,2021,4,2,69,3.0
12553,1140,2022,12,2,105,3.0
12554,1465,2019,8,4,145,3.0
12555,1145,2022,10,3,8,2.0
12556,377,2021,5,3,17,3.0
12557,734,2019,8,3,139,2.0
12558,888,2023,8,4,86,4.0
12559,1968,2019,8,2,93,5.0
12560,1066,2022,8,2,52,3.0
12561,1270,2024,9,2,125,5.0
12562,1472,2024,12,2,97,
12563,725,2022,11,1,39,3.0
12564,1929,2023,4,3,98,4.0
12565,1350,2022,11,2,1,4.0
12566,1697,2023,5,4,37,4.0
12567,1499,2024,3,1,31,4.0
12568,1244,2021,3,5,118,3.0
12569,62,2021,9,1,111,4.0
12570,1168,2020,6,2,14,3.0
12571,260,2024,10,4,136,5.0
12572,1207,2024,11,4,123,3.0
12573,1403,2023,7,1,66,3.0
12574,1091,2022,3,4,32,4.0
12575,617,2020,2,4,64,4.0
12576,119,2024,12,3,89,4.0
12577,1343,2019,4,3,95,1.0
12578,1397,2022,1,2,53,5.0
12579,956,2020,5,2,16,5.0
12580,1433,2021,10,1,92,4.0
12581,1559,2019,2,1,106,4.0
12582,1025,2019,9,3,41,5.0
12583,96,2021,5,1,96,
12584,1741,2021,11,1,86,4.0
12585,934,2024,6,1,76,4.0
12586,1345,2022,7,3,2,4.0
12587,1822,2019,6,3,47,4.0
12588,726,2024,9,4,57,2.0
12589,1244,2022,1,5,126,4.0
12590,40,2023,1,5,124,2.0
12591,1771,2024,7,2,132,4.0
12592,119,2022,5,2,70,2.0
12593,1083,2020,3,3,50,3.0
12594,704,2021,10,1,75,5.0
12595,72,2023,9,2,119,4.0
12596,925,2019,2,4,94,5.0
12597,1872,2024,3,3,91,4.0
12598,334,2021,10,3,66,2.0
12599,585,2022,6,4,105,3.0
12600,379,2024,4,4,131,2.0
12601,250,2024,7,4,101,2.0
12602,461,2023,5,4,61,4.0
12603,1144,2020,2,2,126,5.0
12604,1562,2022,8,3,142,4.0
12605,1381,2022,9,1,120,2.0
12606,1543,2024,1,5,132,4.0
12607,1432,2019,3,2,40,3.0
12608,766,2019,8,2,64,2.0
12609,1801,2019,10,5,38,4.0
12610,345,2024,11,3,55,4.0
12611,1400,2022,8,2,111,3.0
12612,222,2023,2,1,102,3.0
12613,1532,2019,5,3,1,4.0
12614,175,2019,4,3,114,3.0
12615,433,2022,12,3,29,3.0
12616,783,2023,1,2,28,3.0
12617,1389,2021,5,4,82,3.0
12618,92,2019,7,2,37,5.0
12619,515,2021,4,5,145,4.0
12620,668,2022,9,3,22,3.0
12621,1463,2020,2,5,23,3.0
12622,1924,2020,12,1,115,2.0
12623,1229,2023,5,5,43,2.0
12624,1016,2020,5,4,108,5.0
12625,673,2019,12,3,103,3.0
12626,1646,2022,2,5,29,4.0
12627,215,2019,6,4,87,3.0
12628,259,2021,1,5,81,3.0
12629,403,2022,7,4,15,3.0
12630,537,2019,4,5,115,3.0
12631,924,2022,9,2,129,4.0
12632,1894,2023,7,2,143,4.0
12633,1301,2024,8,3,14,5.0
12634,768,2020,11,4,27,3.0
12635,424,2020,12,2,124,3.0
12636,1297,2022,3,3,46,2.0
12637,507,2022,7,2,94,3.0
12638,1953,2022,10,5,53,4.0
12639,956,2020,2,4,33,3.0
12640,1102,2019,6,1,94,4.0
12641,1807,2019,7,1,31,4.0
12642,611,2024,11,5,21,5.0
12643,944,2021,2,2,80,1.0
12644,1064,2021,11,3,30,3.0
12645,543,2022,3,5,29,3.0
12646,110,2020,11,5,118,3.0
12647,568,2021,8,1,80,5.0
12648,225,2021,5,3,82,2.0
12649,1352,2019,2,5,22,4.0
12650,15,2022,5,2,25,5.0
12651,633,2020,9,3,59,4.0
12652,1769,2019,3,4,59,3.0
12653,1138,2022,9,1,68,4.0
12654,1343,2020,3,2,21,5.0
12655,1338,2023,1,2,135,5.0
12656,597,2022,8,1,55,3.0
12657,1265,2019,10,1,123,5.0
12658,443,2023,12,2,61,4.0
12659,1272,2019,7,3,71,1.0
12660,1367,2020,8,5,17,3.0
12661,1753,2023,9,5,102,5.0
12662,1840,2021,5,4,9,3.0
12663,48,2021,1,4,113,5.0
12664,599,2020,3,1,133,3.0
12665,1095,2021,5,3,55,2.0
12666,644,2020,8,4,134,5.0
12667,1238,2024,4,5,105,5.0
12668,1709,2023,3,3,1,4.0
12669,517,2024,11,4,31,4.0
12670,1787,2021,2,5,97,3.0
12671,1765,2024,10,3,106,2.0
12672,1829,2020,2,4,15,4.0
12673,148,2020,4,5,103,3.0
12674,587,2020,11,4,122,4.0
12675,249,2022,11,1,14,4.0
12676,241,2022,5,5,132,3.0
12677,107,2019,1,4,80,5.0
12678,880,2022,12,2,93,3.0
12679,175,2024,11,5,8,3.0
12680,592,2021,6,1,92,3.0
12681,1963,2023,1,5,69,4.0
12682,1768,2022,9,4,56,4.0
12683,1875,2024,10,2,118,4.0
12684,74,2022,10,4,38,4.0
12685,1322,2021,9,1,9,3.0
12686,1268,2019,11,5,75,3.0
12687,266,2023,7,3,112,3.0
12688,1813,2021,2,3,21,3.0
12689,809,2024,9,5,148,4.0
12690,1954,2020,3,1,101,3.0
12691,228,2021,8,3,141,4.0
12692,1301,2023,2,4,71,2.0
12693,262,2019,1,1,19,3.0
12694,1900,2020,6,1,27,4.0
12695,1216,2023,8,3,76,4.0
12696,152,2020,2,2,89,2.0
12697,430,2024,10,3,111,5.0
12698,719,2022,8,3,120,5.0
12699,26,2023,10,2,115,4.0
12700,18,2022,5,2,89,5.0
12701,1851,2019,8,2,3,3.0
12702,1963,2023,12,2,80,3.0
12703,1073,2021,3,4,123,3.0
12704,1806,2021,10,1,128,4.0
12705,1311,2023,8,5,126,3.0
12706,57,2020,9,1,2,4.0
12707,1429,2021,8,2,66,5.0
12708,37,2022,9,4,93,5.0
12709,1634,2022,10,1,38,4.0
12710,734,2023,1,3,62,2.0
12711,283,2019,1,2,15,2.0
12712,518,2024,2,5,30,3.0
12713,1367,2022,12,2,1,4.0
12714,1694,2022,6,1,147,2.0
12715,1142,2024,12,3,129,4.0
12716,321,2021,11,2,61,4.0
12717,1801,2019,5,5,1,4.0
12718,1582,2019,2,5,51,3.0
12719,820,2024,11,4,66,2.0
12720,1109,2024,6,1,26,4.0
12721,1928,2019,4,3,100,3.0
12722,755,2023,10,1,150,5.0
12723,52,2022,6,1,127,4.0
12724,292,2019,4,2,129,4.0
12725,1201,2023,5,3,125,4.0
12726,1996,2021,12,3,11,3.0
12727,1480,2020,4,4,83,4.0
12728,1236,2022,12,3,85,3.0
12729,647,2024,8,2,16,3.0
12730,879,2020,1,1,23,3.0
12731,77,2022,2,3,85,3.0
12732,743,2023,8,3,108,5.0
12733,1247,2022,2,2,32,3.0
12734,1812,2022,2,3,73,4.0
12735,1845,2023,6,4,12,4.0
12736,1643,2020,6,2,17,2.0
12737,43,2019,12,4,88,4.0
12738,1623,2024,11,5,84,3.0
12739,438,2020,12,5,113,3.0
12740,1233,2024,1,1,137,4.0
12741,1893,2020,10,1,29,3.0
12742,1776,2020,12,4,52,3.0
12743,1329,2019,8,2,129,4.0
12744,599,2021,12,2,8,3.0
12745,1042,2024,10,3,125,2.0
12746,1408,2024,9,3,142,4.0
12747,1029,2020,5,2,15,4.0
12748,809,2021,5,1,22,5.0
12749,806,2023,5,4,103,4.0
12750,1200,2024,4,3,72,5.0
12751,72,2022,7,2,149,4.0
12752,1997,2020,6,5,82,5.0
12753,205,2021,4,4,99,3.0
12754,1970,2023,3,3,36,3.0
12755,71,2019,7,2,49,5.0
12756,1026,2022,1,4,27,5.0
12757,836,2023,5,4,23,5.0
12758,1148,2021,1,4,17,4.0
12759,868,2022,5,1,134,3.0
12760,1795,2023,8,3,11,5.0
12761,34,2022,8,2,78,2.0
12762,1972,2019,1,5,77,4.0
12763,1379,2022,9,1,9,1.0
12764,1558,2020,4,3,127,5.0
12765,280,2023,6,4,76,3.0
12766,131,2020,9,4,20,4.0
12767,795,2024,1,3,20,3.0
12768,646,2019,3,3,106,4.0
12769,1566,2024,2,5,93,4.0
12770,1794,2019,4,3,62,5.0
12771,855,2023,1,3,61,3.0
12772,1537,2021,1,4,6,3.0
12773,120,2020,7,3,5,3.0
12774,1485,2020,2,3,81,5.0
12775,199,2019,6,2,55,5.0
12776,1336,2019,3,2,38,5.0
12777,765,2021,12,3,57,3.0
12778,831,2019,2,2,91,2.0
12779,553,2024,6,1,44,5.0
12780,807,2023,6,3,53,2.0
12781,1749,2021,9,3,43,3.0
12782,1618,2019,2,1,100,3.0
12783,681,2024,12,3,9,3.0
12784,588,2023,4,2,138,2.0
12785,1019,2020,1,1,84,4.0
12786,1370,2019,9,1,37,5.0
12787,365,2022,7,4,114,4.0
12788,1453,2019,8,3,141,3.0
12789,1898,2022,11,5,9,4.0
12790,1690,2021,5,3,31,3.0
12791,1097,2024,11,5,22,4.0
12792,640,2021,12,2,11,5.0
12793,647,2021,7,3,111,3.0
12794,1484,2022,10,3,29,4.0
12795,910,2024,1,3,58,2.0
12796,213,2023,8,4,123,3.0
12797,1356,2023,1,3,92,4.0
12798,277,2020,6,2,102,3.0
12799,1974,2021,9,4,15,4.0
12800,835,2020,1,2,146,3.0
12801,684,2021,5,1,13,3.0
12802,111,2023,5,3,107,4.0
12803,336,2019,3,1,96,3.0
12804,1896,2019,7,4,62,5.0
12805,1075,2022,10,3,126,5.0
12806,1804,2023,12,4,134,4.0
12807,1912,2024,11,3,11,1.0
12808,98,2022,12,2,144,3.0
12809,762,2022,3,3,37,4.0
12810,1677,2020,2,4,119,3.0
12811,992,2021,3,2,124,3.0
12812,1018,2020,12,2,84,5.0
12813,1141,2019,3,2,130,5.0
12814,1404,2021,10,2,124,4.0
12815,1878,2020,5,5,79,2.0
12816,1774,2022,9,3,27,3.0
12817,1251,2023,10,3,66,4.0
12818,1154,2024,11,1,136,1.0
12819,722,2024,2,3,31,5.0
12820,233,2020,4,4,150,4.0
12821,1419,2024,2,2,28,3.0
12822,6,2024,5,5,100,3.0
12823,1397,2022,5,2,97,5.0
12824,994,2020,11,2,30,2.0
12825,1573,2023,9,4,71,2.0
12826,1899,2019,2,3,22,3.0
12827,1106,2021,6,3,55,4.0
12828,1146,2022,9,5,144,5.0
12829,975,2024,9,4,9,4.0
12830,746,2024,10,5,131,3.0
12831,178,2023,3,3,102,4.0
12832,62,2021,11,3,113,4.0
12833,1447,2019,11,3,43,3.0
12834,1830,2023,3,2,143,1.0
12835,108,2024,8,2,39,3.0
12836,655,2021,9,4,76,4.0
12837,1217,2022,11,1,6,5.0
12838,1410,2024,2,4,134,4.0
12839,1471,2019,3,2,106,4.0
12840,1389,2023,11,2,25,5.0
12841,168,2022,1,1,100,4.0
12842,508,2023,6,2,28,2.0
12843,939,2020,4,1,67,5.0
12844,128,2022,8,2,77,5.0
12845,687,2020,6,3,140,3.0
12846,771,2022,11,3,50,4.0
12847,1957,2022,1,1,2,4.0
12848,635,2024,7,2,65,3.0
12849,1943,2023,7,1,139,3.0
12850,1401,2022,7,5,120,3.0
12851,1385,2021,1,4,9,4.0
12852,1640,2021,6,2,9,4.0
12853,1685,2022,11,2,114,3.0
12854,445,2024,8,1,109,2.0
12855,842,2022,2,4,84,3.0
12856,1057,2022,9,1,14,5.0
12857,1954,2020,12,3,43,2.0
12858,82,2022,10,2,128,4.0
12859,954,2022,2,4,21,4.0
12860,429,2023,1,2,31,3.0
12861,414,2020,3,1,68,3.0
12862,1524,2021,5,2,111,4.0
12863,404,2021,12,3,125,4.0
12864,1587,2021,6,3,89,3.0
12865,1988,2020,12,3,74,4.0
12866,1553,2020,2,2,58,5.0
12867,340,2022,10,3,7,5.0
12868,285,2024,10,1,41,4.0
12869,875,2019,12,3,33,1.0
12870,1103,2022,7,4,9,3.0
12871,1557,2023,8,1,112,2.0
12872,846,2023,1,4,54,4.0
12873,335,2024,11,5,77,3.0
12874,1983,2020,8,5,31,3.0
12875,1810,2019,9,1,89,4.0
12876,1309,2024,5,4,21,4.0
12877,1391,2023,1,1,102,3.0
12878,1871,2021,9,2,111,4.0
12879,950,2024,9,3,47,3.0
12880,291,2021,3,2,32,3.0
12881,1212,2023,10,2,118,2.0
12882,902,2024,1,5,34,4.0
12883,1600,2023,8,2,27,4.0
12884,1544,2022,2,3,52,5.0
12885,943,2020,10,4,145,2.0
12886,736,2024,6,2,70,4.0
12887,845,2021,4,5,40,2.0
12888,1266,2022,9,5,78,2.0
12889,1275,2022,10,2,53,2.0
12890,1024,2020,8,3,100,4.0
12891,1064,2022,9,1,66,4.0
12892,1984,2021,1,5,89,3.0
12893,508,2021,10,1,66,2.0
12894,348,2024,8,3,73,3.0
12895,1599,2023,2,3,68,4.0
12896,1871,2021,6,3,60,3.0
12897,1218,2019,8,3,145,3.0
12898,804,2023,10,1,40,4.0
12899,698,2023,7,4,121,3.0
12900,936,2019,4,4,107,3.0
12901,105,2023,4,3,80,3.0
12902,1058,2021,9,4,48,5.0
12903,540,2023,11,1,73,4.0
12904,531,2024,8,2,128,
12905,1121,2023,10,1,28,5.0
12906,1928,2024,8,2,88,3.0
12907,412,2019,6,2,115,3.0
12908,1823,2020,5,2,96,3.0
12909,1039,2019,6,3,22,4.0
12910,1946,2020,1,3,77,2.0
12911,765,2021,7,3,28,2.0
12912,1994,2019,3,4,140,4.0
12913,1320,2021,11,2,53,4.0
12914,1340,2019,0,3,64,3.0
12915,1127,2019,6,1,129,4.0
12916,904,2024,8,4,65,4.0
12917,1051,2023,1,3,30,4.0
12918,1702,2021,7,1,134,4.0
12919,1585,2022,11,2,98,3.0
12920,48,2020,7,2,91,3.0
12921,1390,2021,11,3,12,5.0
12922,1669,2023,1,1,68,4.0
12923,1489,2022,12,4,69,3.0
12924,995,2023,5,2,40,4.0
12925,672,2021,1,5,85,4.0
12926,1347,2021,8,2,37,3.0
12927,1328,2024,8,2,71,1.0
12928,749,2024,2,5,121,3.0
12929,813,2020,5,2,111,4.0
12930,738,2021,12,4,42,2.0
12931,90,2023,3,2,32,4.0
12932,64,2020,1,3,1,4.0
12933,167,2023,10,4,52,4.0
12934,848,2024,9,2,3,2.0
12935,1021,2020,6,1,20,4.0
12936,817,2019,4,2,147,4.0
12937,1911,2024,11,2,129,5.0
12938,450,2024,11,3,84,4.0
12939,786,2024,1,4,117,5.0
12940,495,2022,10,1,74,4.0
12941,600,2019,6,3,91,3.0
12942,1169,2024,4,4,138,4.0
12943,620,2020,5,4,12,3.0
12944,636,2020,6,5,53,5.0
12945,1342,2023,7,4,18,4.0
12946,1661,2021,12,1,120,3.0
12947,426,2024,1,2,124,2.0
12948,223,2024,8,4,109,3.0
12949,479,2023,1,2,92,3.0
12950,1156,2024,1,2,72,2.0
12951,1920,2022,4,4,4,3.0
12952,321,2024,10,3,117,4.0
12953,86,2024,5,2,135,4.0
12954,1057,2020,5,3,145,3.0
12955,1982,2021,11,2,52,2.0
12956,1106,2022,4,1,31,3.0
12957,1849,2024,10,5,99,5.0
12958,1285,2021,10,2,3,3.0
12959,64,2020,8,3,10,3.0
12960,855,2020,12,1,124,4.0
12961,1541,2023,12,1,144,5.0
12962,1019,2022,1,1,61,5.0
12963,390,2020,3,1,77,4.0
12964,362,2023,5,3,82,2.0
12965,1328,2022,8,1,21,
12966,927,2022,4,3,34,3.0
12967,1149,2022,8,3,45,3.0
12968,747,2020,11,2,127,3.0
12969,679,2020,1,2,66,4.0
12970,1333,2023,11,2,109,4.0
12971,16,2023,6,2,30,3.0
12972,870,2024,11,2,144,4.0
12973,742,2024,9,2,133,5.0
12974,1559,2021,1,2,72,4.0
12975,1457,2021,11,2,34,4.0
12976,852,2024,1,2,147,4.0
12977,526,2019,4,3,122,3.0
12978,472,2024,7,1,77,4.0
12979,423,2020,11,3,41,5.0
12980,548,2020,3,5,94,4.0
12981,1522,2021,7,4,56,3.0
12982,91,2023,2,2,102,4.0
12983,53,2021,5,3,125,3.0
12984,1080,2024,4,5,74,5.0
12985,447,2023,6,4,8,4.0
12986,1662,2023,9,3,85,4.0
12987,1505,2023,9,3,129,4.0
12988,1539,2019,9,4,34,4.0
12989,915,2023,1,2,144,2.0
12990,876,2022,10,3,55,3.0
12991,852,2020,8,2,103,4.0
12992,393,2023,1,3,106,3.0
12993,1135,2019,12,1,28,5.0
12994,1727,2022,10,4,6,3.0
12995,514,2022,9,2,143,2.0
12996,114,2019,6,3,106,4.0
12997,1130,2021,10,5,95,4.0
12998,799,2019,4,2,46,5.0
12999,1595,2024,9,2,17,3.0
13000,1714,2023,8,3,41,3.0
13001,1902,2024,8,3,83,3.0
13002,787,2021,10,2,105,5.0
13003,1804,2020,3,4,48,5.0
13004,236,2024,2,3,33,3.0
13005,746,2020,7,1,38,3.0
13006,532,2021,10,3,145,5.0
13007,1847,2019,4,2,95,4.0
13008,1201,2023,7,2,149,3.0
13009,732,2019,12,5,1,3.0
13010,305,2019,8,3,69,3.0
13011,1566,2023,1,1,69,4.0
13012,1310,2024,11,2,61,2.0
13013,1706,2024,12,3,59,
13014,877,2024,9,3,12,3.0
13015,300,2019,8,1,5,3.0
13016,669,2021,8,2,117,3.0
13017,1241,2023,8,4,67,5.0
13018,482,2020,5,1,25,4.0
13019,142,2023,8,2,53,5.0
13020,1647,2024,7,5,140,3.0
13021,1062,2024,10,3,71,2.0
13022,794,2023,11,2,149,4.0
13023,1106,2023,9,2,25,4.0
13024,1477,2022,12,3,19,3.0
13025,3,2019,6,3,85,2.0
13026,881,2021,10,2,103,4.0
13027,509,2024,5,4,148,1.0
13028,184,2024,10,1,70,4.0
13029,72,2020,4,2,31,4.0
13030,882,2023,9,3,82,
13031,1088,2020,1,4,47,3.0
13032,1016,2021,10,3,27,2.0
13033,1566,2022,4,2,14,2.0
13034,916,2021,3,2,109,3.0
13035,1180,2022,5,1,97,5.0
13036,1633,2019,6,1,25,5.0
13037,1315,2020,2,3,84,4.0
13038,1822,2023,7,3,133,3.0
13039,444,2022,2,4,123,3.0
13040,1574,2024,7,5,69,4.0
13041,1394,2024,5,3,9,4.0
13042,1166,2021,8,4,96,3.0
13043,8,2020,2,1,78,5.0
13044,1083,2020,12,4,139,4.0
13045,1717,2022,1,2,83,3.0
13046,1290,2020,11,3,111,4.0
13047,11,2021,5,1,80,4.0
13048,576,2020,10,3,82,4.0
13049,1139,2021,8,3,48,4.0
13050,1624,2024,10,2,61,5.0
13051,890,2021,7,4,45,
13052,1714,2023,10,5,70,2.0
13053,1592,2021,8,3,143,3.0
13054,535,2021,9,2,52,4.0
13055,390,2022,7,4,70,4.0
13056,1806,2019,0,2,142,4.0
13057,1179,2021,11,2,23,3.0
13058,1698,2019,11,2,38,5.0
13059,1845,2020,9,3,74,2.0
13060,849,2023,4,2,62,3.0
13061,92,2020,5,2,52,2.0
13062,1819,2020,9,2,117,5.0
13063,1168,2022,3,4,75,4.0
13064,241,2021,2,4,55,5.0
13065,1060,2019,5,4,72,4.0
13066,56,2024,7,2,133,3.0
13067,580,2024,11,4,148,3.0
13068,696,2022,4,3,37,3.0
13069,909,2022,3,2,7,5.0
13070,1131,2023,9,2,5,4.0
13071,1679,2024,11,2,67,2.0
13072,703,2019,11,3,95,4.0
13073,1471,2019,8,4,8,3.0
13074,1885,2020,1,3,77,3.0
13075,1498,2020,8,1,60,3.0
13076,510,2024,2,4,140,3.0
13077,1356,2022,10,4,91,1.0
13078,563,2023,12,3,64,4.0
13079,956,2023,8,3,88,4.0
13080,1270,2023,3,4,21,4.0
13081,587,2024,4,1,72,4.0
13082,8,2022,9,3,50,3.0
13083,1675,2023,10,5,28,2.0
13084,1456,2020,10,4,59,3.0
13085,247,2020,2,2,96,3.0
13086,755,2022,9,5,88,4.0
13087,524,2024,12,2,145,2.0
13088,1956,2019,1,3,42,3.0
13089,1884,2022,6,3,105,4.0
13090,1383,2020,9,1,83,3.0
13091,882,2024,7,1,132,3.0
13092,105,2022,12,3,137,3.0
13093,494,2019,9,2,107,4.0
13094,186,2019,5,3,64,4.0
13095,1579,2022,8,4,81,3.0
13096,177,2020,9,3,98,3.0
13097,1356,2019,10,4,121,3.0
13098,1906,2019,4,5,35,4.0
13099,616,2019,11,5,131,3.0
13100,1369,2021,12,2,121,2.0
13101,1759,2023,3,1,14,5.0
13102,856,2024,3,3,41,3.0
13103,898,2022,5,5,36,2.0
13104,401,2024,4,4,87,3.0
13105,856,2023,3,3,32,4.0
13106,1748,2019,3,4,46,4.0
13107,1327,2023,9,3,29,5.0
13108,404,2020,12,3,11,2.0
13109,1054,2024,2,2,69,3.0
13110,1414,2024,7,3,48,5.0
13111,155,2019,4,2,76,3.0
13112,1527,2020,3,2,32,4.0
13113,403,2021,7,2,43,3.0
13114,590,2023,2,3,134,3.0
13115,833,2022,1,3,121,2.0
13116,1010,2019,11,4,40,4.0
13117,1833,2022,6,5,25,5.0
13118,446,2022,1,2,147,4.0
13119,512,2024,11,2,103,4.0
13120,758,2020,8,2,74,4.0
13121,1715,2019,9,2,105,5.0
13122,1931,2023,8,4,34,5.0
13123,909,2023,6,3,65,1.0
13124,1387,2022,10,1,59,3.0
13125,1835,2023,5,3,109,3.0
13126,1694,2020,9,4,28,4.0
13127,1363,2019,11,1,74,3.0
13128,1082,2021,11,5,126,4.0
13129,1969,2024,7,2,30,4.0
13130,479,2022,1,2,18,2.0
13131,726,2022,1,2,124,1.0
13132,1426,2024,6,1,132,4.0
13133,42,2020,8,1,65,3.0
13134,1002,2021,1,2,7,5.0
13135,1709,2023,5,1,82,4.0
13136,354,2019,5,3,45,1.0
13137,1607,2021,6,1,89,3.0
13138,825,2022,7,1,21,4.0
13139,1722,2020,4,3,121,3.0
13140,1270,2020,8,3,103,3.0
13141,315,2021,6,3,97,3.0
13142,1471,2024,12,3,77,4.0
13143,113,2021,4,4,34,4.0
13144,487,2024,12,1,141,
13145,1777,2023,12,4,40,3.0
13146,1752,2019,4,3,55,3.0
13147,93,2024,5,5,139,3.0
13148,760,2022,9,2,7,4.0
13149,189,2022,6,5,19,4.0
13150,543,2023,9,4,115,4.0
13151,1935,2019,4,2,56,3.0
13152,391,2020,12,3,87,5.0
13153,1283,2023,9,2,88,3.0
13154,1609,2022,2,1,125,4.0
13155,1762,2021,3,2,94,2.0
13156,709,2021,8,3,64,3.0
13157,1394,2022,4,3,83,5.0
13158,967,2021,5,2,111,3.0
13159,215,2021,8,2,57,4.0
13160,446,2022,5,2,26,4.0
13161,1497,2020,11,2,73,2.0
13162,1373,2022,8,3,150,4.0
13163,1043,2023,6,2,17,3.0
13164,1563,2023,4,4,27,5.0
13165,1383,2022,4,4,150,4.0
13166,679,2021,1,5,125,4.0
13167,588,2022,2,2,18,2.0
13168,1891,2023,10,2,32,4.0
13169,1944,2020,10,1,104,3.0
13170,62,2021,2,2,118,2.0
13171,1582,2023,7,5,111,3.0
13172,266,2022,4,3,130,4.0
13173,1723,2021,9,5,77,4.0
13174,1178,2020,8,5,132,4.0
13175,1376,2024,10,2,90,3.0
13176,1403,2022,8,3,72,5.0
13177,1210,2022,3,2,96,5.0
13178,502,2021,8,4,65,2.0
13179,1615,2023,11,3,91,4.0
13180,1109,2020,12,1,126,5.0
13181,1091,2024,9,5,144,4.0
13182,637,2019,5,4,87,4.0
13183,21,2019,7,5,1,2.0
13184,1109,2022,2,2,94,3.0
13185,691,2024,8,4,38,3.0
13186,1319,2019,2,3,36,4.0
13187,730,2023,4,1,133,5.0
13188,1946,2021,7,2,67,4.0
13189,1362,2019,6,2,119,2.0
13190,912,2021,5,2,56,2.0
13191,1417,2022,8,3,92,4.0
13192,1297,2022,11,4,100,4.0
13193,1242,2024,12,5,134,2.0
13194,1157,2024,7,2,30,4.0
13195,1864,2019,7,3,85,4.0
13196,636,2024,6,1,61,1.0
13197,865,2019,11,2,70,2.0
13198,507,2024,11,4,128,5.0
13199,1140,2023,1,5,21,4.0
13200,1976,2024,10,5,82,5.0
13201,1217,2019,1,3,59,4.0
13202,414,2019,9,4,135,5.0
13203,1844,2024,5,2,33,3.0
13204,1581,2020,7,4,35,3.0
13205,881,2021,10,2,14,2.0
13206,294,2020,3,1,66,4.0
13207,806,2019,2,5,2,3.0
13208,1609,2019,7,2,76,3.0
13209,1155,2019,11,4,34,2.0
13210,372,2024,2,1,61,4.0
13211,318,2019,5,4,91,4.0
13212,1935,2024,7,5,103,3.0
13213,895,2020,3,1,10,3.0
13214,1372,2022,11,2,23,5.0
13215,722,2020,8,4,48,2.0
13216,181,2024,7,1,78,5.0
13217,824,2019,2,2,133,3.0
13218,1387,2023,1,2,21,4.0
13219,667,2024,2,1,11,3.0
13220,1208,2021,1,1,95,5.0
13221,877,2021,7,2,147,2.0
13222,676,2019,11,2,125,4.0
13223,511,2024,10,5,85,3.0
13224,522,2024,3,1,3,4.0
13225,512,2021,3,1,87,3.0
13226,1438,2023,7,4,69,2.0
13227,675,2023,10,4,68,4.0
13228,1483,2021,10,3,74,3.0
13229,623,2019,7,2,85,5.0
13230,655,2019,4,2,109,4.0
13231,1849,2024,6,5,29,2.0
13232,1753,2023,9,4,12,5.0
13233,802,2019,11,2,8,3.0
13234,538,2023,1,3,61,4.0
13235,1432,2024,10,4,77,3.0
13236,140,2022,9,4,118,3.0
13237,913,2021,3,1,66,4.0
13238,1200,2024,1,5,80,4.0
13239,1352,2024,4,4,147,2.0
13240,215,2021,4,3,113,4.0
13241,6,2021,2,3,104,3.0
13242,554,2024,4,3,55,4.0
13243,239,2024,3,4,23,2.0
13244,1015,2022,11,3,139,4.0
13245,1840,2022,2,4,84,4.0
13246,573,2023,7,4,12,3.0
13247,908,2020,4,4,73,
13248,430,2024,11,1,14,4.0
13249,88,2020,6,3,148,4.0
13250,1407,2023,7,2,80,2.0
13251,513,2023,5,1,118,2.0
13252,1094,2020,10,3,71,3.0
13253,1367,2023,9,3,3,3.0
13254,1680,2024,7,1,96,5.0
13255,372,2021,5,3,98,4.0
13256,1163,2022,6,2,35,4.0
13257,1822,2022,4,5,108,3.0
13258,967,2019,8,3,34,3.0
13259,82,2022,4,1,104,3.0
13260,523,2023,4,4,113,3.0
13261,1590,2022,6,1,21,4.0
13262,1585,2021,12,1,44,3.0
13263,629,2022,6,2,25,4.0
13264,394,2022,11,2,110,4.0
13265,584,2024,7,4,36,3.0
13266,485,2021,1,5,97,3.0
13267,1482,2020,8,4,63,3.0
13268,1684,2019,12,2,13,5.0
13269,94,2024,11,2,133,5.0
13270,1483,2020,3,2,107,5.0
13271,1505,2021,4,1,40,2.0
13272,1226,2023,9,5,132,4.0
13273,1743,2020,6,2,107,3.0
13274,78,2020,10,2,123,3.0
13275,1400,2022,7,4,27,2.0
13276,255,2022,3,3,2,5.0
13277,1795,2020,4,5,10,2.0
13278,1000,2022,2,5,81,4.0
13279,182,2023,4,3,119,3.0
13280,1493,2020,10,5,138,2.0
13281,1499,2021,3,5,145,2.0
13282,929,2020,6,4,90,4.0
13283,621,2024,3,5,95,3.0
13284,35,2021,6,3,44,4.0
13285,1816,2024,12,1,1,2.0
13286,369,2024,10,4,30,1.0
13287,1686,2020,10,2,9,2.0
13288,1178,2024,4,5,103,4.0
13289,1371,2019,4,3,76,5.0
13290,1389,2021,2,3,116,3.0
13291,1717,2019,12,4,23,4.0
13292,67,2019,12,2,137,4.0
13293,1983,2022,5,1,108,5.0
13294,87,2022,9,4,136,4.0
13295,1999,2022,3,2,98,2.0
13296,523,2021,8,4,51,4.0
13297,1692,2023,2,5,94,5.0
13298,168,2021,4,2,91,4.0
13299,922,2022,5,3,28,4.0
13300,1084,2021,12,1,16,4.0
13301,1909,2020,6,4,98,4.0
13302,248,2022,3,3,15,2.0
13303,73,2023,1,2,16,2.0
13304,1297,2020,3,4,11,4.0
13305,99,2021,3,3,94,5.0
13306,1555,2024,4,4,140,5.0
13307,77,2020,2,3,75,4.0
13308,1942,2021,9,5,23,3.0
13309,1066,2020,5,3,77,4.0
13310,1897,2021,3,3,73,5.0
13311,254,2021,7,1,90,3.0
13312,547,2024,4,4,65,4.0
13313,910,2019,9,3,80,4.0
13314,59,2021,7,4,49,4.0
13315,206,2024,12,4,136,3.0
13316,659,2019,8,4,81,4.0
13317,1475,2022,5,3,47,3.0
13318,1417,2019,2,4,1,4.0
13319,174,2022,2,4,102,1.0
13320,120,2023,8,4,58,2.0
13321,1313,2022,1,5,38,3.0
13322,720,2022,5,1,72,5.0
13323,1585,2023,1,3,73,4.0
13324,597,2022,5,1,121,3.0
13325,726,2022,11,4,82,4.0
13326,439,2019,1,3,106,3.0
13327,534,2019,12,4,98,2.0
13328,1413,2019,12,1,128,4.0
13329,943,2022,11,3,1,4.0
13330,1319,2021,9,1,57,4.0
13331,158,2021,3,2,108,3.0
13332,1071,2021,2,3,22,5.0
13333,918,2024,12,3,67,4.0
13334,1822,2021,5,3,61,5.0
13335,847,2021,6,4,121,2.0
13336,207,2022,1,2,145,3.0
13337,1395,2023,1,3,16,5.0
13338,300,2023,7,2,33,3.0
13339,1819,2024,5,2,117,1.0
13340,767,2022,9,4,27,3.0
13341,1570,2024,11,5,75,4.0
13342,1312,2022,1,2,142,5.0
13343,930,2022,12,2,147,3.0
13344,1169,2022,12,4,143,4.0
13345,366,2021,7,5,21,4.0
13346,149,2020,5,3,23,3.0
13347,1533,2021,2,4,27,5.0
13348,1917,2022,3,1,116,4.0
13349,1724,2022,9,2,27,4.0
13350,611,2019,2,1,65,3.0
13351,717,2023,12,3,123,2.0
13352,718,2023,2,3,74,4.0
13353,1406,2022,10,3,142,3.0
13354,1248,2021,11,2,75,
13355,1593,2022,4,1,57,4.0
13356,1891,2022,6,3,146,4.0
13357,785,2021,7,3,83,4.0
13358,1326,2024,10,3,28,2.0
13359,1001,2019,1,3,96,4.0
13360,1910,2021,3,3,116,4.0
13361,709,2021,2,4,126,5.0
13362,376,2019,4,4,1,3.0
13363,758,2019,9,2,17,3.0
13364,1238,2024,5,4,95,3.0
13365,1907,2023,6,3,112,3.0
13366,1658,2021,6,3,98,4.0
13367,37,2020,1,4,58,4.0
13368,1019,2021,2,5,114,5.0
13369,319,2023,3,1,87,4.0
13370,725,2020,1,2,139,2.0
13371,1888,2019,10,4,56,4.0
13372,1970,2021,12,3,114,1.0
13373,308,2022,6,4,22,4.0
13374,282,2022,8,2,110,3.0
13375,1393,2020,1,5,110,4.0
13376,822,2024,1,2,39,4.0
13377,866,2022,8,5,10,3.0
13378,1747,2023,10,4,149,3.0
13379,1842,2024,12,5,12,4.0
13380,1801,2022,5,2,71,4.0
13381,1566,2022,6,2,1,4.0
13382,1961,2023,10,2,63,3.0
13383,1440,2023,2,4,124,3.0
13384,1770,2024,12,2,76,3.0
13385,1081,2023,4,3,36,3.0
13386,102,2019,1,2,60,2.0
13387,1633,2021,10,4,14,3.0
13388,1860,2022,12,4,90,5.0
13389,625,2021,6,1,1,5.0
13390,857,2019,2,3,53,4.0
13391,1145,2020,2,2,10,5.0
13392,1304,2020,4,5,36,4.0
13393,1350,2019,7,4,11,3.0
13394,789,2023,8,2,140,1.0
13395,1709,2021,9,2,116,5.0
13396,1628,2023,9,3,140,3.0
13397,1885,2024,3,4,103,3.0
13398,1152,2024,3,5,75,5.0
13399,155,2024,12,3,27,4.0
13400,1692,2021,2,3,145,5.0
13401,159,2020,7,2,138,3.0
13402,388,2019,4,2,63,5.0
13403,571,2022,9,5,34,4.0
13404,370,2019,4,5,59,4.0
13405,1448,2020,2,3,60,3.0
13406,881,2020,4,2,138,3.0
13407,439,2020,2,3,11,4.0
13408,10,2021,3,3,95,4.0
13409,433,2020,6,4,116,4.0
13410,1386,2022,12,3,115,2.0
13411,1589,2024,3,3,29,2.0
13412,593,2022,10,2,62,3.0
13413,147,2023,7,3,52,3.0
13414,1115,2019,12,3,62,4.0
13415,1566,2019,7,3,14,4.0
13416,141,2020,2,3,13,5.0
13417,1592,2024,5,4,4,5.0
13418,342,2020,1,2,146,3.0
13419,516,2024,3,2,63,3.0
13420,1246,2023,7,1,35,4.0
13421,103,2023,11,4,120,3.0
13422,612,2020,8,2,75,4.0
13423,278,2019,5,3,55,5.0
13424,430,2020,8,1,18,3.0
13425,1547,2024,3,5,58,4.0
13426,458,2021,2,3,98,2.0
13427,87,2021,9,1,94,4.0
13428,430,2020,11,3,59,3.0
13429,174,2021,8,2,92,4.0
13430,1246,2021,6,4,116,4.0
13431,1946,2023,6,4,140,3.0
13432,336,2023,5,4,80,3.0
13433,1458,2021,12,2,35,3.0
13434,726,2021,7,5,20,4.0
13435,144,2021,11,2,24,4.0
13436,1376,2020,1,3,2,5.0
13437,420,2019,5,3,84,3.0
13438,1028,2020,3,3,32,2.0
13439,1015,2019,2,2,34,4.0
13440,1195,2019,12,2,109,2.0
13441,270,2020,1,4,48,5.0
13442,502,2024,7,3,125,4.0
13443,1475,2020,3,5,21,3.0
13444,1866,2023,1,3,52,2.0
13445,24,2019,12,1,8,3.0
13446,828,2021,4,1,81,4.0
13447,1763,2022,5,4,19,3.0
13448,574,2022,3,2,37,4.0
13449,896,2023,9,2,111,5.0
13450,1809,2020,12,3,133,3.0
13451,1938,2023,5,4,82,4.0
13452,1311,2021,10,3,145,4.0
13453,1389,2021,5,2,114,4.0
13454,1228,2020,7,4,113,4.0
13455,568,2024,10,5,149,3.0
13456,1774,2023,12,4,14,5.0
13457,69,2021,8,2,35,3.0
13458,118,2023,5,4,66,3.0
13459,1204,2024,6,3,93,5.0
13460,1676,2020,11,1,149,3.0
13461,1629,2020,5,3,15,3.0
13462,1356,2023,6,5,35,2.0
13463,753,2020,10,3,45,3.0
13464,720,2019,11,1,101,5.0
13465,852,2022,6,2,143,3.0
13466,513,2020,11,3,141,5.0
13467,839,2022,11,4,113,3.0
13468,210,2019,6,2,116,2.0
13469,640,2021,4,2,63,3.0
13470,1883,2020,3,5,92,4.0
13471,1414,2022,2,4,26,2.0
13472,284,2020,3,5,77,5.0
13473,573,2020,1,2,44,4.0
13474,519,2024,4,5,140,3.0
13475,564,2024,12,2,56,3.0
13476,1383,2020,3,3,60,3.0
13477,1791,2022,5,3,61,5.0
13478,1421,2021,5,5,136,2.0
13479,977,2020,7,2,140,4.0
13480,322,2019,7,5,65,5.0
13481,286,2024,7,5,150,2.0
13482,1629,2019,2,5,114,3.0
13483,1356,2021,4,2,127,2.0
13484,1021,2020,11,2,138,2.0
13485,1155,2023,12,2,50,3.0
13486,1697,2019,1,3,83,4.0
13487,1628,2022,8,2,43,3.0
13488,175,2021,2,3,47,2.0
13489,791,2022,7,4,70,2.0
13490,86,2020,1,5,8,4.0
13491,770,2019,10,3,33,4.0
13492,1274,2020,12,3,122,3.0
13493,417,2022,2,3,25,3.0
13494,301,2022,5,5,94,5.0
13495,982,2024,3,1,115,3.0
13496,1050,2024,3,2,40,3.0
13497,1429,2023,10,2,69,4.0
13498,29,2019,2,4,132,3.0
13499,496,2023,2,2,126,3.0
13500,1560,2023,5,5,139,
13501,1364,2023,4,5,95,3.0
13502,1800,2022,12,4,134,3.0
13503,1630,2023,5,3,60,5.0
13504,1678,2022,7,5,91,5.0
13505,1022,2022,2,2,101,2.0
13506,1917,2023,5,2,147,3.0
13507,832,2019,3,3,56,5.0
13508,1807,2022,5,3,132,2.0
13509,784,2019,4,1,77,
13510,889,2024,2,3,16,5.0
13511,1372,2024,7,5,99,3.0
13512,797,2019,7,1,148,3.0
13513,295,2024,7,1,69,2.0
13514,1793,2021,6,5,83,5.0
13515,906,2023,7,4,140,2.0
13516,1854,2022,9,1,139,3.0
13517,799,2019,4,3,61,2.0
13518,1946,2024,3,2,115,3.0
13519,1206,2022,9,2,95,5.0
13520,1537,2021,2,1,98,4.0
13521,1512,2022,5,2,109,4.0
13522,404,2024,7,3,50,3.0
13523,1631,2022,8,2,46,4.0
13524,1890,2022,9,2,5,5.0
13525,1323,2024,6,2,129,5.0
13526,1895,2023,6,1,42,3.0
13527,1693,2019,1,3,102,4.0
13528,1333,2023,10,4,103,4.0
13529,955,2024,3,5,106,4.0
13530,1715,2023,11,2,130,2.0
13531,371,2019,8,2,131,4.0
13532,1123,2022,11,4,1,4.0
13533,1632,2019,11,2,127,3.0
13534,1889,2023,5,3,32,4.0
13535,535,2024,5,4,97,2.0
13536,188,2019,11,3,101,5.0
13537,667,2019,11,2,9,2.0
13538,1728,2024,9,3,43,4.0
13539,1048,2023,12,3,137,4.0
13540,112,2023,8,1,22,5.0
13541,239,2020,1,2,35,5.0
13542,679,2022,7,3,13,3.0
13543,686,2023,5,1,26,4.0
13544,271,2019,1,2,96,4.0
13545,989,2020,7,3,127,3.0
13546,959,2020,7,3,90,4.0
13547,399,2022,9,1,43,3.0
13548,465,2020,10,4,129,4.0
13549,1329,2021,4,1,56,3.0
13550,1905,2020,12,4,48,4.0
13551,1993,2019,6,5,76,4.0
13552,1119,2023,6,2,21,3.0
13553,77,2022,3,1,54,4.0
13554,1796,2024,12,1,120,5.0
13555,1902,2022,5,4,92,2.0
13556,557,2023,3,5,149,4.0
13557,801,2021,11,3,117,4.0
13558,52,2021,12,5,55,4.0
13559,1603,2021,3,4,116,4.0
13560,1552,2024,8,3,130,5.0
13561,42,2021,11,5,95,4.0
13562,1405,2024,8,3,115,2.0
13563,824,2020,6,3,76,3.0
13564,1091,2023,7,4,137,5.0
13565,437,2020,2,4,36,3.0
13566,1631,2021,12,2,64,4.0
13567,809,2024,7,3,39,4.0
13568,1681,2023,1,2,16,4.0
13569,297,2021,5,1,93,5.0
13570,1176,2021,5,2,18,3.0
13571,621,2023,12,3,34,4.0
13572,1932,2019,11,2,115,5.0
13573,1114,2024,4,2,37,5.0
13574,1440,2022,3,1,130,5.0
13575,173,2020,1,4,8,4.0
13576,1354,2023,7,3,69,3.0
13577,203,2024,6,1,11,3.0
13578,723,2021,7,3,9,3.0
13579,445,2021,4,3,119,4.0
13580,5,2024,10,3,11,3.0
13581,1173,2021,7,4,134,4.0
13582,482,2024,12,3,90,4.0
13583,1026,2024,3,2,73,2.0
13584,1528,2022,4,4,138,4.0
13585,357,2019,8,2,59,3.0
13586,1420,2019,9,5,60,5.0
13587,595,2020,4,5,62,3.0
13588,663,2019,7,2,98,5.0
13589,1154,2023,7,4,128,3.0
13590,1252,2022,8,5,82,4.0
13591,1311,2021,8,5,43,3.0
13592,391,2023,3,1,134,2.0
13593,1160,2019,2,2,90,4.0
13594,528,2022,4,3,125,4.0
13595,554,2021,2,3,65,4.0
13596,1895,2019,7,2,30,5.0
13597,202,2021,7,1,142,3.0
13598,827,2019,1,3,102,2.0
13599,879,2019,10,2,47,2.0
13600,490,2020,9,3,128,4.0
13601,1571,2020,6,2,2,5.0
13602,975,2022,2,3,140,4.0
13603,1439,2023,2,3,87,3.0
13604,775,2021,12,2,89,5.0
13605,1794,2022,3,2,3,3.0
13606,1460,2019,11,2,27,3.0
13607,667,2023,8,2,109,4.0
13608,1925,2022,8,1,84,4.0
13609,1731,2021,11,3,20,4.0
13610,1184,2024,11,3,100,5.0
13611,33,2020,4,2,112,3.0
13612,1183,2021,12,5,41,4.0
13613,1382,2024,2,4,104,3.0
13614,730,2019,10,5,146,3.0
13615,288,2022,5,3,73,3.0
13616,1130,2022,8,3,35,4.0
13617,1604,2023,11,3,145,3.0
13618,639,2024,6,3,137,3.0
13619,913,2021,1,3,69,3.0
13620,3,2019,10,3,64,4.0
13621,1408,2021,2,1,126,3.0
13622,1733,2019,9,4,1,4.0
13623,1553,2023,6,2,47,2.0
13624,859,2022,6,3,82,4.0
13625,91,2023,4,2,99,4.0
13626,985,2021,7,3,95,4.0
13627,1881,2024,3,3,56,4.0
13628,168,2024,3,3,131,5.0
13629,428,2024,6,1,98,2.0
13630,1675,2023,10,2,82,3.0
13631,1137,2020,7,2,141,3.0
13632,341,2019,11,3,15,4.0
13633,49,2024,4,2,107,4.0
13634,822,2024,1,2,140,3.0
13635,1190,2024,4,1,100,4.0
13636,1681,2022,2,4,85,4.0
13637,1768,2024,7,1,55,4.0
13638,916,2021,12,2,41,3.0
13639,845,2019,6,3,82,4.0
13640,1863,2020,3,3,135,3.0
13641,1554,2024,8,1,70,4.0
13642,419,2022,9,4,19,4.0
13643,1363,2024,11,2,73,4.0
13644,1431,2024,6,3,15,2.0
13645,468,2023,6,2,141,4.0
13646,1956,2019,7,3,81,3.0
13647,594,2020,3,3,33,3.0
13648,1100,2021,2,5,94,3.0
13649,988,2019,10,2,81,4.0
13650,1385,2024,2,2,77,3.0
13651,1804,2020,9,2,89,3.0
13652,787,2021,7,3,140,3.0
13653,770,2023,6,1,129,3.0
13654,1503,2019,5,5,40,3.0
13655,1905,2022,12,2,36,4.0
13656,1818,2019,10,5,149,3.0
13657,1506,2024,2,3,97,4.0
13658,1407,2023,12,3,3,3.0
13659,1538,2021,2,3,80,4.0
13660,1872,2023,10,1,18,4.0
13661,22,2020,6,3,5,3.0
13662,1178,2019,5,2,28,3.0
13663,69,2019,7,2,39,4.0
13664,1155,2020,6,3,12,3.0
13665,790,2023,2,2,126,2.0
13666,610,2022,2,3,66,4.0
13667,1782,2020,9,2,83,3.0
13668,1420,2023,9,5,130,2.0
13669,1135,2021,5,5,126,4.0
13670,1764,2019,6,1,124,4.0
13671,196,2023,5,4,30,3.0
13672,1293,2021,11,2,112,3.0
13673,313,2022,1,3,150,4.0
13674,467,2022,8,4,2,3.0
13675,371,2019,4,2,131,3.0
13676,1089,2019,3,4,130,5.0
13677,1259,2019,2,2,127,4.0
13678,1512,2020,5,4,60,4.0
13679,882,2020,2,3,30,2.0
13680,1879,2024,9,2,110,4.0
13681,748,2023,4,1,94,3.0
13682,314,2024,11,3,110,4.0
13683,74,2021,2,3,39,2.0
13684,255,2020,5,3,27,5.0
13685,891,2021,5,3,136,2.0
13686,826,2024,9,3,78,4.0
13687,1709,2021,4,3,128,5.0
13688,252,2022,3,1,139,4.0
13689,525,2019,5,2,69,4.0
13690,1961,2024,11,2,40,4.0
13691,58,2022,10,4,135,3.0
13692,849,2024,7,3,108,5.0
13693,397,2020,12,1,100,5.0
13694,1068,2022,10,4,144,3.0
13695,1948,2020,10,2,37,1.0
13696,455,2021,5,1,55,5.0
13697,741,2020,6,3,6,2.0
13698,899,2019,12,5,59,4.0
13699,1597,2021,12,4,67,3.0
13700,1970,2022,9,3,68,4.0
13701,194,2019,2,4,23,3.0
13702,978,2021,2,3,122,4.0
13703,1506,2019,6,4,74,2.0
13704,18,2022,7,4,66,4.0
13705,1613,2020,8,2,130,4.0
13706,486,2019,4,3,73,4.0
13707,1037,2022,10,2,134,3.0
13708,1957,2024,11,3,34,4.0
13709,1271,2024,3,1,128,3.0
13710,1979,2024,10,3,149,4.0
13711,1207,2020,2,5,113,4.0
13712,421,2020,6,3,134,4.0
13713,1386,2024,11,1,112,2.0
13714,1231,2022,4,1,91,3.0
13715,622,2022,9,5,115,3.0
13716,154,2023,11,4,145,5.0
13717,1297,2019,6,4,91,5.0
13718,1155,2022,11,2,104,2.0
13719,1548,2022,8,3,12,3.0
13720,252,2024,7,3,144,1.0
13721,1078,2021,2,4,117,5.0
13722,1638,2022,9,3,25,4.0
13723,1783,2023,4,2,44,4.0
13724,1880,2020,4,3,34,4.0
13725,424,2019,12,3,48,4.0
13726,346,2021,5,1,133,5.0
13727,1153,2022,5,3,70,2.0
13728,926,2021,12,2,63,3.0
13729,469,2023,4,4,117,3.0
13730,205,2020,9,2,56,4.0
13731,288,2019,7,3,133,4.0
13732,679,2023,1,3,114,3.0
13733,1479,2024,7,4,39,3.0
13734,131,2022,6,5,95,3.0
13735,211,2020,9,1,73,4.0
13736,530,2021,5,1,52,4.0
13737,1748,2021,3,4,136,4.0
13738,1981,2021,3,3,60,3.0
13739,881,2020,7,3,18,3.0
13740,90,2021,12,3,62,3.0
13741,24,2020,6,4,78,4.0
13742,1718,2021,2,4,19,3.0
13743,890,2021,10,3,112,3.0
13744,155,2022,4,2,35,4.0
13745,1667,2023,6,5,14,5.0
13746,1058,2020,11,3,81,3.0
13747,700,2019,2,2,25,4.0
13748,905,2023,2,5,118,3.0
13749,451,2020,3,4,11,3.0
13750,1864,2024,5,3,63,4.0
13751,1576,2022,11,4,8,4.0
13752,399,2022,8,2,58,3.0
13753,1470,2021,10,3,140,4.0
13754,360,2023,5,2,98,4.0
13755,907,2022,5,4,81,4.0
13756,1498,2024,5,1,24,5.0
13757,73,2019,2,2,47,3.0
13758,1452,2020,7,2,58,4.0
13759,452,2020,4,3,87,4.0
13760,1399,2020,12,1,32,4.0
13761,999,2024,9,3,150,4.0
13762,53,2019,11,4,98,3.0
13763,1524,2019,3,1,47,4.0
13764,520,2021,2,4,17,3.0
13765,1905,2020,6,4,90,3.0
13766,1680,2020,7,1,68,3.0
13767,386,2022,7,1,102,3.0
13768,1202,2022,8,3,90,1.0
13769,725,2024,10,2,97,3.0
13770,1205,2021,4,3,126,4.0
13771,1115,2024,4,3,79,4.0
13772,592,2020,4,3,109,3.0
13773,1303,2020,5,4,54,3.0
13774,521,2021,8,4,142,3.0
13775,1815,2019,10,3,62,4.0
13776,1894,2019,5,1,102,4.0
13777,332,2021,6,1,150,4.0
13778,1456,2022,11,3,53,4.0
13779,1859,2020,5,4,16,4.0
13780,254,2020,2,4,35,3.0
13781,1480,2019,5,3,37,5.0
13782,1876,2019,1,3,9,2.0
13783,451,2024,5,5,82,5.0
13784,1165,2019,11,2,42,4.0
13785,1596,2023,10,2,15,5.0
13786,667,2023,11,5,21,4.0
13787,476,2020,4,5,42,3.0
13788,795,2020,6,1,56,3.0
13789,671,2021,11,3,147,3.0
13790,1451,2022,10,4,106,3.0
13791,742,2019,3,2,108,3.0
13792,753,2023,11,1,104,3.0
13793,1890,2021,2,1,121,3.0
13794,1158,2021,4,3,48,5.0
13795,1859,2024,7,2,15,3.0
13796,1421,2019,8,2,77,4.0
13797,1771,2024,10,1,1,4.0
13798,391,2022,9,4,33,4.0
13799,1877,2021,4,4,113,3.0
13800,1889,2019,5,4,76,4.0
13801,82,2019,9,1,104,4.0
13802,713,2023,12,5,77,5.0
13803,827,2021,11,5,82,3.0
13804,839,2023,12,2,46,3.0
13805,1557,2023,9,5,33,3.0
13806,1398,2021,6,3,39,4.0
13807,426,2020,10,1,120,4.0
13808,1218,2020,1,3,147,3.0
13809,1950,2022,12,3,13,4.0
13810,881,2023,12,4,81,3.0
13811,1857,2021,7,2,71,3.0
13812,1300,2022,7,4,85,4.0
13813,1850,2022,7,4,35,5.0
13814,1806,2019,2,1,2,4.0
13815,34,2022,3,3,31,4.0
13816,1601,2023,9,3,28,4.0
13817,379,2024,1,2,8,5.0
13818,1649,2021,9,3,54,5.0
13819,1617,2020,4,4,103,2.0
13820,517,2024,2,3,145,4.0
13821,133,2024,8,3,99,4.0
13822,839,2023,4,1,27,4.0
13823,606,2021,6,3,55,2.0
13824,1108,2020,11,4,46,3.0
13825,165,2022,9,5,32,3.0
13826,89,2020,12,4,149,2.0
13827,875,2023,5,1,99,4.0
13828,1540,2021,5,5,73,4.0
13829,630,2020,9,4,66,5.0
13830,647,2023,2,1,48,4.0
13831,329,2021,11,4,63,4.0
13832,566,2019,5,2,96,4.0
13833,598,2023,6,3,140,4.0
13834,519,2020,7,2,75,4.0
13835,688,2022,1,4,28,3.0
13836,567,2022,4,2,144,1.0
13837,1362,2019,2,4,48,5.0
13838,677,2019,8,1,13,5.0
13839,1510,2023,9,1,82,4.0
13840,1210,2019,1,1,119,3.0
13841,1281,2020,1,2,39,3.0
13842,1168,2023,10,3,42,3.0
13843,1846,2020,5,3,44,2.0
13844,512,2022,11,3,122,3.0
13845,1965,2019,8,4,144,4.0
13846,413,2022,10,3,128,4.0
13847,277,2023,5,3,34,3.0
13848,1653,2020,4,3,128,3.0
13849,1792,2020,9,5,47,3.0
13850,186,2022,8,2,131,3.0
13851,1200,2023,7,2,149,2.0
13852,1026,2022,5,3,108,4.0
13853,441,2023,8,3,144,5.0
13854,1042,2021,5,1,22,3.0
13855,1372,2019,11,4,99,5.0
13856,1149,2024,9,2,8,3.0
13857,1040,2023,5,3,98,3.0
13858,1772,2019,11,2,52,4.0
13859,452,2020,1,4,146,3.0
13860,1248,2021,10,2,75,2.0
13861,634,2019,5,2,115,3.0
13862,1948,2024,3,1,46,4.0
13863,504,2020,10,2,12,4.0
13864,1743,2020,8,2,112,3.0
13865,1265,2020,1,1,34,4.0
13866,430,2024,4,3,109,3.0
13867,1518,2020,6,3,70,4.0
13868,483,2021,8,3,146,3.0
13869,525,2023,10,1,53,5.0
13870,690,2019,5,2,61,4.0
13871,1364,2019,10,5,112,3.0
13872,784,2019,10,2,118,5.0
13873,1139,2020,5,4,19,4.0
13874,1106,2020,12,1,112,4.0
13875,394,2024,12,1,74,3.0
13876,466,2024,4,5,149,3.0
13877,614,2022,7,3,95,4.0
13878,445,2024,11,3,117,3.0
13879,1838,2019,7,3,52,1.0
13880,763,2022,9,4,43,3.0
13881,810,2021,10,5,118,3.0
13882,1345,2019,7,1,3,2.0
13883,1577,2022,5,2,88,4.0
13884,1377,2021,7,4,146,4.0
13885,1103,2023,10,1,149,3.0
13886,1953,2021,4,2,108,4.0
13887,1800,2021,11,1,75,4.0
13888,405,2020,3,3,122,3.0
13889,321,2021,6,3,3,1.0
13890,786,2019,2,2,119,4.0
13891,1671,2022,11,1,29,3.0
13892,1930,2021,9,3,111,4.0
13893,1406,2020,2,3,53,4.0
13894,1381,2021,3,4,113,2.0
13895,468,2024,7,4,91,3.0
13896,1185,2023,6,1,140,4.0
13897,369,2024,2,3,119,3.0
13898,1080,2021,11,4,138,2.0
13899,388,2021,6,3,23,4.0
13900,152,2019,9,4,57,4.0
13901,1935,2023,10,5,66,3.0
13902,1787,2019,3,2,5,5.0
13903,1371,2024,5,1,4,4.0
13904,1252,2023,9,1,6,4.0
13905,480,2021,10,1,116,3.0
13906,1144,2022,3,3,67,4.0
13907,1497,2024,4,1,113,4.0
13908,1080,2019,10,5,126,2.0
13909,564,2023,5,3,6,3.0
13910,784,2024,1,5,128,3.0
13911,1682,2022,6,3,34,4.0
13912,510,2022,2,2,61,3.0
13913,1923,2022,8,2,145,4.0
13914,1511,2019,12,4,46,4.0
13915,1781,2024,2,1,141,4.0
13916,1020,2020,4,4,76,3.0
13917,448,2021,7,1,3,4.0
13918,68,2024,2,3,125,5.0
13919,1070,2019,7,2,7,3.0
13920,799,2021,3,3,96,4.0
13921,228,2022,8,4,69,3.0
13922,1858,2020,5,1,21,3.0
13923,1941,2023,12,5,78,2.0
13924,748,2022,11,3,55,5.0
13925,1337,2020,12,2,15,4.0
13926,827,2020,2,5,84,4.0
13927,994,2020,12,4,7,4.0
13928,1248,2023,1,2,81,3.0
13929,833,2022,3,1,34,5.0
13930,1604,2023,11,5,125,4.0
13931,379,2023,11,3,143,3.0
13932,1337,2023,4,3,140,2.0
13933,1967,2024,11,1,141,2.0
13934,1701,2022,1,3,16,5.0
13935,92,2021,5,2,77,5.0
13936,228,2023,1,2,34,3.0
13937,1258,2024,7,2,15,2.0
13938,1850,2020,11,1,59,5.0
13939,1689,2021,8,3,65,4.0
13940,1808,2024,7,3,45,2.0
13941,300,2022,3,3,18,2.0
13942,1039,2019,8,1,62,3.0
13943,1452,2021,4,2,24,5.0
13944,1250,2020,8,4,7,4.0
13945,1555,2021,2,3,68,2.0
13946,426,2024,7,1,10,3.0
13947,915,2024,6,4,145,5.0
13948,896,2024,10,3,126,4.0
13949,1880,2023,11,2,139,2.0
13950,406,2022,11,4,16,3.0
13951,653,2022,5,2,70,3.0
13952,44,2021,8,3,124,4.0
13953,304,2019,8,4,87,4.0
13954,1962,2019,11,1,46,5.0
13955,1696,2022,10,3,125,4.0
13956,519,2022,1,1,47,1.0
13957,1405,2020,10,5,147,4.0
13958,1187,2019,6,2,16,4.0
13959,1814,2019,12,5,106,3.0
13960,601,2020,8,2,2,4.0
13961,1989,2024,5,4,138,3.0
13962,742,2021,3,4,54,4.0
13963,1434,2024,12,2,4,3.0
13964,796,2024,2,3,126,3.0
13965,1344,2024,2,2,146,4.0
13966,671,2024,2,1,138,3.0
13967,1687,2020,7,2,73,4.0
13968,1275,2024,4,4,10,3.0
13969,578,2024,7,2,35,5.0
13970,1922,2023,10,3,5,4.0
13971,1419,2020,4,4,7,3.0
13972,858,2020,1,2,24,5.0
13973,272,2022,5,1,85,3.0
13974,1947,2019,8,3,115,3.0
13975,1510,2023,9,1,88,3.0
13976,1336,2021,1,1,31,3.0
13977,1667,2019,11,1,91,4.0
13978,1215,2020,8,2,35,4.0
13979,465,2021,6,3,70,3.0
13980,475,2022,4,2,134,4.0
13981,159,2022,12,5,21,4.0
13982,126,2021,2,4,132,3.0
13983,1458,2022,6,5,41,3.0
13984,1704,2024,6,3,101,3.0
13985,328,2021,7,1,40,3.0
13986,1148,2021,3,1,25,4.0
13987,248,2019,12,2,68,4.0
13988,829,2021,5,4,58,4.0
13989,1582,2020,9,3,77,4.0
13990,1624,2023,8,2,36,3.0
13991,1898,2019,3,3,147,3.0
13992,622,2022,12,2,101,4.0
13993,1898,2023,6,3,127,4.0
13994,1568,2020,8,2,117,5.0
13995,678,2019,8,2,109,3.0
13996,656,2023,7,3,22,4.0
13997,216,2022,8,5,89,4.0
13998,1842,2022,7,3,135,2.0
13999,407,2024,9,2,15,3.0
14000,536,2019,6,3,70,5.0
14001,826,2020,10,3,28,3.0
14002,276,2021,7,1,120,3.0
14003,1612,2022,12,3,140,3.0
14004,1397,2024,7,2,8,5.0
14005,314,2022,8,3,121,2.0
14006,326,2020,6,1,55,4.0
14007,44,2024,5,4,145,3.0
14008,1899,2021,10,1,3,3.0
14009,872,2024,8,2,29,
14010,1312,2020,5,2,108,5.0
14011,300,2023,10,4,117,4.0
14012,462,2022,2,5,12,3.0
14013,1083,2022,1,2,25,3.0
14014,418,2024,8,1,51,3.0
14015,1226,2019,6,3,6,4.0
14016,1848,2020,10,2,118,3.0
14017,611,2020,8,1,101,3.0
14018,1216,2023,10,2,113,3.0
14019,1832,2024,4,2,71,
14020,1788,2024,4,3,97,4.0
14021,16,2020,4,3,86,2.0
14022,221,2020,8,2,105,3.0
14023,1973,2021,9,2,68,4.0
14024,1851,2023,12,2,98,4.0
14025,644,2023,3,4,97,5.0
14026,1041,2024,2,3,97,4.0
14027,1146,2023,12,4,131,4.0
14028,1337,2024,7,5,53,2.0
14029,1501,2020,5,3,132,3.0
14030,746,2022,4,5,5,4.0
14031,1780,2022,11,2,73,5.0
14032,119,2019,10,2,67,3.0
14033,65,2024,3,3,131,3.0
14034,1916,2019,4,2,7,2.0
14035,355,2024,11,3,33,3.0
14036,1990,2020,9,4,71,4.0
14037,572,2020,10,5,123,4.0
14038,730,2022,2,3,70,3.0
14039,56,2021,7,4,96,4.0
14040,1888,2021,1,3,27,5.0
14041,719,2024,6,3,142,3.0
14042,336,2023,2,2,118,3.0
14043,967,2022,4,3,7,3.0
14044,310,2023,4,2,106,2.0
14045,1580,2023,3,4,20,4.0
14046,147,2020,11,1,84,4.0
14047,999,2021,5,4,107,4.0
14048,783,2024,2,3,139,4.0
14049,75,2023,12,1,11,3.0
14050,105,2019,1,4,44,3.0
14051,1038,2020,2,3,104,5.0
14052,790,2020,11,4,40,3.0
14053,260,2022,6,1,107,3.0
14054,277,2023,5,2,28,4.0
14055,1610,2021,4,4,25,3.0
14056,1462,2020,8,3,82,3.0
14057,1216,2022,5,2,104,3.0
14058,1667,2020,2,3,31,5.0
14059,139,2023,12,2,132,5.0
14060,1376,2024,11,5,131,4.0
14061,1506,2022,3,2,13,3.0
14062,401,2024,7,3,46,4.0
14063,1073,2022,6,2,84,5.0
14064,1534,2023,2,2,74,4.0
14065,1207,2024,5,3,39,2.0
14066,500,2020,8,1,80,4.0
14067,1330,2022,2,2,145,3.0
14068,1519,2020,5,3,47,4.0
14069,20,2019,4,3,33,3.0
14070,1135,2020,5,5,111,3.0
14071,1010,2019,8,3,86,3.0
14072,734,2020,5,1,104,3.0
14073,89,2019,10,1,97,4.0
14074,167,2024,7,3,115,2.0
14075,1501,2021,9,2,110,5.0
14076,1656,2019,8,2,91,4.0
14077,839,2021,10,5,69,4.0
14078,1880,2023,2,4,70,3.0
14079,1856,2022,12,2,40,2.0
14080,1332,2019,10,1,68,5.0
14081,1162,2019,3,4,91,3.0
14082,1930,2022,1,3,108,4.0
14083,1220,2024,1,2,116,3.0
14084,1869,2019,9,3,57,2.0
14085,1958,2024,6,4,110,3.0
14086,390,2019,3,1,66,3.0
14087,1322,2021,4,4,54,4.0
14088,1463,2020,6,4,25,4.0
14089,1641,2021,1,3,40,5.0
14090,699,2024,7,5,102,4.0
14091,1724,2020,1,2,33,3.0
14092,976,2022,8,4,12,3.0
14093,774,2020,1,3,41,4.0
14094,314,2022,10,2,149,4.0
14095,643,2019,4,3,23,3.0
14096,1950,2020,7,3,22,4.0
14097,1433,2024,5,2,61,3.0
14098,1453,2023,11,2,58,2.0
14099,1792,2024,10,3,139,4.0
14100,534,2023,12,5,36,4.0
14101,1324,2020,9,4,63,4.0
14102,743,2021,12,2,44,4.0
14103,1696,2024,3,2,38,4.0
14104,845,2023,4,4,49,5.0
14105,1710,2022,10,4,39,4.0
14106,1496,2024,1,3,108,3.0
14107,1544,2019,3,4,119,5.0
14108,1852,2024,9,1,27,3.0
14109,1582,2019,5,1,75,4.0
14110,643,2024,4,2,40,3.0
14111,1044,2023,4,3,131,3.0
14112,946,2021,10,4,16,4.0
14113,130,2021,6,4,62,4.0
14114,1187,2019,1,4,50,4.0
14115,875,2020,7,2,55,3.0
14116,787,2020,10,4,142,4.0
14117,220,2023,2,5,82,4.0
14118,1009,2020,1,2,58,5.0
14119,1159,2023,8,1,122,4.0
14120,212,2020,11,4,117,3.0
14121,1270,2024,1,1,22,5.0
14122,336,2021,8,4,70,3.0
14123,291,2023,10,2,62,3.0
14124,803,2023,2,2,68,5.0
14125,779,2024,4,5,53,4.0
14126,1830,2022,7,2,124,3.0
14127,136,2021,8,3,150,5.0
14128,699,2022,7,1,5,3.0
14129,1470,2019,3,2,129,3.0
14130,500,2024,11,2,130,4.0
14131,1964,2023,6,3,55,2.0
14132,1486,2019,7,1,73,4.0
14133,1893,2020,7,2,16,4.0
14134,1899,2019,7,2,53,3.0
14135,219,2023,4,4,36,4.0
14136,919,2022,4,2,137,4.0
14137,1490,2019,2,4,17,3.0
14138,18,2022,9,5,51,4.0
14139,905,2021,4,2,73,4.0
14140,1377,2021,1,2,147,4.0
14141,1586,2022,1,4,123,4.0
14142,831,2024,12,2,141,4.0
14143,1727,2024,6,4,47,5.0
14144,1348,2019,8,5,41,5.0
14145,91,2024,7,3,86,3.0
14146,556,2022,11,2,52,2.0
14147,1876,2020,11,1,3,2.0
14148,5,2024,10,3,122,2.0
14149,217,2021,12,2,15,4.0
14150,689,2021,3,4,30,3.0
14151,1988,2024,6,3,142,3.0
14152,1410,2022,4,3,110,4.0
14153,296,2019,10,3,97,3.0
14154,787,2019,4,1,20,4.0
14155,1880,2023,10,4,38,3.0
14156,439,2021,3,4,31,3.0
14157,1151,2019,9,3,97,5.0
14158,929,2019,1,3,76,4.0
14159,1521,2024,10,1,55,5.0
14160,1505,2022,10,3,112,4.0
14161,1667,2022,7,5,117,2.0
14162,239,2022,7,4,111,3.0
14163,908,2021,6,1,16,2.0
14164,1384,2024,8,2,92,4.0
14165,838,2022,7,5,32,3.0
14166,1335,2022,6,3,41,5.0
14167,1272,2024,7,2,147,5.0
14168,742,2019,2,3,63,4.0
14169,201,2020,6,2,119,5.0
14170,1941,2023,6,5,37,4.0
14171,1652,2019,11,2,146,3.0
14172,1790,2020,4,2,42,4.0
14173,600,2019,12,1,28,5.0
14174,633,2023,11,1,49,4.0
14175,647,2024,10,3,27,3.0
14176,63,2020,9,3,90,3.0
14177,340,2023,4,3,22,4.0
14178,617,2023,2,2,32,3.0
14179,1975,2024,10,4,106,4.0
14180,410,2024,9,4,7,3.0
14181,1016,2021,10,3,67,4.0
14182,1095,2019,7,3,104,5.0
14183,720,2023,11,2,67,5.0
14184,1838,2022,1,4,4,3.0
14185,187,2021,2,1,24,3.0
14186,1741,2022,1,4,146,3.0
14187,1488,2022,4,3,116,4.0
14188,612,2020,2,1,53,4.0
14189,1536,2020,1,1,132,3.0
14190,858,2021,10,5,1,4.0
14191,1942,2021,2,3,8,3.0
14192,74,2023,10,3,133,3.0
14193,60,2019,8,5,102,3.0
14194,1089,2020,8,3,90,5.0
14195,1863,2023,2,4,52,4.0
14196,127,2019,1,4,123,4.0
14197,1556,2023,2,4,92,4.0
14198,1878,2023,4,1,66,4.0
14199,973,2020,12,5,58,4.0
14200,1734,2022,5,3,54,4.0
14201,1514,2021,3,3,87,3.0
14202,429,2020,4,4,99,2.0
14203,1709,2019,5,1,121,3.0
14204,1399,2024,7,2,61,5.0
14205,26,2024,10,3,39,3.0
14206,1137,2024,1,3,84,5.0
14207,1309,2019,10,3,88,4.0
14208,1603,2024,1,3,42,4.0
14209,1543,2022,4,5,11,2.0
14210,952,2022,8,1,50,2.0
14211,598,2021,2,2,11,3.0
14212,384,2020,4,2,13,3.0
14213,179,2020,8,5,145,4.0
14214,1280,2020,9,2,118,
14215,1920,2023,1,2,6,3.0
14216,161,2024,10,5,53,4.0
14217,1406,2024,5,3,39,5.0
14218,1170,2024,8,1,147,4.0
14219,344,2019,3,5,66,4.0
14220,426,2023,12,1,39,3.0
14221,569,2024,10,3,96,4.0
14222,1370,2022,8,2,72,3.0
14223,598,2022,3,3,29,3.0
14224,1657,2021,10,2,46,4.0
14225,740,2023,5,4,20,4.0
14226,220,2023,8,3,105,4.0
14227,191,2022,8,2,146,3.0
14228,801,2019,10,4,122,3.0
14229,816,2024,11,4,57,4.0
14230,1468,2022,5,3,74,3.0
14231,958,2024,1,3,10,3.0
14232,328,2023,6,3,56,4.0
14233,427,2022,5,3,5,4.0
14234,1134,2023,5,4,112,3.0
14235,669,2020,6,1,137,4.0
14236,1344,2021,7,2,29,3.0
14237,1847,2019,8,4,102,3.0
14238,710,2023,5,5,90,4.0
14239,1104,2020,8,2,63,3.0
14240,1664,2019,12,1,111,4.0
14241,421,2023,8,4,102,4.0
14242,1022,2020,8,5,41,3.0
14243,611,2020,4,4,120,3.0
14244,1254,2019,5,3,99,3.0
14245,1487,2022,1,2,47,4.0
14246,282,2021,7,5,111,4.0
14247,375,2022,1,4,97,4.0
14248,47,2021,10,3,18,3.0
14249,25,2023,12,4,25,4.0
14250,102,2021,10,4,49,4.0
14251,1414,2023,2,1,7,3.0
14252,1808,2021,8,1,61,3.0
14253,820,2019,6,2,70,4.0
14254,1766,2021,1,5,117,4.0
14255,1460,2020,9,3,26,3.0
14256,1616,2021,11,3,86,3.0
14257,1480,2019,6,2,100,3.0
14258,400,2023,11,3,68,3.0
14259,1047,2022,1,2,137,3.0
14260,1051,2019,11,5,48,4.0
14261,1284,2024,9,3,62,3.0
14262,1593,2021,9,4,1,3.0
14263,226,2020,7,2,62,5.0
14264,1350,2019,1,2,4,5.0
14265,1667,2020,6,2,148,3.0
14266,232,2019,12,2,37,4.0
14267,830,2021,6,3,122,5.0
14268,1792,2022,1,1,18,3.0
14269,49,2021,6,3,42,4.0
14270,322,2024,2,1,18,4.0
14271,1608,2024,6,5,56,3.0
14272,344,2020,8,1,91,4.0
14273,1404,2022,1,4,63,4.0
14274,1803,2021,6,4,91,4.0
14275,998,2020,7,5,121,5.0
14276,970,2020,10,3,7,5.0
14277,858,2022,1,3,64,3.0
14278,746,2019,8,3,90,4.0
14279,761,2023,8,4,79,3.0
14280,1108,2024,1,4,22,3.0
14281,1792,2021,2,3,31,3.0
14282,1963,2022,8,4,57,4.0
14283,1732,2024,11,5,98,3.0
14284,240,2023,11,1,149,5.0
14285,614,2021,10,3,56,4.0
14286,1514,2024,11,1,79,2.0
14287,1092,2019,8,3,46,4.0
14288,669,2022,2,4,6,3.0
14289,623,2020,7,2,60,5.0
14290,235,2020,5,1,53,4.0
14291,665,2022,4,4,23,4.0
14292,844,2023,2,2,101,4.0
14293,832,2023,1,3,39,3.0
14294,1098,2023,10,1,34,3.0
14295,546,2020,3,5,59,2.0
14296,412,2021,8,2,145,2.0
14297,1776,2019,4,4,96,3.0
14298,811,2022,6,2,64,4.0
14299,510,2023,5,2,124,4.0
14300,1272,2021,4,2,4,3.0
14301,1085,2020,6,3,51,2.0
14302,1153,2020,10,4,82,3.0
14303,444,2022,7,3,74,4.0
14304,1447,2023,10,1,102,4.0
14305,385,2021,11,3,106,4.0
14306,1673,2020,6,3,69,3.0
14307,849,2021,10,3,140,4.0
14308,819,2020,2,4,140,4.0
14309,777,2019,7,3,72,4.0
14310,846,2021,6,4,136,2.0
14311,1331,2024,1,3,97,4.0
14312,994,2022,11,2,21,5.0
14313,254,2019,9,2,18,2.0
14314,1133,2024,8,4,12,3.0
14315,535,2020,9,2,32,2.0
14316,217,2022,10,1,47,3.0
14317,1680,2022,10,4,11,3.0
14318,626,2023,4,3,92,2.0
14319,1191,2023,6,2,62,5.0
14320,344,2020,5,4,91,4.0
14321,679,2023,11,2,76,3.0
14322,772,2022,2,4,41,3.0
14323,268,2021,11,2,93,4.0
14324,1947,2019,5,4,143,4.0
14325,624,2022,10,4,48,4.0
14326,1166,2021,3,2,47,2.0
14327,1132,2021,11,4,78,1.0
14328,859,2023,7,3,121,3.0
14329,1172,2023,12,4,80,3.0
14330,1132,2020,5,1,125,2.0
14331,161,2020,12,4,12,4.0
14332,1339,2024,11,5,15,2.0
14333,229,2022,1,4,61,4.0
14334,870,2021,5,5,35,4.0
14335,730,2024,5,3,4,5.0
14336,896,2023,3,4,33,3.0
14337,144,2024,11,3,41,3.0
14338,1403,2021,2,2,138,
14339,838,2019,4,3,118,4.0
14340,122,2023,4,2,53,4.0
14341,8,2023,6,5,144,3.0
14342,1081,2022,9,4,126,5.0
14343,1333,2021,1,4,38,3.0
14344,1095,2019,8,3,72,2.0
14345,1441,2020,5,4,139,3.0
14346,1514,2024,8,2,69,3.0
14347,1744,2020,1,3,56,5.0
14348,1966,2022,11,2,136,3.0
14349,1770,2022,7,3,100,5.0
14350,1592,2021,4,1,67,2.0
14351,862,2024,10,4,131,3.0
14352,1008,2023,6,3,112,5.0
14353,1233,2024,5,5,53,3.0
14354,339,2020,3,4,64,3.0
14355,1356,2023,6,3,8,4.0
14356,1177,2023,3,2,16,3.0
14357,1041,2024,9,3,144,4.0
14358,1669,2021,5,4,8,3.0
14359,1375,2020,2,3,126,4.0
14360,1865,2023,9,3,32,4.0
14361,1954,2023,11,4,82,3.0
14362,1651,2020,11,1,109,3.0
14363,596,2020,6,3,149,4.0
14364,378,2023,4,4,57,3.0
14365,599,2022,3,2,139,3.0
14366,1426,2024,5,4,69,4.0
14367,1729,2022,2,3,131,4.0
14368,1761,2024,11,3,16,4.0
14369,1368,2020,3,5,41,5.0
14370,1363,2023,10,2,94,5.0
14371,1904,2020,5,2,106,4.0
14372,1372,2023,9,2,121,3.0
14373,282,2021,11,5,54,5.0
14374,1001,2022,5,2,94,3.0
14375,718,2023,12,1,94,5.0
14376,1274,2019,5,2,148,3.0
14377,1272,2020,4,3,18,3.0
14378,589,2022,9,2,3,2.0
14379,600,2021,2,2,87,3.0
14380,178,2022,2,3,3,4.0
14381,587,2021,5,3,30,4.0
14382,1656,2019,7,3,76,3.0
14383,1311,2024,6,3,41,5.0
14384,1887,2023,1,3,40,4.0
14385,1853,2022,7,4,52,3.0
14386,1714,2019,8,3,103,2.0
14387,360,2020,4,4,55,3.0
14388,668,2022,7,2,119,2.0
14389,115,2019,5,5,24,
14390,188,2021,1,4,16,3.0
14391,463,2024,9,3,25,4.0
14392,561,2024,6,3,138,4.0
14393,31,2022,12,1,42,4.0
14394,1686,2020,3,5,5,5.0
14395,1055,2019,1,1,48,4.0
14396,1312,2020,10,3,104,3.0
14397,1308,2020,11,2,55,4.0
14398,1934,2022,11,2,58,3.0
14399,295,2023,12,3,13,5.0
14400,686,2021,4,3,101,4.0
14401,617,2023,9,1,34,4.0
14402,1103,2019,1,2,15,5.0
14403,1053,2021,6,3,108,4.0
14404,1581,2022,11,4,141,4.0
14405,1122,2019,8,3,92,5.0
14406,468,2024,11,5,141,4.0
14407,1130,2024,12,1,61,4.0
14408,1929,2023,10,3,78,3.0
14409,1158,2023,9,3,54,2.0
14410,1185,2020,5,2,77,2.0
14411,352,2020,7,4,134,3.0
14412,16,2020,1,1,96,3.0
14413,420,2019,7,3,5,4.0
14414,51,2022,12,2,88,5.0
14415,905,2024,2,3,57,3.0
14416,1765,2023,6,4,82,2.0
14417,894,2024,11,4,84,3.0
14418,1291,2024,5,4,89,3.0
14419,1712,2022,8,2,130,3.0
14420,1527,2019,10,1,129,4.0
14421,1302,2024,10,4,146,5.0
14422,1569,2022,9,1,92,4.0
14423,562,2022,1,2,43,4.0
14424,841,2024,1,4,30,3.0
14425,798,2023,10,3,128,3.0
14426,1598,2019,12,3,138,5.0
14427,818,2023,4,5,6,4.0
14428,1876,2024,7,5,33,4.0
14429,374,2020,1,1,102,2.0
14430,345,2021,3,4,25,4.0
14431,1433,2019,6,3,8,3.0
14432,1529,2023,1,4,150,4.0
14433,1359,2019,8,2,15,2.0
14434,616,2021,7,5,33,4.0
14435,19,2022,2,4,149,5.0
14436,643,2024,8,3,16,5.0
14437,934,2020,6,2,120,5.0
14438,826,2024,2,2,85,5.0
14439,1845,2019,3,2,81,5.0
14440,1728,2019,7,3,125,5.0
14441,1551,2019,10,2,4,3.0
14442,45,2023,6,3,10,4.0
14443,255,2021,8,3,30,2.0
14444,868,2019,6,2,74,4.0
14445,1244,2023,11,2,145,3.0
14446,1361,2020,12,1,11,3.0
14447,593,2023,6,2,64,3.0
14448,221,2022,4,3,65,2.0
14449,657,2019,7,1,30,2.0
14450,1585,2022,11,1,52,4.0
14451,1974,2024,8,2,31,2.0
14452,1884,2021,5,3,21,5.0
14453,1187,2024,10,5,79,3.0
14454,182,2020,3,5,140,2.0
14455,1936,2020,4,2,61,2.0
14456,306,2020,2,3,96,3.0
14457,537,2020,11,3,101,3.0
14458,1949,2020,12,2,127,4.0
14459,1008,2022,12,4,124,3.0
14460,396,2019,1,2,136,3.0
14461,1005,2022,11,3,123,4.0
14462,158,2020,3,5,140,4.0
14463,632,2019,12,2,145,4.0
14464,1905,2023,5,3,113,3.0
14465,598,2022,4,4,74,2.0
14466,1786,2020,8,2,47,3.0
14467,1086,2022,10,5,86,4.0
14468,1312,2024,5,2,125,3.0
14469,1406,2020,10,3,114,4.0
14470,1103,2020,1,1,79,2.0
14471,69,2023,11,3,12,5.0
14472,1839,2021,7,2,41,5.0
14473,951,2023,7,3,87,3.0
14474,1312,2020,11,3,58,2.0
14475,1108,2024,1,3,69,3.0
14476,1317,2019,11,5,46,5.0
14477,710,2020,3,4,12,3.0
14478,1688,2022,12,4,70,3.0
14479,449,2022,9,4,67,4.0
14480,1307,2021,5,1,118,2.0
14481,1156,2024,1,2,17,4.0
14482,1008,2021,2,2,73,4.0
14483,44,2023,2,2,129,5.0
14484,780,2021,1,1,41,5.0
14485,96,2021,8,2,48,3.0
14486,1007,2023,11,3,14,4.0
14487,1376,2021,10,2,87,4.0
14488,1045,2021,9,1,129,5.0
14489,1515,2023,12,4,73,3.0
14490,722,2019,8,2,63,2.0
14491,613,2021,2,3,113,3.0
14492,897,2020,6,4,67,5.0
14493,459,2021,10,2,60,4.0
14494,1604,2022,6,1,115,3.0
14495,1620,2021,4,4,43,3.0
14496,834,2024,6,4,128,4.0
14497,1586,2024,10,3,41,4.0
14498,52,2019,5,3,77,4.0
14499,310,2022,5,4,38,3.0
14500,567,2020,6,2,95,4.0
14501,776,2023,6,2,66,3.0
14502,464,2021,3,3,36,5.0
14503,1025,2024,4,2,112,3.0
14504,1588,2024,2,3,141,3.0
14505,913,2019,10,4,5,5.0
14506,899,2019,3,3,86,3.0
14507,120,2019,12,1,108,3.0
14508,561,2023,12,3,108,3.0
14509,1615,2020,9,4,34,3.0
14510,1622,2023,12,2,18,4.0
14511,209,2020,11,3,78,2.0
14512,39,2020,10,2,96,4.0
14513,1663,2022,5,4,44,3.0
14514,349,2023,11,2,56,3.0
14515,1150,2022,5,3,80,2.0
14516,1654,2022,2,3,68,4.0
14517,1575,2023,7,2,73,2.0
14518,1102,2020,2,5,103,3.0
14519,754,2022,2,5,148,4.0
14520,1548,2020,2,2,120,1.0
14521,1390,2019,11,2,2,4.0
14522,1677,2020,1,3,53,2.0
14523,1028,2020,5,2,2,5.0
14524,1884,2020,9,2,131,3.0
14525,1540,2019,10,1,97,3.0
14526,127,2023,1,1,33,4.0
14527,588,2021,11,3,126,3.0
14528,1599,2022,12,2,85,1.0
14529,233,2023,12,1,8,4.0
14530,1418,2023,8,5,23,3.0
14531,682,2019,7,2,122,4.0
14532,415,2022,3,2,44,3.0
14533,1080,2021,2,3,79,3.0
14534,1864,2021,10,4,135,3.0
14535,1796,2023,11,4,44,4.0
14536,809,2019,10,2,2,4.0
14537,8,2020,8,4,13,4.0
14538,1776,2023,7,3,138,4.0
14539,1795,2021,3,3,90,4.0
14540,1211,2019,2,3,50,4.0
14541,1258,2020,3,2,12,5.0
14542,1054,2020,5,4,105,5.0
14543,25,2020,4,3,6,4.0
14544,320,2023,7,3,14,3.0
14545,287,2020,10,3,90,4.0
14546,1829,2023,9,3,97,3.0
14547,100,2020,10,4,86,4.0
14548,1114,2019,4,1,137,5.0
14549,726,2019,12,1,41,4.0
14550,13,2022,11,3,84,3.0
14551,1839,2023,5,2,46,5.0
14552,37,2019,4,1,55,4.0
14553,1712,2020,11,1,23,5.0
14554,1556,2023,12,4,120,3.0
14555,1588,2024,6,5,106,3.0
14556,324,2023,2,3,107,4.0
14557,1763,2022,8,4,22,4.0
14558,1198,2023,10,4,18,2.0
14559,804,2020,6,4,118,3.0
14560,1363,2019,2,2,100,5.0
14561,683,2022,9,1,5,3.0
14562,559,2022,10,3,100,4.0
14563,577,2023,11,5,148,3.0
14564,1139,2020,11,4,113,3.0
14565,1203,2024,6,1,42,4.0
14566,481,2021,4,5,48,3.0
14567,492,2021,2,1,113,2.0
14568,1893,2024,2,3,61,4.0
14569,1030,2022,10,4,111,5.0
14570,1721,2019,12,3,145,4.0
14571,661,2020,8,3,61,4.0
14572,577,2022,12,2,87,5.0
14573,566,2020,4,5,74,4.0
14574,1058,2019,10,1,77,4.0
14575,1559,2020,5,3,12,3.0
14576,1002,2022,5,1,149,4.0
14577,590,2019,8,1,82,4.0
14578,1921,2022,2,2,35,3.0
14579,1145,2023,5,1,87,4.0
14580,789,2021,6,2,60,3.0
14581,20,2023,6,2,124,4.0
14582,1125,2022,9,5,114,4.0
14583,1243,2021,4,1,58,2.0
14584,1858,2024,2,3,107,5.0
14585,462,2022,8,3,5,5.0
14586,326,2023,1,4,146,2.0
14587,1999,2022,12,2,77,2.0
14588,1101,2024,11,2,99,4.0
14589,54,2021,5,1,97,4.0
14590,212,2020,9,1,47,3.0
14591,951,2020,7,3,104,5.0
14592,1235,2024,9,3,60,3.0
14593,488,2023,3,4,103,5.0
14594,732,2020,12,4,14,2.0
14595,1473,2021,11,4,22,3.0
14596,1936,2019,7,2,139,3.0
14597,983,2024,11,4,111,4.0
14598,831,2021,4,1,20,5.0
14599,723,2021,10,4,33,3.0
14600,273,2020,11,3,82,3.0
14601,106,2019,9,3,1,3.0
14602,1668,2023,12,3,61,3.0
14603,75,2020,3,3,49,4.0
14604,1642,2019,1,3,21,4.0
14605,495,2024,7,5,45,2.0
14606,1390,2022,4,2,44,3.0
14607,1904,2019,8,4,11,4.0
14608,1498,2020,5,2,96,5.0
14609,1460,2022,11,1,41,3.0
14610,530,2020,2,2,5,4.0
14611,1197,2024,12,2,4,4.0
14612,1285,2024,3,3,145,4.0
14613,851,2024,4,1,18,5.0
14614,77,2022,1,4,137,4.0
14615,1825,2024,9,3,25,3.0
14616,394,2020,9,1,13,2.0
14617,1947,2022,12,3,82,4.0
14618,1865,2023,2,5,131,2.0
14619,38,2022,6,1,11,4.0
14620,1479,2024,11,2,50,3.0
14621,1269,2019,1,4,113,2.0
14622,462,2021,8,1,11,4.0
14623,1626,2023,3,5,26,3.0
14624,223,2020,5,5,46,4.0
14625,498,2021,10,2,121,4.0
14626,1898,2024,10,3,122,2.0
14627,1486,2022,1,5,107,5.0
14628,225,2021,8,1,100,5.0
14629,289,2021,5,2,4,4.0
14630,515,2020,10,1,36,4.0
14631,142,2023,11,4,139,3.0
14632,366,2019,11,3,108,5.0
14633,1144,2020,2,4,37,4.0
14634,15,2019,10,2,107,2.0
14635,575,2023,12,3,109,3.0
14636,629,2024,10,4,112,3.0
14637,1942,2019,5,2,148,5.0
14638,1949,2024,9,4,82,3.0
14639,1691,2024,1,2,9,3.0
14640,684,2022,5,1,123,2.0
14641,1055,2019,10,2,3,3.0
14642,1009,2023,8,4,97,5.0
14643,1721,2022,4,4,120,2.0
14644,1492,2023,7,4,19,4.0
14645,1814,2020,1,3,120,3.0
14646,1103,2022,12,5,122,5.0
14647,1839,2024,7,3,99,4.0
14648,1488,2023,7,5,49,3.0
14649,1478,2022,5,4,31,3.0
14650,1324,2024,3,3,106,4.0
14651,672,2021,4,1,24,2.0
14652,1218,2020,6,5,102,4.0
14653,714,2024,6,3,26,3.0
14654,1300,2019,5,4,51,3.0
14655,510,2022,7,3,76,5.0
14656,1599,2023,6,2,25,5.0
14657,1143,2023,4,2,120,5.0
14658,1421,2023,7,2,105,5.0
14659,444,2021,3,3,3,3.0
14660,1584,2020,12,4,128,5.0
14661,1606,2019,9,3,108,4.0
14662,292,2020,4,3,126,4.0
14663,701,2024,9,2,91,5.0
14664,1356,2023,12,3,94,5.0
14665,1748,2021,10,2,58,3.0
14666,1475,2021,10,4,35,4.0
14667,944,2021,3,4,36,4.0
14668,600,2024,3,2,48,4.0
14669,1820,2021,7,3,44,4.0
14670,1750,2024,4,2,114,
14671,1794,2019,2,5,79,3.0
14672,610,2021,11,2,62,4.0
14673,873,2022,5,4,109,4.0
14674,488,2023,10,4,110,3.0
14675,1910,2019,9,5,141,4.0
14676,1735,2022,2,4,47,2.0
14677,347,2024,3,3,37,3.0
14678,495,2019,8,3,1,4.0
14679,1105,2020,8,3,24,4.0
14680,832,2021,4,1,91,4.0
14681,920,2020,2,5,122,4.0
14682,736,2021,8,3,91,5.0
14683,1348,2024,3,3,149,3.0
14684,1797,2024,3,2,95,4.0
14685,1835,2022,5,3,133,3.0
14686,911,2024,5,2,41,5.0
14687,1656,2023,5,2,49,4.0
14688,1389,2019,5,3,122,3.0
14689,394,2021,7,2,100,4.0
14690,1589,2024,7,3,74,4.0
14691,701,2021,1,2,144,4.0
14692,1256,2022,3,2,115,3.0
14693,1442,2021,7,4,45,3.0
14694,1888,2019,9,3,92,3.0
14695,1897,2022,1,3,60,2.0
14696,1606,2021,10,5,63,4.0
14697,1012,2023,2,2,121,4.0
14698,801,2024,8,4,102,5.0
14699,883,2019,3,4,2,3.0
14700,1902,2021,11,2,87,4.0
14701,411,2021,9,3,98,4.0
14702,1050,2023,10,1,77,4.0
14703,1360,2021,10,2,45,3.0
14704,46,2022,1,2,98,4.0
14705,1270,2024,11,4,143,3.0
14706,521,2022,2,2,13,4.0
14707,562,2019,7,1,91,5.0
14708,1244,2021,8,1,137,4.0
14709,18,2024,11,4,61,2.0
14710,314,2021,9,1,51,2.0
14711,910,2024,9,3,38,5.0
14712,1169,2024,12,2,34,2.0
14713,219,2020,1,2,59,4.0
14714,724,2021,1,4,116,3.0
14715,616,2020,3,3,28,5.0
14716,1069,2020,3,3,35,3.0
14717,602,2021,6,5,150,3.0
14718,4,2021,10,4,150,5.0
14719,1061,2021,5,4,35,3.0
14720,1697,2023,11,1,64,3.0
14721,1170,2019,8,2,61,3.0
14722,724,2021,6,5,45,
14723,965,2024,10,3,23,3.0
14724,281,2023,6,3,10,4.0
14725,474,2020,1,3,93,5.0
14726,876,2020,11,4,7,5.0
14727,1185,2024,2,3,94,5.0
14728,973,2022,6,1,15,3.0
14729,1926,2024,2,1,24,4.0
14730,1275,2024,10,2,1,4.0
14731,46,2021,8,4,60,
14732,1050,2022,12,3,50,1.0
14733,1166,2021,11,4,50,2.0
14734,88,2022,4,3,47,4.0
14735,771,2022,4,5,141,2.0
14736,1744,2023,4,4,65,3.0
14737,714,2024,2,2,122,4.0
14738,914,2023,12,3,35,2.0
14739,443,2019,1,4,73,5.0
14740,154,2021,6,1,10,4.0
14741,637,2022,4,2,39,3.0
14742,1546,2022,1,4,11,3.0
14743,1967,2024,10,5,4,4.0
14744,1321,2021,7,2,28,3.0
14745,1662,2023,11,2,24,5.0
14746,1299,2021,8,4,48,5.0
14747,1318,2019,6,2,112,3.0
14748,854,2021,3,5,23,4.0
14749,123,2019,8,1,92,4.0
14750,821,2021,9,2,55,4.0
14751,1730,2020,1,1,61,3.0
14752,1073,2019,3,1,139,3.0
14753,1524,2022,5,2,70,3.0
14754,102,2023,2,3,40,3.0
14755,403,2019,2,2,36,4.0
14756,598,2022,3,5,26,3.0
14757,719,2022,5,2,121,3.0
14758,1976,2019,7,3,100,5.0
14759,924,2022,10,3,41,4.0
14760,1325,2020,11,1,74,3.0
14761,1289,2023,5,3,76,3.0
14762,838,2022,7,1,8,4.0
14763,1933,2019,1,4,137,3.0
14764,445,2022,11,3,119,3.0
14765,70,2019,3,1,81,3.0
14766,1491,2023,1,4,108,3.0
14767,1308,2020,8,1,17,3.0
14768,521,2021,5,5,147,4.0
14769,1736,2023,5,3,97,3.0
14770,325,2024,6,2,141,3.0
14771,502,2022,8,2,130,5.0
14772,310,2019,10,3,88,3.0
14773,373,2020,7,4,44,4.0
14774,1459,2022,8,3,103,4.0
14775,1407,2019,10,3,77,4.0
14776,1286,2021,10,1,62,4.0
14777,1722,2020,3,4,107,3.0
14778,140,2020,5,3,134,4.0
14779,1241,2024,6,3,26,4.0
14780,231,2024,12,2,83,5.0
14781,1912,2024,8,1,117,5.0
14782,1268,2024,10,2,49,4.0
14783,1520,2024,10,4,52,5.0
14784,1143,2020,11,3,2,4.0
14785,768,2021,7,2,49,5.0
14786,1372,2019,4,3,88,3.0
14787,1672,2023,5,2,146,3.0
14788,357,2024,1,2,79,3.0
14789,1744,2019,9,4,44,3.0
14790,1454,2020,8,2,122,4.0
14791,172,2020,2,3,29,3.0
14792,1873,2024,6,4,29,4.0
14793,361,2023,9,1,79,4.0
14794,1203,2020,10,3,123,4.0
14795,260,2019,10,1,32,3.0
14796,393,2021,2,4,3,5.0
14797,1286,2022,5,2,109,2.0
14798,1360,2019,8,2,89,2.0
14799,1374,2021,2,1,103,4.0
14800,687,2022,3,3,60,4.0
14801,1641,2024,12,2,18,3.0
14802,99,2020,7,3,50,1.0
14803,1709,2020,7,4,71,3.0
14804,605,2021,2,1,65,5.0
14805,1242,2020,8,2,134,5.0
14806,1812,2024,11,1,34,5.0
14807,511,2023,12,3,47,3.0
14808,823,2020,3,3,28,3.0
14809,1657,2021,3,4,86,3.0
14810,1730,2022,7,4,121,3.0
14811,471,2024,11,3,133,3.0
14812,1018,2020,1,2,35,4.0
14813,667,2020,3,4,65,2.0
14814,1034,2022,2,1,111,5.0
14815,759,2024,10,4,7,3.0
14816,11,2020,6,4,107,3.0
14817,1850,2021,9,2,21,2.0
14818,1275,2023,1,2,6,5.0
14819,924,2021,2,2,17,3.0
14820,216,2023,7,4,133,4.0
14821,143,2022,6,3,103,3.0
14822,958,2024,3,2,119,3.0
14823,1299,2022,4,3,104,2.0
14824,521,2024,9,4,120,3.0
14825,1489,2024,1,3,75,4.0
14826,785,2020,11,4,122,4.0
14827,23,2024,2,5,9,4.0
14828,1075,2019,10,2,88,4.0
14829,363,2020,8,2,114,5.0
14830,29,2019,1,3,150,3.0
14831,261,2019,10,1,54,5.0
14832,570,2023,6,3,27,5.0
14833,1030,2019,4,5,109,3.0
14834,1980,2020,2,3,11,
14835,437,2021,2,2,117,5.0
14836,115,2023,5,5,106,4.0
14837,383,2023,4,2,104,3.0
14838,639,2024,11,1,45,3.0
14839,411,2019,7,3,19,4.0
14840,643,2019,1,1,92,3.0
14841,1939,2021,11,1,55,4.0
14842,759,2020,4,1,59,4.0
14843,1270,2019,8,3,29,2.0
14844,1370,2022,10,3,51,5.0
14845,261,2021,9,4,125,4.0
14846,496,2021,5,3,134,4.0
14847,832,2019,1,4,53,3.0
14848,921,2021,3,4,22,4.0
14849,27,2021,7,2,6,5.0
14850,1290,2020,12,1,29,3.0
14851,602,2023,1,4,2,4.0
14852,645,2024,2,1,101,3.0
14853,1207,2024,5,2,97,4.0
14854,1898,2023,10,1,118,2.0
14855,1730,2023,12,3,50,3.0
14856,1960,2019,3,3,125,3.0
14857,828,2021,7,4,26,4.0
14858,240,2019,12,3,35,2.0
14859,432,2022,12,3,138,5.0
14860,688,2023,10,3,133,4.0
14861,601,2023,10,3,90,4.0
14862,416,2019,4,2,92,4.0
14863,302,2022,4,4,106,3.0
14864,374,2024,12,3,124,3.0
14865,1317,2019,8,3,35,5.0
14866,982,2022,2,1,11,3.0
14867,76,2020,1,1,28,4.0
14868,1128,2024,11,3,54,4.0
14869,1685,2022,2,4,36,4.0
14870,852,2023,9,2,79,5.0
14871,638,2022,4,5,21,4.0
14872,546,2024,3,4,87,4.0
14873,759,2020,2,3,107,4.0
14874,558,2023,7,3,15,4.0
14875,1849,2021,10,3,44,2.0
14876,1985,2022,1,2,81,5.0
14877,687,2023,9,1,10,3.0
14878,1848,2020,7,4,100,4.0
14879,1708,2024,10,3,114,2.0
14880,152,2023,7,4,55,4.0
14881,982,2021,2,2,2,2.0
14882,1314,2022,5,1,76,2.0
14883,845,2022,12,1,131,3.0
14884,914,2021,10,2,44,3.0
14885,989,2022,5,4,128,3.0
14886,1378,2022,12,1,131,4.0
14887,588,2023,1,4,43,4.0
14888,1194,2020,7,3,90,4.0
14889,487,2019,10,2,7,1.0
14890,1779,2021,9,3,83,4.0
14891,170,2023,3,5,132,4.0
14892,134,2019,2,1,142,3.0
14893,76,2024,9,2,30,4.0
14894,700,2021,12,2,100,4.0
14895,1213,2020,10,5,10,3.0
14896,1971,2021,11,5,42,5.0
14897,910,2023,11,4,126,3.0
14898,365,2024,12,2,97,3.0
14899,737,2022,10,4,59,4.0
14900,255,2022,10,3,145,2.0
14901,944,2023,10,3,114,4.0
14902,1458,2024,4,5,4,3.0
14903,72,2023,7,2,12,5.0
14904,1555,2024,3,4,94,5.0
14905,458,2023,7,2,132,3.0
14906,1345,2019,7,4,24,4.0
14907,1631,2019,1,3,81,3.0
14908,1553,2022,1,2,123,2.0
14909,1340,2024,12,4,130,2.0
14910,1388,2020,7,1,97,4.0
14911,376,2024,1,1,150,3.0
14912,272,2024,5,1,141,4.0
14913,763,2019,11,4,126,4.0
14914,1217,2021,9,4,101,2.0
14915,1237,2020,10,3,148,4.0
14916,1554,2019,8,2,3,4.0
14917,617,2023,9,2,14,3.0
14918,1732,2020,3,2,77,5.0
14919,899,2022,11,1,101,3.0
14920,493,2023,9,4,136,2.0
14921,1471,2021,3,2,102,3.0
14922,255,2019,4,1,35,3.0
14923,811,2019,10,1,137,
14924,1563,2021,3,5,13,1.0
14925,1543,2019,9,2,15,5.0
14926,514,2024,6,3,108,5.0
14927,334,2019,4,1,145,5.0
14928,64,2019,2,3,76,4.0
14929,179,2019,9,4,21,
14930,1651,2023,4,1,8,3.0
14931,1568,2022,7,2,147,3.0
14932,1012,2023,4,2,42,4.0
14933,1141,2021,2,4,96,4.0
14934,654,2020,1,3,50,3.0
14935,385,2023,12,4,33,4.0
14936,23,2019,4,2,101,4.0
14937,1344,2021,7,3,111,4.0
14938,71,2019,6,3,71,2.0
14939,211,2021,5,2,77,
14940,1586,2024,10,3,74,2.0
14941,1166,2024,11,2,89,3.0
14942,980,2023,3,1,121,4.0
14943,437,2022,1,5,107,4.0
14944,300,2021,4,5,42,
14945,933,2023,2,4,38,3.0
14946,718,2024,1,2,101,5.0
14947,1069,2022,10,1,97,3.0
14948,331,2019,1,2,56,4.0
14949,463,2023,1,4,126,3.0
14950,226,2019,5,2,63,3.0
14951,849,2020,7,2,51,4.0
14952,553,2020,6,3,84,3.0
14953,447,2019,9,3,29,3.0
14954,1100,2023,9,3,105,3.0
14955,995,2022,1,3,135,4.0
14956,421,2021,10,3,142,3.0
14957,1399,2021,1,4,68,5.0
14958,688,2022,11,2,41,4.0
14959,683,2022,4,1,72,3.0
14960,956,2020,11,3,16,4.0
14961,279,2021,12,3,101,3.0
14962,841,2023,2,3,65,4.0
14963,1165,2022,5,3,19,5.0
14964,258,2023,2,3,83,3.0
14965,1130,2022,12,3,108,4.0
14966,78,2021,6,5,35,3.0
14967,1207,2023,11,1,61,1.0
14968,71,2020,8,5,134,4.0
14969,351,2022,11,3,107,5.0
14970,701,2022,8,1,120,4.0
14971,1230,2020,1,1,68,5.0
14972,1438,2020,6,3,75,3.0
14973,938,2019,8,3,75,3.0
14974,263,2019,12,3,68,5.0
14975,775,2019,10,3,22,5.0
14976,1574,2022,7,2,7,4.0
14977,181,2019,10,3,125,3.0
14978,1432,2022,12,4,81,3.0
14979,772,2019,11,3,80,2.0
14980,8,2023,12,3,90,5.0
14981,1390,2023,5,1,62,3.0
14982,54,2020,6,3,134,3.0
14983,740,2023,0,4,71,3.0
14984,391,2020,2,4,76,4.0
14985,1168,2022,10,3,80,4.0
14986,113,2022,4,3,24,4.0
14987,183,2021,6,1,27,3.0
14988,1063,2023,5,2,28,3.0
14989,1988,2024,12,3,39,3.0
14990,80,2021,11,4,24,5.0
14991,922,2020,9,1,34,4.0
14992,1606,2021,12,5,141,4.0
14993,582,2022,7,5,55,3.0
14994,986,2019,3,2,120,2.0
14995,1678,2024,8,1,59,5.0
14996,1456,2021,1,2,124,4.0
14997,587,2024,6,5,113,4.0
14998,1502,2024,10,3,127,2.0
14999,1352,2019,3,2,44,3.0
15000,1014,2019,7,4,15,5.0
15001,883,2020,10,1,47,5.0
15002,1851,2022,10,5,106,3.0
15003,1749,2021,8,4,99,5.0
15004,1981,2019,4,2,106,5.0
15005,1351,2022,3,4,150,4.0
15006,719,2020,2,4,34,5.0
15007,220,2024,9,3,67,5.0
15008,252,2023,4,4,74,4.0
15009,1903,2024,8,3,23,5.0
15010,727,2022,1,4,100,3.0
15011,221,2023,4,4,8,4.0
15012,447,2019,5,5,135,3.0
15013,42,2023,10,4,14,3.0
15014,1063,2021,2,5,17,5.0
15015,1182,2019,6,2,27,4.0
15016,757,2019,6,2,134,4.0
15017,1489,2020,4,3,130,4.0
15018,961,2021,10,2,139,2.0
15019,1920,2020,12,4,125,3.0
15020,1527,2023,1,2,139,4.0
15021,151,2021,12,3,71,3.0
15022,549,2020,11,3,1,3.0
15023,1509,2023,11,4,66,4.0
15024,1075,2021,2,2,34,5.0
15025,1507,2023,5,5,37,2.0
15026,671,2022,8,2,104,3.0
15027,77,2023,3,2,26,4.0
15028,1570,2024,3,2,49,5.0
15029,1571,2019,7,4,59,5.0
15030,1280,2019,11,2,10,2.0
15031,809,2023,2,1,106,5.0
15032,18,2022,1,2,115,3.0
15033,1456,2020,12,3,84,2.0
15034,1321,2019,6,2,5,2.0
15035,1336,2024,1,2,119,5.0
15036,341,2019,12,2,67,4.0
15037,1463,2021,4,3,40,3.0
15038,1449,2020,2,3,143,5.0
15039,1715,2021,9,3,129,5.0
15040,1135,2023,10,5,67,4.0
15041,1464,2022,2,4,67,4.0
15042,803,2019,9,4,137,3.0
15043,1394,2019,5,2,29,5.0
15044,1389,2024,4,3,62,3.0
15045,1560,2020,9,2,86,3.0
15046,1714,2021,1,3,53,4.0
15047,7,2023,3,1,48,5.0
15048,1558,2024,10,3,17,2.0
15049,1585,2020,12,3,41,5.0
15050,1091,2020,11,3,54,4.0
15051,1040,2021,10,2,126,4.0
15052,1446,2021,2,2,51,5.0
15053,911,2023,4,2,25,3.0
15054,828,2023,11,3,127,3.0
15055,1607,2020,9,2,53,3.0
15056,1579,2021,10,4,138,5.0
15057,414,2023,5,3,17,5.0
15058,1659,2022,7,1,4,2.0
15059,653,2022,9,2,139,4.0
15060,275,2023,10,3,15,5.0
15061,1757,2022,9,3,2,2.0
15062,477,2022,1,2,97,5.0
15063,406,2021,3,2,48,4.0
15064,540,2024,6,5,73,3.0
15065,984,2019,9,3,62,5.0
15066,333,2019,12,2,45,4.0
15067,320,2023,4,4,73,3.0
15068,786,2022,10,2,39,4.0
15069,436,2020,8,2,34,4.0
15070,387,2022,4,4,34,2.0
15071,1825,2019,3,5,18,4.0
15072,1192,2022,8,3,79,3.0
15073,28,2021,4,3,83,5.0
15074,204,2022,3,2,3,2.0
15075,1628,2021,3,3,69,4.0
15076,540,2023,3,4,111,3.0
15077,305,2019,2,4,1,3.0
15078,1332,2024,3,1,46,2.0
15079,1677,2021,12,1,145,4.0
15080,798,2020,3,4,65,5.0
15081,1486,2024,5,3,3,3.0
15082,843,2019,6,5,80,4.0
15083,218,2022,9,1,62,3.0
15084,1596,2019,4,5,32,4.0
15085,1838,2024,10,1,12,4.0
15086,1970,2019,10,1,133,4.0
15087,201,2020,7,4,122,5.0
15088,1131,2022,11,3,103,2.0
15089,1247,2024,5,2,3,1.0
15090,159,2021,6,3,131,4.0
15091,1904,2020,8,2,71,3.0
15092,206,2021,3,5,72,3.0
15093,538,2024,1,4,132,4.0
15094,1938,2024,12,3,65,4.0
15095,1113,2019,1,2,36,4.0
15096,1359,2024,1,1,36,3.0
15097,988,2024,2,4,140,3.0
15098,1505,2022,7,1,82,4.0
15099,163,2020,4,1,87,5.0
15100,1352,2021,3,3,89,4.0
15101,134,2023,11,4,34,3.0
15102,360,2020,12,3,63,4.0
15103,1013,2021,11,3,143,3.0
15104,897,2021,4,5,22,4.0
15105,306,2019,2,2,143,3.0
15106,1597,2021,12,1,41,3.0
15107,604,2019,7,2,45,4.0
15108,1733,2019,12,3,3,4.0
15109,30,2021,3,4,100,4.0
15110,475,2023,12,3,48,4.0
15111,594,2024,4,3,69,3.0
15112,1192,2021,10,3,88,3.0
15113,803,2023,2,3,96,3.0
15114,315,2020,9,2,144,5.0
15115,1143,2022,6,1,84,3.0
15116,1917,2022,12,2,27,4.0
15117,268,2020,2,2,106,4.0
15118,505,2021,3,2,9,2.0
15119,957,2023,8,2,127,4.0
15120,1454,2020,10,3,45,3.0
15121,274,2022,11,3,109,3.0
15122,463,2020,2,2,24,3.0
15123,471,2022,1,2,62,4.0
15124,1233,2019,5,1,105,4.0
15125,165,2021,2,3,94,3.0
15126,1319,2022,5,3,1,5.0
15127,851,2023,6,3,6,4.0
15128,657,2021,12,2,148,1.0
15129,1725,2019,1,1,80,3.0
15130,1638,2019,4,4,129,5.0
15131,1606,2022,5,1,11,3.0
15132,1771,2023,7,2,74,3.0
15133,468,2024,4,3,87,4.0
15134,1711,2023,8,3,139,1.0
15135,352,2021,11,3,107,4.0
15136,662,2021,9,4,95,3.0
15137,1112,2024,8,3,45,3.0
15138,1489,2024,2,4,150,3.0
15139,1156,2021,11,2,50,3.0
15140,1119,2021,7,3,42,1.0
15141,753,2019,2,1,109,3.0
15142,1186,2020,8,3,150,4.0
15143,951,2022,6,3,129,5.0
15144,955,2022,11,3,28,5.0
15145,1172,2022,8,4,123,3.0
15146,1201,2020,12,3,54,4.0
15147,660,2020,12,3,34,3.0
15148,272,2021,3,4,141,3.0
15149,600,2024,4,4,143,3.0
15150,818,2024,3,1,56,3.0
15151,322,2019,3,3,4,5.0
15152,356,2021,9,5,32,3.0
15153,1902,2022,12,2,82,3.0
15154,561,2020,6,3,9,3.0
15155,1478,2021,10,2,35,3.0
15156,256,2019,9,4,23,3.0
15157,1945,2021,4,4,143,4.0
15158,425,2024,11,5,54,4.0
15159,788,2024,6,3,58,4.0
15160,1564,2019,1,3,64,3.0
15161,403,2022,9,3,2,4.0
15162,1100,2024,11,4,82,3.0
15163,1572,2023,3,4,137,4.0
15164,48,2019,4,1,123,2.0
15165,51,2021,9,2,38,3.0
15166,1578,2023,12,3,3,3.0
15167,526,2024,4,1,117,4.0
15168,1819,2020,6,3,127,4.0
15169,1855,2020,9,4,139,4.0
15170,1761,2020,11,2,87,3.0
15171,1994,2024,1,2,72,3.0
15172,1647,2020,3,4,114,3.0
15173,767,2021,11,3,104,4.0
15174,1985,2019,7,4,114,2.0
15175,692,2024,10,1,43,3.0
15176,1173,2019,1,2,136,3.0
15177,12,2022,2,1,6,4.0
15178,1926,2019,9,3,15,5.0
15179,1184,2021,5,4,99,3.0
15180,1898,2022,12,3,86,4.0
15181,706,2023,6,1,84,3.0
15182,627,2022,11,1,137,3.0
15183,1045,2021,7,4,131,3.0
15184,1727,2020,9,1,108,4.0
15185,1098,2023,8,2,25,2.0
15186,1585,2023,2,3,15,3.0
15187,429,2023,10,2,21,4.0
15188,1552,2023,12,3,93,4.0
15189,1465,2020,5,2,107,4.0
15190,1793,2024,5,2,120,3.0
15191,116,2024,8,2,16,
15192,769,2021,8,3,42,5.0
15193,178,2020,5,2,51,3.0
15194,801,2021,4,5,95,3.0
15195,1518,2021,12,2,7,4.0
15196,1281,2024,10,4,127,4.0
15197,1506,2020,7,2,13,4.0
15198,1476,2024,5,2,79,2.0
15199,1985,2020,5,3,140,4.0
15200,1760,2024,5,4,30,4.0
15201,1173,2024,8,1,104,5.0
15202,1752,2022,1,2,83,3.0
15203,96,2019,8,4,123,4.0
15204,1443,2022,7,2,89,4.0
15205,1045,2024,2,4,128,3.0
15206,1914,2024,4,1,61,3.0
15207,1008,2021,4,4,25,4.0
15208,358,2021,12,3,102,3.0
15209,1449,2021,12,2,146,3.0
15210,1901,2020,10,1,65,4.0
15211,33,2022,9,4,123,2.0
15212,129,2024,12,2,132,3.0
15213,1323,2020,9,2,97,3.0
15214,1112,2024,5,2,119,3.0
15215,1098,2019,5,2,85,4.0
15216,181,2019,8,3,121,4.0
15217,1145,2024,5,3,51,4.0
15218,1137,2019,6,4,79,3.0
15219,1699,2021,12,2,12,5.0
15220,781,2024,11,4,30,4.0
15221,696,2021,8,5,87,3.0
15222,164,2020,4,1,109,3.0
15223,1134,2019,6,4,5,5.0
15224,1297,2023,4,2,11,2.0
15225,562,2020,6,3,1,4.0
15226,1463,2019,5,1,78,5.0
15227,1877,2021,6,2,51,2.0
15228,349,2020,6,1,8,5.0
15229,1146,2024,8,2,120,5.0
15230,1389,2023,11,1,80,3.0
15231,37,2024,7,5,2,2.0
15232,359,2024,3,4,103,4.0
15233,792,2024,3,3,137,3.0
15234,275,2022,8,2,63,4.0
15235,712,2020,12,5,143,4.0
15236,295,2019,4,5,63,4.0
15237,1794,2019,2,4,12,2.0
15238,1199,2020,1,3,19,3.0
15239,659,2024,4,2,11,3.0
15240,1558,2020,12,4,46,4.0
15241,37,2019,10,3,58,4.0
15242,1194,2024,10,3,67,2.0
15243,1367,2021,4,2,73,5.0
15244,1619,2021,12,1,130,4.0
15245,445,2020,5,5,2,4.0
15246,1183,2024,5,3,135,4.0
15247,1536,2021,12,3,36,3.0
15248,1595,2024,10,1,144,3.0
15249,352,2024,4,3,21,4.0
15250,1954,2021,8,2,16,3.0
15251,548,2023,5,4,19,4.0
15252,782,2019,8,3,45,2.0
15253,385,2023,2,2,142,5.0
15254,300,2024,1,1,70,4.0
15255,511,2020,12,2,25,3.0
15256,271,2019,1,2,97,5.0
15257,1466,2019,5,4,77,4.0
15258,1195,2024,3,4,106,3.0
15259,781,2020,1,2,112,4.0
15260,1095,2021,9,3,118,4.0
15261,1209,2021,4,5,23,2.0
15262,369,2020,10,2,75,2.0
15263,594,2019,7,3,95,3.0
15264,1765,2021,8,1,84,3.0
15265,25,2024,9,3,146,4.0
15266,1914,2021,3,2,145,3.0
15267,1929,2023,6,2,122,3.0
15268,507,2023,10,2,37,5.0
15269,642,2023,3,3,80,5.0
15270,414,2022,2,2,121,2.0
15271,1122,2021,5,4,41,5.0
15272,428,2020,11,3,107,5.0
15273,1582,2020,4,1,38,3.0
15274,775,2022,5,3,22,4.0
15275,1935,2021,2,1,36,2.0
15276,1707,2021,9,1,139,2.0
15277,803,2021,5,1,150,4.0
15278,1192,2024,3,4,129,3.0
15279,49,2022,2,3,41,4.0
15280,136,2024,4,1,117,4.0
15281,1013,2024,3,3,33,5.0
15282,946,2022,6,2,20,3.0
15283,797,2019,6,4,39,3.0
15284,181,2024,6,5,21,4.0
15285,1680,2021,5,2,97,3.0
15286,813,2021,2,2,103,5.0
15287,941,2021,10,4,6,4.0
15288,808,2019,7,3,17,4.0
15289,995,2022,3,4,72,5.0
15290,1297,2019,1,3,17,5.0
15291,1528,2023,12,2,125,3.0
15292,1099,2024,12,4,61,3.0
15293,332,2021,3,2,62,3.0
15294,1750,2021,6,1,1,4.0
15295,570,2023,7,5,106,2.0
15296,33,2024,6,3,109,5.0
15297,79,2019,11,2,114,3.0
15298,1548,2021,7,2,82,4.0
15299,774,2020,4,1,41,4.0
15300,46,2019,10,3,12,3.0
15301,1623,2019,11,4,48,5.0
15302,609,2022,1,3,82,4.0
15303,1956,2023,11,4,18,3.0
15304,1760,2022,9,3,9,4.0
15305,97,2020,12,1,33,4.0
15306,1381,2021,11,3,11,3.0
15307,1207,2024,1,1,3,3.0
15308,344,2024,6,1,73,4.0
15309,687,2019,1,2,112,4.0
15310,982,2022,1,4,75,3.0
15311,293,2022,12,2,14,4.0
15312,1444,2021,3,3,51,2.0
15313,555,2021,1,4,6,5.0
15314,1875,2023,12,3,94,3.0
15315,1604,2024,5,1,35,2.0
15316,1269,2020,2,3,59,3.0
15317,240,2024,4,4,136,3.0
15318,50,2024,1,3,89,3.0
15319,292,2019,9,2,115,4.0
15320,1000,2020,12,3,53,3.0
15321,1563,2021,5,3,140,3.0
15322,306,2022,11,3,108,4.0
15323,1415,2020,5,1,78,5.0
15324,96,2021,6,5,87,3.0
15325,532,2019,3,5,94,5.0
15326,1198,2019,1,2,25,5.0
15327,1657,2021,2,2,38,3.0
15328,1554,2022,8,2,103,4.0
15329,1066,2021,2,3,67,3.0
15330,73,2021,10,2,118,4.0
15331,587,2021,12,3,79,2.0
15332,1568,2022,4,5,10,4.0
15333,163,2023,4,2,100,5.0
15334,1413,2022,3,2,92,3.0
15335,1408,2019,5,1,55,4.0
15336,1504,2019,11,2,119,3.0
15337,435,2021,5,4,53,3.0
15338,490,2020,10,1,18,5.0
15339,398,2022,4,3,19,3.0
15340,788,2023,6,2,136,3.0
15341,1048,2020,6,2,57,4.0
15342,240,2021,11,2,63,5.0
15343,1135,2020,6,4,46,4.0
15344,478,2021,8,4,111,5.0
15345,1125,2021,11,1,91,2.0
15346,606,2019,12,3,135,3.0
15347,1910,2022,11,3,135,5.0
15348,639,2020,2,1,149,3.0
15349,1743,2023,2,2,50,3.0
15350,351,2023,6,2,88,3.0
15351,170,2020,5,4,52,2.0
15352,378,2024,9,3,106,3.0
15353,839,2019,6,4,113,4.0
15354,1803,2022,5,5,38,3.0
15355,353,2023,2,3,129,4.0
15356,1568,2022,5,3,44,3.0
15357,1394,2022,7,5,148,4.0
15358,689,2021,9,2,128,2.0
15359,673,2019,3,1,3,
15360,1896,2023,8,3,60,3.0
15361,1430,2024,7,3,59,3.0
15362,478,2023,4,5,124,4.0
15363,1824,2019,11,3,109,2.0
15364,814,2020,6,3,8,4.0
15365,160,2023,4,3,127,4.0
15366,1628,2023,9,3,33,3.0
15367,1738,2021,3,4,56,5.0
15368,886,2020,8,3,26,4.0
15369,1408,2021,9,4,24,3.0
15370,470,2019,6,2,80,4.0
15371,1701,2019,3,4,13,3.0
15372,738,2019,4,5,13,3.0
15373,535,2023,3,5,118,5.0
15374,1002,2019,2,5,52,4.0
15375,535,2022,12,3,98,5.0
15376,1242,2020,11,3,148,1.0
15377,1496,2023,7,1,8,4.0
15378,812,2019,10,2,120,5.0
15379,1567,2024,8,4,17,3.0
15380,863,2019,8,2,115,3.0
15381,1941,2024,9,3,46,4.0
15382,528,2019,7,3,21,5.0
15383,1410,2019,7,3,35,3.0
15384,1071,2019,2,2,55,4.0
15385,1888,2023,8,4,110,3.0
15386,439,2021,6,2,103,5.0
15387,394,2021,3,4,110,4.0
15388,1736,2023,6,1,4,5.0
15389,1803,2020,11,4,147,4.0
15390,1495,2022,6,4,66,3.0
15391,950,2020,6,5,17,4.0
15392,821,2019,3,1,140,4.0
15393,1334,2024,10,4,119,1.0
15394,1495,2021,2,2,13,5.0
15395,552,2024,11,2,66,4.0
15396,14,2021,12,2,136,4.0
15397,148,2024,3,4,103,4.0
15398,689,2020,7,5,30,2.0
15399,1364,2022,8,3,106,4.0
15400,881,2021,11,2,29,3.0
15401,1237,2024,4,2,53,3.0
15402,940,2021,9,2,30,5.0
15403,504,2023,2,1,105,5.0
15404,1498,2021,10,4,140,3.0
15405,1447,2021,10,1,7,4.0
15406,1926,2023,3,3,91,3.0
15407,1652,2022,2,3,38,3.0
15408,760,2021,2,1,113,3.0
15409,1410,2019,10,2,21,3.0
15410,702,2019,8,1,55,4.0
15411,1746,2022,5,3,31,3.0
15412,1222,2019,7,3,131,4.0
15413,1670,2022,7,4,13,3.0
15414,563,2024,2,2,88,3.0
15415,30,2023,6,2,19,3.0
15416,283,2023,8,3,90,4.0
15417,1063,2020,8,4,116,3.0
15418,1924,2022,3,3,113,3.0
15419,1255,2020,12,5,6,5.0
15420,1620,2024,2,1,117,2.0
15421,939,2019,11,4,45,4.0
15422,1917,2022,12,3,103,4.0
15423,1882,2021,10,2,145,4.0
15424,436,2019,7,2,18,
15425,1725,2020,3,2,55,3.0
15426,36,2023,4,2,131,3.0
15427,1186,2022,7,2,22,5.0
15428,875,2019,2,4,40,5.0
15429,603,2019,9,1,83,4.0
15430,1868,2022,12,4,150,3.0
15431,1325,2022,9,3,45,2.0
15432,277,2021,12,2,58,2.0
15433,279,2019,6,3,120,3.0
15434,235,2019,4,2,18,3.0
15435,609,2019,1,1,50,3.0
15436,138,2019,6,3,48,5.0
15437,529,2022,2,2,61,5.0
15438,1531,2021,8,2,87,5.0
15439,1748,2020,10,3,34,3.0
15440,1572,2022,2,3,59,3.0
15441,993,2023,7,4,138,3.0
15442,1391,2020,7,3,125,5.0
15443,1888,2022,4,3,144,4.0
15444,107,2019,3,3,103,3.0
15445,1810,2022,9,5,88,4.0
15446,1447,2021,3,1,33,4.0
15447,773,2019,1,3,24,4.0
15448,898,2023,8,1,81,5.0
15449,878,2020,1,2,61,4.0
15450,316,2023,4,4,119,3.0
15451,461,2021,2,2,2,4.0
15452,591,2023,7,1,134,4.0
15453,12,2023,3,3,26,4.0
15454,1003,2021,4,3,60,4.0
15455,954,2023,5,5,54,
15456,660,2021,6,5,139,5.0
15457,353,2022,9,2,109,3.0
15458,1940,2020,12,4,6,5.0
15459,1358,2021,8,3,128,4.0
15460,950,2019,6,3,102,4.0
15461,1446,2021,8,1,11,5.0
15462,745,2019,7,4,118,5.0
15463,432,2021,1,3,6,5.0
15464,1347,2024,6,5,64,4.0
15465,1542,2021,9,4,25,4.0
15466,1302,2021,11,3,2,4.0
15467,1133,2024,2,4,84,4.0
15468,5,2019,9,2,104,4.0
15469,1276,2023,2,4,72,4.0
15470,1237,2022,1,1,52,3.0
15471,825,2021,1,2,78,4.0
15472,488,2020,2,4,23,3.0
15473,1959,2022,2,1,8,2.0
15474,751,2021,7,4,24,3.0
15475,545,2021,12,1,9,3.0
15476,1413,2023,10,3,116,3.0
15477,964,2021,9,3,92,4.0
15478,1115,2023,2,1,29,2.0
15479,1297,2020,12,4,86,3.0
15480,738,2023,7,1,73,5.0
15481,305,2022,1,4,17,4.0
15482,335,2024,8,5,146,4.0
15483,1880,2021,9,3,141,5.0
15484,1011,2020,5,5,114,3.0
15485,835,2021,9,3,122,5.0
15486,639,2022,9,5,83,4.0
15487,1444,2021,7,4,121,5.0
15488,1826,2024,5,3,80,4.0
15489,1538,2019,12,5,25,3.0
15490,1069,2020,8,3,26,5.0
15491,951,2024,6,3,129,4.0
15492,1732,2023,10,4,67,3.0
15493,1713,2019,3,3,110,5.0
15494,781,2024,12,1,22,5.0
15495,1929,2021,9,2,68,3.0
15496,1655,2022,8,3,13,4.0
15497,1693,2019,4,1,34,4.0
15498,114,2019,5,3,17,3.0
15499,261,2023,12,2,32,3.0
15500,597,2020,9,2,91,3.0
15501,1523,2019,2,4,1,5.0
15502,157,2023,10,2,30,4.0
15503,166,2020,2,4,104,3.0
15504,64,2024,5,3,23,4.0
15505,384,2020,6,5,84,5.0
15506,1838,2019,5,4,131,3.0
15507,1443,2021,6,3,118,4.0
15508,1434,2020,2,1,19,4.0
15509,586,2022,8,4,23,3.0
15510,1251,2020,9,4,106,3.0
15511,1558,2024,11,1,52,4.0
15512,1065,2021,6,5,63,3.0
15513,1713,2023,7,3,72,4.0
15514,1140,2023,2,1,87,3.0
15515,650,2024,5,2,68,4.0
15516,1278,2022,7,4,4,3.0
15517,1887,2020,5,3,15,3.0
15518,1654,2022,12,4,1,5.0
15519,997,2021,4,3,40,1.0
15520,1194,2022,1,1,123,4.0
15521,1952,2020,11,2,146,4.0
15522,1498,2022,7,4,72,4.0
15523,1006,2024,1,2,5,4.0
15524,562,2023,12,5,11,4.0
15525,1812,2024,3,2,123,3.0
15526,1954,2019,12,5,52,3.0
15527,142,2022,5,1,133,4.0
15528,64,2019,5,3,76,4.0
15529,231,2020,3,1,132,4.0
15530,774,2023,3,2,21,3.0
15531,320,2019,10,4,129,4.0
15532,1765,2021,6,2,82,3.0
15533,1829,2019,7,4,66,3.0
15534,362,2020,4,3,80,3.0
15535,1659,2019,6,4,50,2.0
15536,283,2021,6,2,91,2.0
15537,1575,2022,4,5,116,3.0
15538,731,2022,8,4,122,5.0
15539,81,2024,6,5,147,3.0
15540,857,2019,10,1,62,5.0
15541,1646,2021,10,2,116,4.0
15542,1867,2022,8,4,134,3.0
15543,243,2019,2,3,3,2.0
15544,1673,2019,11,2,72,2.0
15545,587,2020,9,3,106,4.0
15546,929,2024,9,3,69,4.0
15547,218,2022,8,3,16,4.0
15548,1946,2022,7,3,99,3.0
15549,1581,2022,7,3,61,3.0
15550,1285,2023,2,2,93,5.0
15551,1455,2022,12,3,1,4.0
15552,1748,2023,10,2,2,4.0
15553,287,2020,11,2,91,4.0
15554,493,2023,9,3,148,5.0
15555,75,2019,4,5,96,3.0
15556,978,2021,5,2,142,3.0
15557,989,2020,11,5,128,3.0
15558,60,2019,3,3,43,3.0
15559,1324,2022,8,5,16,5.0
15560,18,2024,8,2,84,3.0
15561,1586,2019,3,3,94,3.0
15562,1411,2024,2,3,116,2.0
15563,1631,2024,1,5,79,4.0
15564,237,2024,10,1,139,3.0
15565,1741,2019,4,1,127,5.0
15566,1096,2024,3,4,88,5.0
15567,1727,2021,11,1,83,3.0
15568,1393,2022,8,5,3,3.0
15569,1313,2020,1,1,118,5.0
15570,65,2022,4,1,103,3.0
15571,1384,2022,6,2,135,4.0
15572,898,2023,6,4,14,1.0
15573,1699,2021,10,3,22,4.0
15574,1369,2019,10,5,101,3.0
15575,149,2022,1,3,74,4.0
15576,1780,2023,4,3,89,3.0
15577,126,2019,8,3,66,4.0
15578,599,2023,1,3,97,4.0
15579,434,2023,7,3,99,3.0
15580,1949,2022,1,5,29,4.0
15581,307,2024,7,5,115,4.0
15582,1690,2021,1,1,75,2.0
15583,445,2019,9,3,87,4.0
15584,1302,2022,6,3,93,3.0
15585,181,2022,12,4,112,4.0
15586,784,2024,1,2,46,4.0
15587,1247,2020,11,5,2,4.0
15588,1423,2019,5,3,28,4.0
15589,1745,2023,6,2,145,3.0
15590,1633,2020,9,4,34,3.0
15591,1038,2020,8,3,38,3.0
15592,607,2023,11,5,129,5.0
15593,523,2020,10,1,36,3.0
15594,1986,2023,3,1,70,3.0
15595,1217,2020,4,5,56,4.0
15596,1818,2022,11,3,100,4.0
15597,868,2022,10,2,90,5.0
15598,972,2022,12,4,78,3.0
15599,1652,2020,11,5,76,4.0
15600,1446,2019,8,5,126,4.0
15601,402,2022,12,5,88,4.0
15602,1049,2021,9,2,77,2.0
15603,427,2024,11,4,134,3.0
15604,1522,2024,6,1,14,2.0
15605,60,2019,12,2,126,3.0
15606,1654,2021,1,2,30,3.0
15607,1859,2021,11,2,50,5.0
15608,47,2021,12,2,2,4.0
15609,1261,2023,10,4,86,3.0
15610,159,2021,12,5,125,4.0
15611,721,2019,6,2,58,3.0
15612,673,2021,4,1,100,4.0
15613,1040,2023,2,2,59,4.0
15614,1836,2021,3,3,114,3.0
15615,924,2020,11,4,150,4.0
15616,797,2023,1,4,108,4.0
15617,186,2019,3,3,52,4.0
15618,1776,2021,6,5,124,4.0
15619,630,2019,5,3,6,5.0
15620,925,2022,12,4,149,4.0
15621,185,2024,1,3,126,3.0
15622,578,2021,1,3,99,4.0
15623,1107,2024,4,2,94,3.0
15624,1802,2024,8,1,38,1.0
15625,658,2023,5,3,65,2.0
15626,1122,2020,11,2,16,2.0
15627,1752,2019,2,3,51,4.0
15628,721,2019,5,3,89,4.0
15629,590,2021,8,3,55,4.0
15630,89,2021,8,2,116,4.0
15631,1816,2020,7,4,128,5.0
15632,222,2024,6,2,85,5.0
15633,431,2023,2,1,52,4.0
15634,279,2023,1,2,46,5.0
15635,1416,2022,1,1,83,5.0
15636,730,2022,7,2,108,5.0
15637,1410,2024,11,4,20,4.0
15638,1215,2021,2,4,68,5.0
15639,31,2019,1,3,67,3.0
15640,616,2020,9,2,43,3.0
15641,9,2020,7,5,36,5.0
15642,132,2024,4,4,127,4.0
15643,947,2022,1,1,65,2.0
15644,530,2021,10,3,87,3.0
15645,179,2019,8,5,6,3.0
15646,818,2023,8,5,43,2.0
15647,904,2022,3,2,34,4.0
15648,1985,2023,12,3,50,2.0
15649,1324,2019,1,3,127,3.0
15650,786,2022,9,4,86,3.0
15651,947,2021,9,5,136,2.0
15652,179,2020,9,3,64,2.0
15653,774,2020,8,1,116,4.0
15654,1163,2020,4,4,25,4.0
15655,42,2023,6,5,123,1.0
15656,1840,2019,6,4,92,3.0
15657,1031,2024,11,1,6,5.0
15658,1574,2024,9,4,104,4.0
15659,552,2024,6,1,72,5.0
15660,1673,2024,9,5,1,3.0
15661,734,2020,12,4,128,4.0
15662,1857,2021,9,1,81,3.0
15663,1045,2019,5,1,91,2.0
15664,1274,2024,1,2,87,4.0
15665,408,2023,11,2,14,
15666,1990,2019,1,1,50,5.0
15667,386,2024,7,4,106,3.0
15668,67,2019,1,1,51,3.0
15669,880,2023,11,5,134,4.0
15670,1670,2019,1,2,48,5.0
15671,1843,2023,9,3,69,4.0
15672,1715,2024,10,3,67,2.0
15673,1107,2024,9,2,3,4.0
15674,1834,2019,7,3,122,4.0
15675,985,2019,8,4,21,1.0
15676,957,2019,7,1,71,3.0
15677,362,2023,10,2,137,2.0
15678,1576,2020,2,4,150,5.0
15679,633,2021,11,2,35,4.0
15680,391,2021,10,1,57,5.0
15681,740,2021,12,2,85,5.0
15682,1207,2021,2,3,105,3.0
15683,541,2021,3,5,38,4.0
15684,718,2020,3,2,83,5.0
15685,661,2021,5,3,126,4.0
15686,1193,2023,10,2,115,2.0
15687,1429,2019,10,5,124,4.0
15688,1352,2024,9,5,134,4.0
15689,283,2021,5,2,130,3.0
15690,695,2020,2,1,77,5.0
15691,1297,2021,9,3,147,2.0
15692,433,2024,1,3,75,3.0
15693,139,2023,3,3,107,3.0
15694,644,2023,5,2,142,4.0
15695,1358,2020,10,1,7,3.0
15696,1328,2024,8,1,141,3.0
15697,260,2023,2,4,124,4.0
15698,1354,2019,3,3,150,5.0
15699,389,2021,11,2,116,3.0
15700,1483,2024,8,5,24,4.0
15701,1134,2022,8,4,46,3.0
15702,254,2022,5,4,1,3.0
15703,701,2021,10,3,92,3.0
15704,1638,2019,8,3,66,2.0
15705,866,2024,1,3,72,2.0
15706,1377,2023,9,2,111,3.0
15707,1497,2020,4,4,124,4.0
15708,62,2020,11,3,11,4.0
15709,1863,2022,8,3,138,3.0
15710,672,2023,3,3,57,5.0
15711,1587,2019,1,2,113,3.0
15712,934,2022,2,4,88,4.0
15713,1154,2024,3,2,67,3.0
15714,722,2021,2,4,32,4.0
15715,1707,2019,8,5,29,3.0
15716,235,2019,2,3,110,3.0
15717,1793,2019,6,2,49,4.0
15718,415,2024,4,2,35,3.0
15719,1767,2021,8,4,1,4.0
15720,50,2019,1,2,127,4.0
15721,28,2024,5,4,60,1.0
15722,187,2023,10,3,53,5.0
15723,1096,2019,3,4,56,4.0
15724,533,2023,11,3,90,4.0
15725,1196,2020,3,3,73,5.0
15726,1640,2019,9,1,82,3.0
15727,55,2019,4,5,42,3.0
15728,1054,2022,5,3,45,2.0
15729,1479,2024,7,3,130,4.0
15730,849,2024,9,1,66,3.0
15731,1851,2023,7,3,146,3.0
15732,1325,2024,7,3,127,2.0
15733,70,2020,4,3,107,3.0
15734,1084,2019,8,3,83,4.0
15735,768,2019,1,3,126,5.0
15736,264,2020,2,4,9,3.0
15737,1901,2023,2,2,75,3.0
15738,446,2019,11,4,107,4.0
15739,167,2021,8,1,17,5.0
15740,446,2023,5,3,28,4.0
15741,1647,2024,8,3,10,4.0
15742,1200,2019,4,5,73,3.0
15743,1640,2020,9,2,82,4.0
15744,924,2019,5,3,71,4.0
15745,234,2019,8,4,9,1.0
15746,776,2021,3,4,73,4.0
15747,400,2020,1,5,134,5.0
15748,1114,2024,12,2,5,3.0
15749,539,2021,8,4,117,2.0
15750,1941,2020,8,5,41,3.0
15751,755,2021,8,3,12,3.0
15752,629,2023,11,3,8,4.0
15753,1969,2021,1,2,2,5.0
15754,1041,2019,12,2,63,4.0
15755,341,2021,6,2,75,3.0
15756,961,2022,7,1,94,3.0
15757,510,2020,12,3,13,5.0
15758,1434,2022,10,4,99,4.0
15759,1148,2020,5,2,111,5.0
15760,1461,2024,11,1,10,3.0
15761,1881,2024,1,2,102,5.0
15762,1459,2023,2,4,18,4.0
15763,682,2024,3,3,66,3.0
15764,404,2019,4,4,100,2.0
15765,1059,2022,9,2,131,3.0
15766,899,2021,5,3,80,3.0
15767,627,2023,11,4,66,3.0
15768,1623,2019,8,4,126,4.0
15769,1819,2020,8,3,33,3.0
15770,764,2020,10,5,31,2.0
15771,1362,2022,5,1,70,2.0
15772,1969,2024,5,3,19,2.0
15773,24,2024,2,3,4,3.0
15774,730,2021,11,5,55,3.0
15775,1476,2019,3,3,23,3.0
15776,996,2024,8,3,96,4.0
15777,1584,2022,10,5,83,5.0
15778,950,2019,5,1,73,5.0
15779,129,2022,2,2,75,2.0
15780,868,2024,9,2,15,4.0
15781,810,2024,4,1,61,4.0
15782,1692,2024,11,3,11,4.0
15783,295,2024,6,2,54,3.0
15784,311,2022,5,2,102,5.0
15785,283,2022,9,1,148,3.0
15786,1136,2019,5,1,45,4.0
15787,1992,2022,10,2,40,4.0
15788,1238,2024,9,3,101,4.0
15789,1633,2023,11,2,138,2.0
15790,1703,2024,6,5,45,3.0
15791,1202,2020,2,2,126,4.0
15792,1219,2020,3,2,48,4.0
15793,487,2024,1,2,96,4.0
15794,1921,2024,11,2,32,3.0
15795,1576,2022,3,5,40,3.0
15796,1745,2024,3,4,148,4.0
15797,1968,2023,8,2,59,5.0
15798,698,2020,3,5,3,2.0
15799,288,2022,12,3,116,4.0
15800,1720,2021,11,4,20,1.0
15801,946,2023,6,2,17,3.0
15802,1917,2021,8,2,126,4.0
15803,1389,2020,5,3,53,5.0
15804,515,2021,6,3,21,3.0
15805,710,2021,6,5,147,4.0
15806,1221,2024,5,1,43,4.0
15807,789,2019,6,1,95,3.0
15808,564,2024,3,3,40,2.0
15809,420,2020,8,3,88,2.0
15810,1300,2020,1,3,105,2.0
15811,71,2021,11,3,114,4.0
15812,188,2022,11,2,62,4.0
15813,86,2024,3,1,93,4.0
15814,1469,2022,1,4,127,3.0
15815,59,2019,6,3,127,5.0
15816,840,2021,1,4,113,3.0
15817,243,2024,5,3,60,4.0
15818,1175,2023,10,5,80,3.0
15819,69,2020,4,5,146,2.0
15820,52,2022,11,3,38,5.0
15821,823,2023,1,4,104,4.0
15822,1391,2020,9,1,119,3.0
15823,220,2022,7,1,73,4.0
15824,992,2021,3,4,130,5.0
15825,1621,2020,6,1,65,5.0
15826,1251,2024,4,4,126,3.0
15827,1501,2020,8,2,97,3.0
15828,632,2020,12,2,8,2.0
15829,1885,2019,7,2,124,3.0
15830,292,2021,9,5,105,3.0
15831,1211,2022,8,4,34,4.0
15832,871,2024,10,4,106,3.0
15833,64,2023,7,4,77,3.0
15834,1888,2024,6,4,142,5.0
15835,1405,2024,2,2,46,2.0
15836,456,2023,10,5,40,3.0
15837,105,2024,11,2,9,2.0
15838,1352,2020,12,3,118,4.0
15839,1091,2023,9,4,148,2.0
15840,100,2022,5,4,104,3.0
15841,1973,2021,9,3,56,3.0
15842,1437,2022,4,3,132,5.0
15843,926,2023,11,3,39,2.0
15844,477,2021,1,1,104,2.0
15845,543,2024,11,3,90,3.0
15846,904,2019,9,3,128,4.0
15847,115,2020,11,3,146,3.0
15848,736,2021,3,1,54,4.0
15849,435,2023,7,3,15,4.0
15850,226,2022,4,1,24,2.0
15851,252,2024,9,3,111,3.0
15852,692,2024,8,4,55,4.0
15853,766,2021,9,2,21,4.0
15854,701,2023,9,5,123,3.0
15855,1380,2020,1,4,98,4.0
15856,1045,2019,5,2,20,4.0
15857,386,2021,4,2,107,5.0
15858,1945,2020,12,1,96,5.0
15859,1461,2023,7,4,148,2.0
15860,941,2022,2,1,149,4.0
15861,99,2019,5,3,147,4.0
15862,1829,2021,7,4,135,3.0
15863,1490,2021,4,2,119,2.0
15864,924,2019,8,2,101,3.0
15865,324,2022,10,2,82,4.0
15866,216,2024,8,4,119,4.0
15867,580,2024,7,5,145,2.0
15868,461,2024,8,5,18,3.0
15869,419,2024,4,1,21,3.0
15870,816,2024,8,3,75,3.0
15871,94,2019,1,3,45,2.0
15872,651,2021,10,5,80,2.0
15873,1743,2022,5,3,47,3.0
15874,1732,2024,10,3,118,4.0
15875,17,2021,4,3,135,3.0
15876,1358,2023,12,4,43,2.0
15877,1983,2023,7,3,116,3.0
15878,1157,2022,12,1,16,3.0
15879,781,2020,4,5,120,4.0
15880,983,2019,7,3,105,5.0
15881,427,2021,9,2,107,4.0
15882,795,2020,9,3,74,4.0
15883,1874,2022,4,2,17,3.0
15884,1225,2020,5,3,127,4.0
15885,862,2024,3,3,17,3.0
15886,250,2024,8,5,73,5.0
15887,1813,2024,5,1,27,3.0
15888,326,2022,1,3,127,3.0
15889,1444,2019,4,2,87,3.0
15890,607,2024,5,1,77,4.0
15891,558,2019,7,4,48,3.0
15892,343,2022,11,4,118,3.0
15893,751,2023,12,5,32,3.0
15894,1355,2019,9,3,109,3.0
15895,834,2021,11,2,146,4.0
15896,50,2021,1,2,40,4.0
15897,529,2020,11,3,103,4.0
15898,321,2019,7,3,47,3.0
15899,804,2024,5,1,140,4.0
15900,1806,2024,5,5,135,5.0
15901,1926,2019,5,5,48,3.0
15902,1996,2020,10,4,35,5.0
15903,226,2021,6,2,13,5.0
15904,976,2020,2,2,105,3.0
15905,92,2019,11,4,138,5.0
15906,991,2022,8,2,22,4.0
15907,1154,2021,5,2,123,2.0
15908,1547,2023,9,3,114,2.0
15909,673,2020,5,1,71,3.0
15910,73,2022,8,1,34,3.0
15911,909,2020,1,1,98,3.0
15912,855,2019,4,2,90,3.0
15913,1249,2023,5,3,122,3.0
15914,200,2023,10,4,85,5.0
15915,1227,2022,10,2,8,4.0
15916,802,2019,10,2,31,4.0
15917,1479,2023,6,1,58,2.0
15918,1968,2022,5,3,74,3.0
15919,456,2021,7,1,53,3.0
15920,1508,2022,4,2,132,3.0
15921,256,2019,7,4,43,4.0
15922,1971,2020,8,5,103,3.0
15923,962,2019,12,2,55,3.0
15924,1493,2021,5,2,149,3.0
15925,1556,2024,2,4,138,4.0
15926,1217,2019,5,3,118,3.0
15927,769,2021,10,2,115,4.0
15928,1509,2020,6,5,97,3.0
15929,953,2024,5,3,89,5.0
15930,1319,2022,6,5,85,5.0
15931,1227,2020,4,4,5,4.0
15932,929,2020,10,5,141,4.0
15933,235,2022,9,1,148,5.0
15934,586,2019,12,2,80,4.0
15935,1876,2019,2,2,131,4.0
15936,1041,2023,9,4,61,5.0
15937,1273,2023,1,2,17,4.0
15938,517,2023,2,2,126,2.0
15939,1412,2020,11,2,77,4.0
15940,974,2024,5,2,142,5.0
15941,438,2020,4,4,32,4.0
15942,293,2024,3,5,72,3.0
15943,791,2020,2,2,101,3.0
15944,1131,2021,8,1,21,5.0
15945,561,2024,7,4,150,3.0
15946,491,2021,8,3,92,2.0
15947,540,2023,2,3,26,3.0
15948,588,2022,12,2,112,4.0
15949,1479,2019,1,3,132,2.0
15950,999,2023,6,1,57,4.0
15951,939,2021,7,3,92,4.0
15952,326,2021,2,5,113,4.0
15953,1090,2020,7,5,22,3.0
15954,1925,2024,8,4,80,4.0
15955,1492,2022,7,2,84,3.0
15956,894,2022,5,5,46,4.0
15957,614,2022,12,3,45,2.0
15958,705,2020,3,3,95,4.0
15959,54,2022,9,2,113,3.0
15960,59,2023,5,4,59,2.0
15961,1553,2019,5,4,22,4.0
15962,1687,2019,3,3,119,3.0
15963,1938,2019,9,2,27,4.0
15964,1252,2024,3,2,1,4.0
15965,1859,2022,5,3,49,4.0
15966,833,2021,6,2,123,4.0
15967,509,2020,1,3,114,3.0
15968,492,2023,10,1,46,2.0
15969,474,2022,4,4,78,3.0
15970,1491,2022,11,2,144,1.0
15971,20,2023,8,3,108,3.0
15972,1891,2019,4,4,114,4.0
15973,1550,2023,8,2,14,3.0
15974,762,2023,6,3,37,4.0
15975,1404,2020,6,2,16,3.0
15976,270,2020,11,4,147,3.0
15977,863,2022,8,3,52,3.0
15978,219,2021,12,3,75,5.0
15979,225,2024,12,3,83,5.0
15980,13,2019,11,3,79,3.0
15981,1592,2020,6,3,8,
15982,1488,2023,6,3,137,3.0
15983,1786,2023,11,3,58,5.0
15984,1963,2024,11,3,138,3.0
15985,1930,2019,5,4,115,2.0
15986,1986,2019,9,3,105,3.0
15987,32,2024,8,5,106,3.0
15988,1569,2023,2,3,147,4.0
15989,1447,2023,2,4,46,3.0
15990,325,2024,2,3,50,4.0
15991,274,2020,4,2,101,3.0
15992,1956,2019,12,3,35,5.0
15993,1766,2020,4,3,121,4.0
15994,656,2024,12,2,5,3.0
15995,150,2022,6,4,135,1.0
15996,668,2019,6,3,52,3.0
15997,11,2023,4,3,1,4.0
15998,1375,2024,8,2,91,3.0
15999,761,2019,8,3,42,4.0
16000,99,2022,4,2,46,3.0
16001,1960,2023,10,3,73,4.0
16002,1652,2024,9,3,87,3.0
16003,1810,2022,9,2,21,5.0
16004,1995,2021,6,2,8,4.0
16005,29,2024,8,2,70,3.0
16006,1551,2021,5,2,54,4.0
16007,1576,2022,12,2,88,3.0
16008,1564,2024,6,4,113,3.0
16009,531,2022,4,2,93,4.0
16010,781,2023,6,3,16,5.0
16011,1859,2024,12,3,150,4.0
16012,132,2022,12,2,108,3.0
16013,1283,2021,5,2,8,3.0
16014,1586,2022,11,1,115,3.0
16015,1597,2021,4,1,133,4.0
16016,1195,2023,3,2,86,4.0
16017,1534,2019,3,4,125,2.0
16018,1819,2019,4,2,133,3.0
16019,1532,2021,4,3,145,3.0
16020,232,2019,4,1,144,5.0
16021,490,2023,5,4,30,2.0
16022,611,2020,1,2,6,4.0
16023,687,2021,5,2,98,5.0
16024,722,2020,7,2,102,4.0
16025,440,2024,5,5,86,4.0
16026,1367,2024,6,3,36,3.0
16027,221,2019,3,1,143,4.0
16028,1576,2021,0,2,62,5.0
16029,1318,2024,11,4,112,4.0
16030,1923,2021,12,4,94,4.0
16031,14,2024,5,1,135,5.0
16032,591,2019,10,2,107,4.0
16033,1797,2021,2,1,96,4.0
16034,988,2024,3,1,127,4.0
16035,1122,2020,7,1,9,3.0
16036,58,2019,9,3,106,5.0
16037,1525,2023,9,1,88,4.0
16038,506,2019,5,4,117,3.0
16039,1927,2020,11,3,34,5.0
16040,749,2023,8,3,90,5.0
16041,378,2024,4,5,43,3.0
16042,1188,2019,6,2,18,2.0
16043,955,2021,4,1,87,4.0
16044,942,2023,2,3,4,4.0
16045,1900,2021,1,3,14,3.0
16046,729,2021,6,3,80,3.0
16047,796,2022,1,3,135,3.0
16048,1249,2023,12,2,108,2.0
16049,341,2019,11,3,3,4.0
16050,1658,2019,9,4,17,4.0
16051,460,2019,10,2,65,4.0
16052,484,2021,8,3,65,4.0
16053,22,2020,9,4,6,3.0
16054,686,2021,11,2,39,3.0
16055,1166,2020,7,1,20,5.0
16056,1410,2022,10,3,86,3.0
16057,1798,2020,3,3,99,3.0
16058,1556,2024,11,4,59,2.0
16059,643,2020,9,4,86,5.0
16060,1651,2020,2,4,31,3.0
16061,390,2024,3,2,128,5.0
16062,419,2022,2,2,1,4.0
16063,717,2019,3,3,76,5.0
16064,1079,2019,10,2,49,5.0
16065,407,2019,10,5,68,3.0
16066,1801,2023,12,1,78,3.0
16067,541,2022,2,3,97,3.0
16068,784,2024,7,2,140,4.0
16069,1210,2020,10,4,85,5.0
16070,860,2019,12,3,35,5.0
16071,808,2021,2,1,79,5.0
16072,1970,2019,8,3,77,4.0
16073,872,2019,1,3,130,4.0
16074,227,2023,2,3,85,3.0
16075,1461,2021,11,1,131,5.0
16076,1412,2024,12,3,98,3.0
16077,438,2022,3,3,86,3.0
16078,1701,2022,11,1,50,2.0
16079,784,2024,11,3,39,4.0
16080,302,2021,7,5,15,4.0
16081,345,2020,3,1,83,4.0
16082,1429,2023,9,2,139,4.0
16083,433,2023,7,2,2,2.0
16084,940,2020,5,3,143,3.0
16085,1469,2023,11,4,129,5.0
16086,1706,2024,8,3,66,3.0
16087,980,2020,4,3,48,3.0
16088,1815,2024,5,5,88,4.0
16089,606,2019,4,2,129,5.0
16090,1745,2024,7,4,5,4.0
16091,501,2024,4,4,68,5.0
16092,129,2024,8,1,8,3.0
16093,1451,2021,6,1,97,2.0
16094,1514,2024,1,5,12,4.0
16095,1853,2022,1,2,48,5.0
16096,1844,2019,2,3,111,3.0
16097,205,2024,2,1,113,3.0
16098,1243,2024,1,4,35,2.0
16099,1409,2020,8,2,77,3.0
16100,1202,2020,8,3,28,5.0
16101,38,2022,1,1,89,3.0
16102,91,2021,5,1,2,3.0
16103,1342,2022,4,4,123,5.0
16104,1713,2021,7,3,4,4.0
16105,359,2020,8,4,92,4.0
16106,93,2020,7,2,61,4.0
16107,809,2022,5,2,34,3.0
16108,628,2021,1,4,82,3.0
16109,1966,2019,10,3,22,5.0
16110,1852,2022,10,3,87,3.0
16111,1117,2023,11,2,97,5.0
16112,1900,2019,9,3,69,4.0
16113,458,2020,4,4,55,4.0
16114,1984,2021,9,2,69,2.0
16115,894,2024,11,2,144,4.0
16116,953,2021,1,1,113,3.0
16117,102,2024,7,5,1,2.0
16118,355,2023,8,4,44,4.0
16119,389,2024,12,1,4,3.0
16120,976,2022,7,4,36,4.0
16121,380,2020,11,3,117,3.0
16122,205,2023,10,5,129,3.0
16123,1211,2019,10,3,69,4.0
16124,1746,2023,2,2,104,3.0
16125,140,2020,7,4,56,3.0
16126,1122,2023,9,5,72,3.0
16127,1921,2022,2,3,125,4.0
16128,810,2020,12,3,42,4.0
16129,366,2021,9,4,48,4.0
16130,160,2022,11,1,21,4.0
16131,1873,2023,8,4,33,2.0
16132,811,2021,11,4,6,3.0
16133,211,2019,11,2,123,3.0
16134,1733,2019,1,1,128,4.0
16135,1605,2022,12,1,64,4.0
16136,1407,2024,7,5,90,4.0
16137,169,2021,6,4,38,3.0
16138,165,2019,3,2,7,5.0
16139,438,2020,5,4,78,4.0
16140,320,2024,7,4,24,2.0
16141,1064,2023,7,5,128,5.0
16142,785,2019,9,3,42,4.0
16143,1531,2020,9,4,111,5.0
16144,203,2023,9,1,40,4.0
16145,1456,2022,7,2,19,2.0
16146,1869,2020,12,3,83,3.0
16147,262,2023,11,1,28,2.0
16148,1305,2024,12,1,60,3.0
16149,1019,2024,9,1,44,4.0
16150,190,2023,3,3,133,4.0
16151,586,2021,12,3,76,3.0
16152,1577,2019,11,5,108,4.0
16153,1739,2021,4,3,89,4.0
16154,737,2019,11,3,137,4.0
16155,214,2022,7,4,66,3.0
16156,490,2022,9,4,130,4.0
16157,1687,2021,5,2,135,2.0
16158,1140,2019,4,4,139,2.0
16159,861,2022,5,4,105,5.0
16160,27,2019,3,4,148,5.0
16161,1566,2020,2,2,112,4.0
16162,931,2024,6,4,47,3.0
16163,1091,2024,12,4,24,3.0
16164,1688,2022,1,2,32,4.0
16165,1125,2021,4,3,87,1.0
16166,1857,2019,4,1,25,5.0
16167,1120,2022,3,2,36,4.0
16168,686,2021,1,1,95,2.0
16169,1846,2023,3,1,50,5.0
16170,1285,2019,7,1,103,1.0
16171,1521,2023,6,5,150,2.0
16172,454,2023,8,2,14,3.0
16173,1343,2021,11,1,97,4.0
16174,1121,2019,2,4,124,4.0
16175,211,2021,4,3,22,4.0
16176,509,2021,11,3,118,3.0
16177,1824,2023,3,4,77,3.0
16178,1143,2020,2,3,95,4.0
16179,1549,2019,3,3,8,5.0
16180,344,2024,5,3,66,4.0
16181,436,2020,4,3,56,3.0
16182,1883,2019,7,4,24,3.0
16183,841,2024,3,2,115,1.0
16184,1774,2023,7,1,76,4.0
16185,1617,2020,11,3,132,4.0
16186,674,2021,4,2,24,4.0
16187,1900,2023,7,2,110,4.0
16188,1554,2023,9,4,91,5.0
16189,256,2021,1,4,98,3.0
16190,192,2020,5,2,47,4.0
16191,254,2019,8,3,104,5.0
16192,1481,2024,4,2,38,3.0
16193,287,2023,5,3,115,3.0
16194,565,2024,6,1,67,5.0
16195,869,2023,12,5,72,4.0
16196,272,2020,2,1,88,5.0
16197,661,2020,8,4,13,3.0
16198,1357,2020,12,2,56,3.0
16199,1945,2021,11,4,31,1.0
16200,940,2024,7,2,145,4.0
16201,1494,2023,5,4,64,4.0
16202,1061,2021,2,5,1,4.0
16203,933,2023,4,5,4,4.0
16204,1042,2024,10,4,137,4.0
16205,1918,2021,1,3,24,2.0
16206,119,2024,9,3,1,4.0
16207,1027,2019,12,5,32,5.0
16208,103,2020,6,4,33,3.0
16209,1751,2020,10,3,12,3.0
16210,1203,2020,12,2,150,5.0
16211,95,2020,10,1,9,3.0
16212,1248,2021,7,2,110,3.0
16213,872,2023,7,3,126,3.0
16214,95,2022,3,4,97,5.0
16215,1957,2021,2,2,20,3.0
16216,757,2021,10,2,109,5.0
16217,48,2020,7,1,50,3.0
16218,1226,2023,12,1,62,5.0
16219,751,2023,9,4,38,4.0
16220,1314,2022,4,2,118,2.0
16221,325,2023,12,5,87,4.0
16222,1657,2023,1,1,24,4.0
16223,841,2023,2,4,62,4.0
16224,842,2019,8,1,120,3.0
16225,1608,2019,8,3,141,2.0
16226,1097,2021,9,4,141,4.0
16227,3,2019,8,2,21,2.0
16228,1158,2019,4,3,129,4.0
16229,1292,2019,2,4,85,5.0
16230,625,2019,12,2,111,5.0
16231,362,2020,5,3,58,3.0
16232,108,2020,3,3,98,3.0
16233,1693,2023,1,4,39,3.0
16234,9,2024,10,2,79,4.0
16235,1167,2020,11,3,34,3.0
16236,1673,2021,11,5,60,4.0
16237,705,2022,11,4,62,3.0
16238,401,2020,3,1,130,4.0
16239,1430,2020,1,2,95,3.0
16240,1261,2023,7,2,98,4.0
16241,30,2021,7,3,43,4.0
16242,1155,2023,1,2,66,5.0
16243,1,2019,11,3,71,3.0
16244,800,2021,8,5,118,4.0
16245,609,2020,9,4,28,4.0
16246,1667,2020,7,1,9,3.0
16247,1955,2021,12,3,76,4.0
16248,1397,2020,10,3,122,4.0
16249,1469,2023,7,2,111,3.0
16250,46,2020,7,1,122,4.0
16251,128,2024,11,5,60,3.0
16252,1554,2021,5,4,35,3.0
16253,857,2022,11,4,99,5.0
16254,1014,2020,2,4,6,4.0
16255,1384,2024,1,3,135,4.0
16256,695,2022,1,4,108,2.0
16257,1364,2023,5,3,76,4.0
16258,1454,2024,7,2,30,5.0
16259,481,2024,11,1,38,3.0
16260,1373,2020,12,3,150,5.0
16261,339,2020,1,2,3,3.0
16262,622,2020,10,4,2,2.0
16263,1561,2022,3,3,53,3.0
16264,1967,2024,5,5,35,3.0
16265,130,2023,11,2,102,4.0
16266,1298,2022,12,3,7,3.0
16267,1140,2021,10,2,118,3.0
16268,1212,2023,3,2,118,4.0
16269,1574,2021,1,3,35,5.0
16270,140,2024,12,1,87,4.0
16271,1479,2022,3,4,101,4.0
16272,559,2022,3,1,128,4.0
16273,309,2023,7,5,110,4.0
16274,894,2023,3,2,145,3.0
16275,55,2021,8,3,18,4.0
16276,1262,2021,11,5,92,2.0
16277,1131,2021,5,4,116,2.0
16278,1026,2024,6,2,35,4.0
16279,62,2019,11,2,33,3.0
16280,1527,2023,11,1,14,3.0
16281,71,2024,2,3,148,3.0
16282,526,2019,9,3,130,4.0
16283,792,2022,1,4,19,3.0
16284,1405,2022,2,2,37,5.0
16285,816,2021,8,1,69,4.0
16286,1634,2019,2,2,135,4.0
16287,1869,2023,3,5,124,5.0
16288,1531,2022,6,5,132,3.0
16289,78,2023,5,2,125,4.0
16290,1542,2019,7,3,95,2.0
16291,413,2024,12,4,44,3.0
16292,1778,2022,6,3,91,2.0
16293,1958,2021,4,5,75,5.0
16294,169,2021,3,4,143,4.0
16295,198,2024,11,4,68,4.0
16296,1395,2022,3,3,114,5.0
16297,287,2022,1,2,27,3.0
16298,1938,2022,7,2,103,2.0
16299,1081,2020,9,4,69,3.0
16300,1148,2020,1,2,66,4.0
16301,1721,2023,8,2,114,4.0
16302,435,2020,6,4,73,
16303,1112,2019,10,1,9,3.0
16304,1998,2021,1,4,59,5.0
16305,45,2019,11,3,145,3.0
16306,350,2022,11,1,142,5.0
16307,293,2022,9,2,93,5.0
16308,672,2024,8,2,96,2.0
16309,260,2022,9,2,40,3.0
16310,345,2021,2,2,118,3.0
16311,1706,2022,11,4,90,5.0
16312,930,2022,10,5,6,3.0
16313,717,2023,10,2,143,1.0
16314,838,2024,6,3,128,5.0
16315,1942,2019,2,3,13,1.0
16316,983,2023,7,2,63,3.0
16317,938,2023,7,5,112,4.0
16318,1856,2020,4,1,111,3.0
16319,75,2021,12,5,26,5.0
16320,957,2021,5,2,7,4.0
16321,1497,2021,12,3,148,3.0
16322,1030,2024,11,5,135,4.0
16323,1737,2020,1,3,111,5.0
16324,1774,2021,2,4,99,4.0
16325,673,2022,5,1,103,4.0
16326,1636,2020,8,3,69,4.0
16327,488,2023,2,2,103,3.0
16328,480,2022,3,3,46,2.0
16329,1955,2020,11,2,13,4.0
16330,26,2020,6,3,47,5.0
16331,707,2019,7,3,45,4.0
16332,1259,2022,7,1,46,3.0
16333,828,2023,12,4,71,4.0
16334,1690,2024,2,2,20,5.0
16335,504,2022,7,3,62,5.0
16336,1106,2024,1,4,70,4.0
16337,251,2024,1,2,29,3.0
16338,423,2022,6,3,69,3.0
16339,348,2021,11,4,102,3.0
16340,1483,2024,5,3,62,5.0
16341,406,2022,9,5,1,
16342,1340,2023,12,1,106,3.0
16343,692,2020,1,2,87,4.0
16344,1131,2024,9,4,63,4.0
16345,1748,2021,11,3,4,5.0
16346,1727,2024,11,2,14,4.0
16347,23,2021,9,2,12,3.0
16348,1569,2024,12,4,128,5.0
16349,1912,2023,8,4,47,4.0
16350,1336,2020,1,3,64,4.0
16351,375,2019,12,4,105,4.0
16352,1330,2019,11,3,99,4.0
16353,1273,2021,3,4,10,3.0
16354,1325,2019,12,1,140,2.0
16355,858,2022,8,5,40,5.0
16356,1051,2022,6,4,116,3.0
16357,1304,2023,10,4,125,3.0
16358,928,2024,8,4,81,3.0
16359,1548,2023,10,4,25,5.0
16360,1420,2024,5,1,82,4.0
16361,607,2022,5,5,37,4.0
16362,1221,2024,2,2,128,5.0
16363,1514,2023,11,4,114,4.0
16364,980,2023,4,3,124,3.0
16365,1431,2021,2,2,125,4.0
16366,254,2022,1,2,27,5.0
16367,773,2024,5,2,5,3.0
16368,1404,2021,6,4,94,3.0
16369,1791,2022,11,4,93,5.0
16370,1292,2022,8,3,130,4.0
16371,1328,2020,10,3,96,4.0
16372,685,2019,1,2,121,5.0
16373,1402,2023,1,2,53,3.0
16374,713,2023,3,3,19,4.0
16375,105,2022,5,3,6,4.0
16376,494,2022,1,1,66,3.0
16377,1223,2019,11,4,1,3.0
16378,1924,2020,12,5,78,3.0
16379,992,2023,6,4,61,5.0
16380,1721,2022,10,1,39,3.0
16381,1557,2020,3,4,89,4.0
16382,1123,2022,1,1,102,3.0
16383,1609,2019,11,1,6,4.0
16384,804,2023,10,2,72,5.0
16385,886,2019,10,3,141,4.0
16386,1474,2024,10,4,45,4.0
16387,1278,2020,9,4,118,3.0
16388,1056,2020,10,2,51,4.0
16389,867,2024,12,3,41,4.0
16390,1952,2023,11,2,129,4.0
16391,132,2021,11,5,54,4.0
16392,111,2020,6,2,130,3.0
16393,959,2019,10,2,99,3.0
16394,69,2021,3,5,122,2.0
16395,682,2022,4,2,123,2.0
16396,1138,2021,11,2,138,4.0
16397,811,2024,5,5,84,3.0
16398,407,2023,11,1,143,3.0
16399,570,2020,6,1,9,5.0
16400,1209,2024,4,3,74,4.0
16401,1903,2021,5,2,60,2.0
16402,1563,2019,7,4,15,3.0
16403,1095,2024,1,4,131,3.0
16404,277,2023,7,3,121,4.0
16405,486,2021,2,1,113,2.0
16406,882,2024,6,2,96,3.0
16407,494,2024,4,4,91,4.0
16408,1378,2024,8,2,58,3.0
16409,733,2024,11,1,103,2.0
16410,1668,2020,2,2,147,4.0
16411,539,2022,2,4,38,4.0
16412,993,2020,6,4,51,4.0
16413,1429,2023,10,2,17,2.0
16414,413,2021,4,2,137,4.0
16415,1523,2024,10,4,80,3.0
16416,1172,2024,1,2,89,2.0
16417,1296,2020,4,2,40,4.0
16418,910,2020,7,2,6,
16419,1871,2019,8,2,121,4.0
16420,1544,2022,5,1,130,5.0
16421,385,2021,11,4,52,
16422,1112,2024,6,2,115,2.0
16423,1807,2023,8,2,86,4.0
16424,559,2021,2,3,97,1.0
16425,1073,2022,12,4,26,3.0
16426,1509,2022,7,3,93,4.0
16427,547,2024,6,2,25,3.0
16428,1036,2024,4,1,33,4.0
16429,1106,2021,8,3,54,4.0
16430,356,2021,1,3,33,4.0
16431,356,2023,6,2,137,4.0
16432,1127,2020,10,3,5,2.0
16433,358,2019,10,4,136,4.0
16434,1897,2020,8,1,24,3.0
16435,1048,2020,5,4,131,4.0
16436,1412,2022,7,3,51,4.0
16437,794,2023,3,2,139,3.0
16438,598,2019,8,3,82,3.0
16439,974,2019,3,4,74,3.0
16440,1422,2019,4,4,20,3.0
16441,796,2024,9,3,66,5.0
16442,566,2020,2,3,84,4.0
16443,288,2022,4,3,148,3.0
16444,1086,2022,5,2,40,5.0
16445,1360,2020,12,1,13,4.0
16446,1054,2024,10,5,39,3.0
16447,510,2019,5,1,37,5.0
16448,495,2022,8,3,143,3.0
16449,755,2021,3,2,23,4.0
16450,696,2023,10,4,149,2.0
16451,408,2020,5,3,17,1.0
16452,1885,2024,11,2,122,5.0
16453,660,2023,11,2,63,4.0
16454,502,2023,3,2,9,3.0
16455,1214,2021,5,3,93,4.0
16456,1603,2022,11,3,110,4.0
16457,930,2020,2,4,126,4.0
16458,1335,2019,8,2,27,3.0
16459,191,2023,7,4,93,4.0
16460,1066,2021,7,2,86,4.0
16461,134,2021,7,4,67,3.0
16462,276,2020,7,1,135,2.0
16463,1184,2022,5,4,64,3.0
16464,410,2022,6,2,58,2.0
16465,74,2023,12,3,79,4.0
16466,358,2024,1,3,140,3.0
16467,1546,2024,2,3,131,3.0
16468,1174,2020,1,5,107,3.0
16469,764,2020,8,3,13,4.0
16470,1947,2019,4,2,46,5.0
16471,772,2022,1,3,3,2.0
16472,1755,2023,3,1,15,3.0
16473,690,2020,4,2,125,3.0
16474,51,2024,2,2,123,5.0
16475,221,2021,10,3,16,
16476,548,2023,1,5,69,2.0
16477,374,2020,11,2,42,5.0
16478,315,2019,12,4,11,4.0
16479,767,2022,12,4,58,2.0
16480,1952,2022,3,3,16,5.0
16481,402,2021,3,3,111,4.0
16482,472,2021,12,4,146,3.0
16483,1991,2022,8,2,64,5.0
16484,403,2022,7,5,37,3.0
16485,1661,2019,11,2,75,3.0
16486,1242,2023,3,1,145,3.0
16487,1856,2020,5,4,24,4.0
16488,1113,2023,2,2,103,4.0
16489,1187,2021,10,1,14,4.0
16490,452,2020,3,2,46,4.0
16491,1150,2020,2,2,66,4.0
16492,1341,2024,5,2,58,3.0
16493,1974,2023,7,1,27,4.0
16494,195,2020,3,2,117,3.0
16495,314,2022,11,3,101,3.0
16496,39,2019,10,1,66,2.0
16497,1581,2024,12,4,63,5.0
16498,165,2023,5,4,12,4.0
16499,1831,2023,5,4,100,5.0
16500,730,2021,7,2,35,3.0
16501,577,2019,11,3,46,3.0
16502,1951,2021,7,1,130,4.0
16503,1441,2022,5,5,97,4.0
16504,1095,2020,8,1,105,3.0
16505,1778,2021,2,2,40,5.0
16506,1510,2019,12,1,76,4.0
16507,1275,2022,9,5,3,3.0
16508,643,2020,6,1,37,4.0
16509,1973,2024,2,1,121,3.0
16510,1439,2023,4,1,72,3.0
16511,1892,2022,7,4,96,2.0
16512,1933,2020,12,3,119,4.0
16513,1099,2023,6,5,141,4.0
16514,716,2024,12,5,13,5.0
16515,1895,2022,7,4,88,4.0
16516,1999,2023,10,2,150,4.0
16517,244,2024,2,5,30,3.0
16518,1277,2024,10,3,129,3.0
16519,1205,2019,3,3,88,3.0
16520,1498,2024,5,3,48,3.0
16521,1951,2023,4,4,118,3.0
16522,505,2023,7,5,131,3.0
16523,1952,2020,8,5,22,5.0
16524,1287,2021,5,3,103,4.0
16525,166,2024,1,1,141,2.0
16526,1023,2024,8,5,100,5.0
16527,267,2019,6,1,83,4.0
16528,1913,2021,10,3,21,5.0
16529,1527,2022,9,2,68,4.0
16530,1810,2019,5,2,136,2.0
16531,1206,2020,1,3,120,3.0
16532,794,2022,7,4,68,5.0
16533,857,2022,10,5,47,2.0
16534,1894,2019,10,5,121,3.0
16535,304,2021,5,3,146,2.0
16536,1770,2022,3,2,45,3.0
16537,845,2024,1,3,122,3.0
16538,1181,2024,8,2,47,3.0
16539,1334,2020,4,3,125,4.0
16540,165,2023,10,5,145,4.0
16541,298,2022,8,3,100,2.0
16542,322,2020,1,1,75,3.0
16543,1558,2022,9,3,48,4.0
16544,154,2019,4,2,9,3.0
16545,1222,2019,11,2,8,4.0
16546,216,2021,1,4,126,4.0
16547,1536,2020,5,2,100,5.0
16548,1954,2019,1,3,35,4.0
16549,829,2019,8,4,83,4.0
16550,425,2022,6,2,132,3.0
16551,890,2019,7,3,98,4.0
16552,1382,2023,9,3,138,3.0
16553,1455,2019,11,3,18,3.0
16554,1274,2022,5,5,11,4.0
16555,1164,2019,7,4,100,5.0
16556,1263,2022,8,2,88,4.0
16557,435,2019,11,3,104,4.0
16558,414,2021,3,2,148,3.0
16559,1862,2022,7,1,17,3.0
16560,1159,2020,11,2,140,4.0
16561,1723,2019,4,2,10,3.0
16562,1252,2022,5,3,79,4.0
16563,911,2022,6,3,125,3.0
16564,1141,2021,9,2,103,3.0
16565,1384,2019,9,4,34,4.0
16566,373,2020,2,4,91,4.0
16567,925,2020,3,4,136,1.0
16568,1447,2022,10,2,31,2.0
16569,175,2020,9,2,141,5.0
16570,147,2021,7,1,98,4.0
16571,321,2020,6,2,14,3.0
16572,1183,2020,12,5,50,3.0
16573,477,2023,11,3,130,4.0
16574,873,2021,5,3,51,5.0
16575,268,2022,5,3,143,3.0
16576,501,2020,11,3,63,5.0
16577,36,2019,5,5,52,4.0
16578,1615,2023,5,1,128,3.0
16579,934,2023,12,4,118,3.0
16580,352,2019,2,3,36,5.0
16581,1053,2024,9,2,118,5.0
16582,1866,2024,9,3,38,4.0
16583,1650,2024,5,3,135,5.0
16584,1770,2021,3,1,2,4.0
16585,813,2023,11,1,100,4.0
16586,722,2019,10,3,24,4.0
16587,633,2022,11,4,102,2.0
16588,611,2019,5,3,147,3.0
16589,1840,2024,12,2,101,3.0
16590,275,2024,10,3,66,4.0
16591,1703,2019,3,5,124,
16592,1833,2022,6,5,30,3.0
16593,1689,2022,4,2,82,5.0
16594,1256,2023,7,1,145,2.0
16595,1712,2021,3,3,54,3.0
16596,64,2024,9,2,5,5.0
16597,1635,2021,6,4,67,4.0
16598,1022,2020,8,2,73,2.0
16599,1917,2023,8,2,122,4.0
16600,172,2022,8,4,121,2.0
16601,1861,2019,10,2,52,3.0
16602,1148,2022,8,1,116,
16603,208,2020,7,4,22,4.0
16604,1018,2024,8,1,29,3.0
16605,75,2024,8,3,91,3.0
16606,166,2021,10,2,107,5.0
16607,1064,2024,6,1,122,4.0
16608,1632,2024,4,1,94,3.0
16609,217,2023,4,1,20,4.0
16610,525,2022,3,3,102,3.0
16611,783,2024,8,5,65,3.0
16612,1083,2024,9,4,40,4.0
16613,2,2021,4,4,51,5.0
16614,1279,2019,7,3,122,3.0
16615,996,2022,5,4,27,4.0
16616,1925,2021,11,3,84,4.0
16617,603,2021,11,5,13,4.0
16618,988,2020,12,3,109,4.0
16619,164,2023,11,3,23,4.0
16620,1835,2024,11,1,141,4.0
16621,1668,2022,7,4,133,4.0
16622,710,2020,7,2,129,3.0
16623,921,2019,4,4,53,3.0
16624,1715,2023,10,4,118,4.0
16625,591,2019,4,1,21,3.0
16626,472,2019,5,2,44,3.0
16627,484,2020,12,5,20,5.0
16628,1415,2020,1,1,9,3.0
16629,423,2021,2,4,56,4.0
16630,178,2020,10,2,87,4.0
16631,331,2020,9,3,130,3.0
16632,1973,2023,10,5,6,5.0
16633,1746,2023,6,3,62,3.0
16634,1908,2020,1,3,108,5.0
16635,555,2021,4,3,31,4.0
16636,885,2023,11,2,111,3.0
16637,982,2024,8,1,86,4.0
16638,1048,2023,11,3,85,3.0
16639,54,2022,1,4,19,3.0
16640,1196,2024,4,3,26,4.0
16641,78,2023,9,3,132,4.0
16642,551,2023,1,1,132,4.0
16643,585,2019,6,1,68,3.0
16644,1349,2022,11,2,90,3.0
16645,1793,2020,2,5,82,4.0
16646,1398,2022,1,3,78,2.0
16647,871,2022,8,4,107,
16648,1051,2019,3,1,86,4.0
16649,1025,2021,3,3,19,4.0
16650,296,2022,7,2,13,4.0
16651,1915,2019,8,5,128,5.0
16652,1839,2024,10,2,112,3.0
16653,481,2024,2,1,30,3.0
16654,231,2019,10,2,10,4.0
16655,331,2019,9,1,33,4.0
16656,1259,2019,9,2,87,4.0
16657,59,2021,3,5,88,5.0
16658,207,2022,10,5,26,4.0
16659,1297,2020,2,3,27,5.0
16660,293,2024,9,4,32,2.0
16661,138,2020,2,2,67,3.0
16662,42,2020,8,4,35,3.0
16663,1412,2022,6,2,69,4.0
16664,727,2024,3,3,3,3.0
16665,569,2020,3,1,141,4.0
16666,1280,2021,6,5,134,5.0
16667,342,2021,5,2,51,3.0
16668,1044,2021,6,2,121,4.0
16669,968,2021,6,2,81,4.0
16670,1350,2024,1,3,5,5.0
16671,1248,2019,6,3,43,4.0
16672,1351,2021,5,3,9,3.0
16673,427,2020,5,4,107,5.0
16674,281,2022,3,4,118,4.0
16675,1068,2023,3,3,93,5.0
16676,115,2024,2,3,2,4.0
16677,909,2021,8,5,36,4.0
16678,1251,2020,7,3,71,3.0
16679,1642,2024,10,2,22,3.0
16680,1307,2019,3,3,17,3.0
16681,1990,2019,5,3,46,4.0
16682,1114,2024,3,5,89,4.0
16683,893,2024,12,2,14,3.0
16684,492,2022,10,3,150,5.0
16685,1347,2020,2,3,69,3.0
16686,1622,2024,10,4,26,4.0
16687,642,2024,12,1,4,3.0
16688,152,2024,8,5,144,4.0
16689,21,2023,12,2,90,3.0
16690,1265,2022,3,2,130,2.0
16691,1327,2021,4,3,117,3.0
16692,241,2021,8,2,148,4.0
16693,46,2022,7,1,134,4.0
16694,1309,2021,9,5,115,2.0
16695,796,2024,12,3,128,5.0
16696,836,2019,3,5,129,4.0
16697,525,2019,11,1,39,4.0
16698,1437,2021,2,1,90,3.0
16699,1490,2020,6,2,148,2.0
16700,105,2023,6,1,131,5.0
16701,179,2024,10,3,16,4.0
16702,1111,2024,6,5,17,4.0
16703,1207,2021,10,2,31,3.0
16704,290,2024,2,4,112,3.0
16705,317,2019,12,3,60,2.0
16706,1365,2024,3,1,95,3.0
16707,910,2020,8,2,21,5.0
16708,240,2019,6,3,9,4.0
16709,1220,2023,2,1,116,4.0
16710,148,2022,7,3,44,4.0
16711,462,2021,11,3,7,4.0
16712,1427,2020,7,2,33,4.0
16713,445,2021,9,2,49,4.0
16714,128,2022,12,4,61,4.0
16715,1920,2019,4,3,135,4.0
16716,450,2024,1,3,30,4.0
16717,1030,2023,9,2,91,2.0
16718,1650,2024,10,4,42,4.0
16719,1980,2019,2,3,75,3.0
16720,1620,2024,5,5,45,2.0
16721,680,2024,5,4,52,3.0
16722,1709,2021,10,3,90,4.0
16723,26,2022,11,3,89,5.0
16724,653,2022,9,2,21,4.0
16725,399,2023,4,3,24,3.0
16726,1057,2020,8,3,37,3.0
16727,1784,2024,4,3,135,4.0
16728,1547,2022,8,5,48,5.0
16729,1997,2019,12,3,87,4.0
16730,274,2020,8,1,68,3.0
16731,1505,2019,10,1,54,4.0
16732,1449,2023,9,1,6,4.0
16733,913,2021,6,5,67,4.0
16734,195,2021,2,2,150,4.0
16735,209,2021,12,4,142,5.0
16736,1827,2023,5,3,46,3.0
16737,591,2024,11,5,80,2.0
16738,1275,2024,11,3,44,3.0
16739,1892,2024,9,4,139,3.0
16740,987,2020,7,3,84,3.0
16741,420,2022,4,2,139,3.0
16742,970,2022,2,3,129,5.0
16743,459,2020,11,2,50,2.0
16744,363,2024,12,2,69,2.0
16745,1622,2024,9,2,86,4.0
16746,692,2024,12,2,38,3.0
16747,1370,2024,3,3,125,3.0
16748,1455,2019,7,3,85,5.0
16749,1099,2019,3,5,32,3.0
16750,1082,2023,7,3,73,2.0
16751,362,2023,11,4,124,4.0
16752,1059,2021,4,3,64,4.0
16753,1504,2019,6,3,107,4.0
16754,391,2020,7,3,148,2.0
16755,465,2019,0,4,51,3.0
16756,1381,2019,12,1,150,4.0
16757,1964,2020,6,2,63,3.0
16758,785,2022,4,4,85,4.0
16759,1657,2022,4,2,116,3.0
16760,366,2021,4,1,11,3.0
16761,1140,2022,4,2,106,4.0
16762,1888,2023,11,1,86,3.0
16763,884,2019,7,2,99,4.0
16764,1014,2020,5,2,143,3.0
16765,311,2020,2,5,73,5.0
16766,1057,2019,12,4,139,4.0
16767,1172,2019,2,1,86,4.0
16768,1963,2023,5,1,33,3.0
16769,402,2024,9,5,98,3.0
16770,733,2019,1,3,29,3.0
16771,1295,2023,4,3,135,4.0
16772,1887,2020,12,3,23,4.0
16773,476,2019,1,1,75,5.0
16774,1390,2020,3,2,123,3.0
16775,1759,2024,2,3,2,2.0
16776,1267,2021,9,3,74,3.0
16777,854,2023,1,5,76,3.0
16778,469,2021,1,1,51,3.0
16779,577,2021,6,1,101,3.0
16780,104,2023,9,5,49,2.0
16781,305,2024,11,4,57,3.0
16782,876,2022,3,2,42,3.0
16783,281,2024,7,2,94,3.0
16784,21,2019,10,3,133,3.0
16785,1386,2024,9,2,27,3.0
16786,143,2020,12,4,62,4.0
16787,283,2020,1,2,34,4.0
16788,1191,2024,1,1,37,4.0
16789,1844,2021,9,3,146,3.0
16790,1449,2020,5,4,107,4.0
16791,66,2019,9,5,142,4.0
16792,336,2020,9,3,96,4.0
16793,1481,2023,6,1,100,4.0
16794,1466,2019,12,3,108,4.0
16795,783,2024,11,1,98,3.0
16796,1900,2023,5,2,124,2.0
16797,1777,2020,1,2,49,4.0
16798,1487,2023,12,1,16,3.0
16799,1497,2022,12,2,74,3.0
16800,1570,2021,11,4,1,4.0
16801,297,2022,1,1,8,4.0
16802,1402,2019,9,3,8,3.0
16803,1880,2024,12,2,12,4.0
16804,450,2023,5,3,107,5.0
16805,30,2020,10,3,90,3.0
16806,722,2019,7,2,141,4.0
16807,540,2021,6,4,44,3.0
16808,1899,2021,9,3,50,4.0
16809,892,2023,7,5,74,4.0
16810,1323,2024,9,5,118,4.0
16811,1964,2019,3,2,140,5.0
16812,1579,2020,4,4,110,4.0
16813,1499,2022,8,4,77,3.0
16814,1938,2021,7,3,147,4.0
16815,1378,2024,5,4,28,4.0
16816,463,2022,11,3,71,4.0
16817,1454,2020,5,3,38,2.0
16818,644,2023,6,2,25,5.0
16819,662,2021,4,4,60,2.0
16820,1290,2021,7,5,115,3.0
16821,631,2023,7,2,48,4.0
16822,49,2021,4,3,123,3.0
16823,2000,2023,10,1,92,4.0
16824,1143,2021,2,4,107,3.0
16825,1341,2022,10,2,37,3.0
16826,1618,2021,1,1,130,3.0
16827,1270,2022,4,4,31,3.0
16828,1221,2021,5,3,56,4.0
16829,1584,2019,6,3,118,5.0
16830,591,2020,8,3,104,3.0
16831,1657,2021,12,4,45,3.0
16832,1449,2020,10,2,40,5.0
16833,365,2021,7,2,65,
16834,293,2021,2,3,67,3.0
16835,1760,2020,12,3,9,4.0
16836,1790,2021,4,3,37,3.0
16837,1988,2020,8,3,24,3.0
16838,202,2022,10,3,24,5.0
16839,1792,2021,9,1,54,5.0
16840,1727,2022,2,2,6,3.0
16841,1536,2021,4,3,102,4.0
16842,996,2024,12,2,101,4.0
16843,1018,2021,10,5,34,3.0
16844,858,2022,8,5,132,4.0
16845,59,2021,6,2,90,5.0
16846,1002,2023,12,2,48,3.0
16847,475,2022,9,2,30,2.0
16848,401,2019,9,3,65,2.0
16849,112,2023,11,5,145,3.0
16850,916,2023,12,2,1,3.0
16851,96,2021,11,2,4,4.0
16852,1700,2022,8,3,62,3.0
16853,1780,2019,3,3,138,3.0
16854,1602,2024,4,3,43,4.0
16855,602,2023,2,4,113,3.0
16856,327,2024,10,4,87,4.0
16857,1010,2022,5,3,30,4.0
16858,1347,2020,3,1,137,5.0
16859,42,2020,9,3,25,4.0
16860,1714,2024,7,3,76,2.0
16861,878,2019,3,2,100,5.0
16862,1640,2023,5,4,102,4.0
16863,156,2019,6,4,129,4.0
16864,852,2023,10,3,106,3.0
16865,917,2022,1,5,99,4.0
16866,97,2021,10,3,23,3.0
16867,1415,2023,1,5,46,4.0
16868,1863,2021,11,4,52,3.0
16869,1082,2022,2,4,56,4.0
16870,792,2023,3,2,17,3.0
16871,1273,2021,5,3,15,5.0
16872,722,2019,12,3,67,5.0
16873,720,2024,5,4,109,5.0
16874,1520,2022,10,5,134,4.0
16875,1182,2021,4,1,142,4.0
16876,528,2019,5,4,73,4.0
16877,815,2019,7,2,135,3.0
16878,1670,2020,2,4,69,4.0
16879,1058,2024,1,2,72,3.0
16880,153,2023,5,3,32,4.0
16881,1715,2021,10,3,95,3.0
16882,1482,2023,2,4,47,4.0
16883,534,2021,10,3,73,5.0
16884,1932,2024,8,2,141,3.0
16885,1904,2020,4,3,82,3.0
16886,1992,2023,2,3,46,3.0
16887,756,2021,7,2,101,3.0
16888,1848,2023,6,2,110,5.0
16889,1613,2020,2,5,91,4.0
16890,1742,2024,9,2,7,3.0
16891,1095,2020,11,1,34,3.0
16892,558,2022,6,3,20,2.0
16893,454,2023,6,2,144,3.0
16894,1934,2022,11,3,47,2.0
16895,1005,2022,5,2,72,3.0
16896,1856,2024,3,2,136,3.0
16897,1110,2024,11,3,149,3.0
16898,1069,2023,7,3,33,3.0
16899,147,2020,12,1,129,4.0
16900,805,2023,11,3,110,4.0
16901,1113,2022,10,3,93,4.0
16902,219,2022,5,4,26,1.0
16903,325,2024,9,2,104,3.0
16904,1182,2022,6,3,92,4.0
16905,497,2024,10,2,67,5.0
16906,1402,2022,12,1,89,4.0
16907,921,2019,9,3,32,3.0
16908,808,2023,6,3,94,3.0
16909,235,2021,12,5,23,5.0
16910,813,2022,11,1,43,3.0
16911,1085,2020,3,3,75,4.0
16912,1147,2020,12,5,25,5.0
16913,541,2023,6,3,138,1.0
16914,56,2020,4,4,133,4.0
16915,1870,2019,4,3,72,2.0
16916,1916,2021,10,4,86,4.0
16917,1809,2023,5,4,44,5.0
16918,580,2020,8,1,32,4.0
16919,1206,2021,6,4,145,5.0
16920,282,2021,12,1,62,4.0
16921,1812,2024,2,4,144,5.0
16922,11,2019,8,3,11,2.0
16923,942,2024,5,3,17,4.0
16924,1714,2019,10,1,72,2.0
16925,1452,2022,12,1,118,4.0
16926,1727,2024,5,1,64,3.0
16927,993,2024,11,2,126,3.0
16928,191,2022,8,2,20,4.0
16929,16,2021,1,1,129,5.0
16930,305,2023,10,4,67,4.0
16931,116,2024,7,4,43,3.0
16932,896,2019,12,3,96,4.0
16933,102,2020,6,4,117,4.0
16934,372,2020,4,2,140,3.0
16935,839,2024,3,4,14,3.0
16936,1472,2019,1,3,106,4.0
16937,1349,2019,9,1,48,4.0
16938,117,2019,12,3,76,4.0
16939,1807,2024,8,5,70,4.0
16940,1100,2019,8,2,116,2.0
16941,698,2020,1,1,60,3.0
16942,766,2022,1,4,42,3.0
16943,1697,2021,6,2,74,3.0
16944,930,2019,7,3,101,4.0
16945,492,2021,6,1,127,4.0
16946,850,2023,12,1,1,5.0
16947,137,2020,4,4,86,4.0
16948,307,2022,12,5,11,3.0
16949,630,2021,4,3,93,3.0
16950,441,2020,4,4,94,5.0
16951,699,2019,4,2,129,5.0
16952,130,2024,10,1,29,3.0
16953,1221,2024,4,2,120,3.0
16954,231,2022,6,2,104,3.0
16955,434,2023,2,3,100,2.0
16956,1956,2021,5,5,96,4.0
16957,12,2024,3,2,83,3.0
16958,560,2022,10,5,10,3.0
16959,1001,2023,10,3,122,3.0
16960,615,2023,4,1,59,3.0
16961,642,2024,12,3,16,3.0
16962,255,2022,6,3,92,3.0
16963,847,2024,11,4,143,4.0
16964,1511,2024,3,4,108,4.0
16965,1176,2023,11,3,37,2.0
16966,1849,2021,2,3,123,2.0
16967,1400,2019,5,3,127,2.0
16968,1580,2021,5,2,50,4.0
16969,864,2023,3,5,79,5.0
16970,1226,2024,12,2,126,3.0
16971,1157,2023,4,3,24,3.0
16972,1627,2022,6,4,54,5.0
16973,1003,2022,1,1,69,3.0
16974,809,2024,9,3,2,3.0
16975,141,2020,3,1,26,4.0
16976,1719,2023,4,2,92,3.0
16977,872,2022,12,3,40,3.0
16978,1598,2022,11,5,37,3.0
16979,1357,2021,2,2,45,3.0
16980,4,2022,8,4,19,2.0
16981,1303,2024,9,3,96,3.0
16982,976,2021,12,4,39,3.0
16983,480,2019,3,4,98,3.0
16984,530,2019,4,3,125,4.0
16985,1276,2020,3,3,72,3.0
16986,173,2021,7,3,138,5.0
16987,1213,2019,8,3,30,3.0
16988,1693,2020,3,4,145,3.0
16989,174,2023,1,3,49,3.0
16990,16,2023,2,4,46,4.0
16991,122,2023,3,2,147,2.0
16992,1461,2023,8,4,69,4.0
16993,1696,2019,3,3,113,5.0
16994,1977,2024,10,1,121,4.0
16995,58,2020,8,3,68,2.0
16996,965,2019,3,4,48,4.0
16997,97,2023,12,3,74,4.0
16998,743,2021,9,3,58,4.0
16999,616,2021,11,4,63,3.0
17000,1212,2021,9,5,36,5.0
17001,1818,2022,8,1,138,3.0
17002,1610,2022,6,2,86,3.0
17003,128,2019,8,5,120,2.0
17004,481,2019,10,2,99,4.0
17005,550,2024,12,4,53,4.0
17006,502,2021,8,3,48,3.0
17007,707,2024,10,2,148,4.0
17008,1215,2022,12,4,4,4.0
17009,1480,2023,8,4,45,3.0
17010,1880,2020,10,2,111,3.0
17011,1406,2024,3,1,82,4.0
17012,597,2022,11,4,93,5.0
17013,369,2023,12,3,4,3.0
17014,754,2020,5,1,33,2.0
17015,1600,2022,11,1,90,3.0
17016,1987,2021,10,3,48,3.0
17017,785,2024,3,3,71,2.0
17018,353,2024,12,4,144,4.0
17019,10,2021,8,4,96,3.0
17020,154,2019,2,3,95,3.0
17021,1274,2020,2,3,30,4.0
17022,1180,2020,7,3,90,5.0
17023,1287,2019,7,3,145,5.0
17024,49,2024,11,5,96,2.0
17025,874,2021,7,1,118,4.0
17026,361,2019,5,3,144,2.0
17027,674,2022,4,2,136,3.0
17028,1245,2021,7,4,51,3.0
17029,552,2020,4,4,45,1.0
17030,1320,2021,9,2,43,4.0
17031,579,2022,2,4,116,3.0
17032,1021,2022,10,3,57,4.0
17033,919,2020,3,5,124,2.0
17034,768,2022,3,4,121,5.0
17035,253,2023,12,4,100,4.0
17036,1153,2022,5,1,19,4.0
17037,1981,2024,9,5,107,5.0
17038,1287,2024,5,4,32,3.0
17039,1492,2021,12,4,83,3.0
17040,1607,2021,2,4,35,5.0
17041,77,2021,6,4,10,4.0
17042,1586,2021,2,3,96,5.0
17043,485,2020,7,1,68,4.0
17044,1330,2024,9,3,97,5.0
17045,1968,2022,6,2,74,3.0
17046,1789,2019,11,2,56,3.0
17047,829,2024,10,2,3,3.0
17048,1677,2024,12,3,42,3.0
17049,1238,2022,12,4,133,3.0
17050,267,2024,12,4,114,4.0
17051,480,2024,6,4,70,2.0
17052,1914,2024,12,1,5,5.0
17053,1831,2024,8,4,148,5.0
17054,1784,2019,1,5,111,3.0
17055,769,2019,1,4,4,4.0
17056,642,2022,5,1,32,3.0
17057,1613,2023,7,5,26,5.0
17058,41,2024,1,3,136,2.0
17059,1795,2022,7,3,144,4.0
17060,1208,2020,9,2,63,4.0
17061,1266,2024,9,4,27,3.0
17062,877,2022,12,4,97,3.0
17063,1959,2023,5,4,41,4.0
17064,1500,2020,1,2,19,2.0
17065,108,2023,12,1,39,4.0
17066,1050,2019,7,5,39,4.0
17067,1720,2024,8,4,9,3.0
17068,153,2024,7,4,106,4.0
17069,1474,2023,6,4,53,3.0
17070,490,2024,2,1,83,4.0
17071,1014,2024,7,3,83,4.0
17072,1766,2019,11,1,116,2.0
17073,985,2020,2,3,115,3.0
17074,76,2019,5,2,85,2.0
17075,42,2020,12,3,126,3.0
17076,1474,2022,6,3,86,2.0
17077,1862,2019,2,4,4,3.0
17078,584,2019,12,1,129,3.0
17079,1871,2022,2,4,116,4.0
17080,906,2022,3,2,64,3.0
17081,118,2021,6,5,58,2.0
17082,1063,2023,5,3,135,3.0
17083,1948,2022,5,1,64,5.0
17084,501,2021,10,4,56,2.0
17085,1922,2019,7,1,110,4.0
17086,1304,2023,6,3,50,3.0
17087,793,2022,9,4,61,5.0
17088,1387,2019,8,3,117,4.0
17089,802,2020,8,3,34,4.0
17090,171,2020,6,3,2,4.0
17091,1742,2020,7,1,51,3.0
17092,748,2023,4,3,26,4.0
17093,1132,2024,5,5,55,3.0
17094,1489,2019,2,2,11,5.0
17095,166,2020,1,1,89,4.0
17096,1444,2020,11,2,77,4.0
17097,731,2024,10,3,41,4.0
17098,1090,2022,4,5,95,4.0
17099,915,2024,6,4,22,4.0
17100,1556,2020,12,4,2,4.0
17101,376,2019,7,2,72,4.0
17102,216,2021,1,3,25,5.0
17103,822,2023,7,3,129,3.0
17104,237,2024,11,1,46,4.0
17105,486,2021,3,3,65,3.0
17106,1315,2020,12,3,45,3.0
17107,1638,2019,10,4,66,3.0
17108,1387,2021,1,4,15,4.0
17109,636,2022,12,3,141,3.0
17110,1630,2019,8,3,26,5.0
17111,813,2024,3,4,60,5.0
17112,363,2023,10,2,128,4.0
17113,1513,2020,10,2,64,3.0
17114,1034,2021,8,5,106,5.0
17115,742,2021,12,4,11,
17116,1322,2024,11,5,45,3.0
17117,1450,2023,4,4,114,4.0
17118,448,2019,2,4,40,3.0
17119,235,2020,10,2,63,5.0
17120,1034,2023,12,3,13,4.0
17121,104,2021,4,3,76,5.0
17122,1277,2023,7,2,53,4.0
17123,880,2022,7,4,130,4.0
17124,429,2023,5,2,60,5.0
17125,1198,2022,7,1,125,2.0
17126,752,2023,7,2,136,3.0
17127,777,2021,12,4,126,3.0
17128,433,2020,5,3,112,5.0
17129,1353,2024,2,1,88,5.0
17130,1806,2021,6,3,72,3.0
17131,1238,2019,2,2,13,5.0
17132,474,2021,2,1,21,5.0
17133,1667,2021,8,2,58,4.0
17134,242,2020,11,4,99,4.0
17135,580,2024,2,1,1,4.0
17136,71,2021,5,2,141,3.0
17137,1697,2021,3,2,149,5.0
17138,90,2023,6,4,12,3.0
17139,1093,2022,8,2,15,3.0
17140,384,2021,11,3,128,3.0
17141,425,2024,11,1,30,3.0
17142,1217,2024,11,4,28,4.0
17143,1608,2021,6,2,29,3.0
17144,36,2023,10,3,106,3.0
17145,318,2019,4,2,20,3.0
17146,574,2021,1,3,28,4.0
17147,1888,2021,12,2,60,4.0
17148,117,2021,11,1,91,2.0
17149,358,2024,3,3,149,4.0
17150,808,2022,3,5,36,3.0
17151,652,2021,11,4,39,2.0
17152,98,2021,6,5,82,3.0
17153,1081,2022,10,3,63,
17154,1216,2020,11,3,91,5.0
17155,354,2020,7,4,37,4.0
17156,1377,2022,2,2,93,3.0
17157,114,2020,8,1,139,4.0
17158,1463,2023,2,2,103,4.0
17159,519,2024,9,5,111,1.0
17160,449,2021,7,4,11,4.0
17161,393,2022,6,2,136,3.0
17162,1738,2020,6,4,106,5.0
17163,1005,2023,12,4,95,5.0
17164,1381,2020,5,3,24,4.0
17165,408,2022,11,1,84,4.0
17166,114,2021,10,4,102,4.0
17167,77,2023,12,2,94,3.0
17168,882,2020,11,2,19,2.0
17169,653,2020,8,3,7,3.0
17170,1536,2023,12,2,72,3.0
17171,1577,2022,9,4,108,5.0
17172,622,2022,2,2,59,4.0
17173,868,2023,2,4,104,3.0
17174,764,2020,9,3,146,3.0
17175,1351,2020,7,3,134,4.0
17176,1260,2024,11,1,95,4.0
17177,1303,2019,7,1,110,2.0
17178,111,2022,3,2,14,3.0
17179,676,2021,11,2,13,5.0
17180,1934,2019,6,2,106,3.0
17181,684,2024,12,3,121,4.0
17182,349,2023,1,3,30,2.0
17183,400,2020,1,4,89,5.0
17184,54,2023,2,3,43,4.0
17185,1562,2023,12,2,17,4.0
17186,11,2022,2,5,57,2.0
17187,1193,2024,9,3,68,4.0
17188,800,2020,9,2,117,3.0
17189,190,2019,11,1,130,3.0
17190,1769,2023,8,2,142,2.0
17191,1484,2021,1,3,16,3.0
17192,1640,2019,1,2,139,2.0
17193,1874,2024,1,2,78,4.0
17194,1825,2021,8,1,26,3.0
17195,1402,2024,6,2,98,3.0
17196,1068,2023,1,3,10,5.0
17197,1394,2020,1,2,70,3.0
17198,898,2023,3,1,125,3.0
17199,363,2021,6,4,146,3.0
17200,772,2022,11,4,44,3.0
17201,934,2020,10,5,27,2.0
17202,93,2019,6,1,88,4.0
17203,1695,2020,4,3,24,4.0
17204,1820,2020,10,2,147,4.0
17205,840,2022,12,3,50,3.0
17206,993,2024,4,4,28,3.0
17207,1682,2020,6,2,36,5.0
17208,911,2023,2,3,57,4.0
17209,1377,2023,2,2,112,3.0
17210,1031,2023,11,2,131,4.0
17211,543,2023,3,4,111,5.0
17212,1589,2019,2,2,98,4.0
17213,386,2020,4,3,41,5.0
17214,449,2024,5,3,141,4.0
17215,1383,2022,3,3,150,4.0
17216,1420,2020,9,1,95,5.0
17217,1909,2024,7,1,118,3.0
17218,1422,2020,8,2,46,3.0
17219,50,2020,12,5,68,4.0
17220,1700,2024,12,5,121,3.0
17221,828,2024,4,3,64,4.0
17222,18,2021,12,3,114,3.0
17223,1159,2022,9,3,129,5.0
17224,341,2022,2,4,141,3.0
17225,832,2020,4,3,44,4.0
17226,943,2022,3,4,72,3.0
17227,149,2019,10,1,58,3.0
17228,1702,2024,8,4,76,4.0
17229,1021,2023,10,3,112,4.0
17230,1931,2019,2,3,49,4.0
17231,930,2022,7,2,35,4.0
17232,1190,2019,7,1,41,4.0
17233,1625,2019,9,2,115,4.0
17234,425,2022,5,5,150,5.0
17235,1818,2023,1,3,16,3.0
17236,370,2024,11,3,147,3.0
17237,1992,2020,6,1,5,4.0
17238,1279,2024,12,1,80,4.0
17239,1038,2022,5,3,21,2.0
17240,421,2021,4,5,144,4.0
17241,1139,2021,6,3,115,2.0
17242,1107,2023,2,2,54,2.0
17243,1968,2021,7,2,103,4.0
17244,1670,2021,12,3,128,3.0
17245,966,2021,4,4,33,
17246,780,2020,2,3,96,5.0
17247,775,2021,2,5,45,
17248,757,2019,3,3,108,5.0
17249,28,2024,5,1,86,5.0
17250,73,2020,4,1,108,3.0
17251,1503,2021,9,3,96,5.0
17252,509,2020,5,4,96,3.0
17253,823,2022,5,3,13,4.0
17254,1397,2020,2,4,128,3.0
17255,1216,2020,7,1,26,2.0
17256,721,2020,4,2,59,4.0
17257,1505,2024,9,1,77,3.0
17258,317,2024,1,2,128,5.0
17259,946,2023,8,3,95,5.0
17260,212,2020,10,5,28,2.0
17261,1064,2022,9,3,43,3.0
17262,191,2023,4,2,30,4.0
17263,1884,2022,9,3,89,4.0
17264,1319,2024,10,4,108,4.0
17265,491,2020,7,2,107,4.0
17266,1226,2021,8,4,113,2.0
17267,700,2020,10,3,106,5.0
17268,1038,2023,6,3,136,4.0
17269,335,2019,2,5,136,3.0
17270,1001,2020,12,4,42,3.0
17271,214,2023,4,4,46,5.0
17272,307,2019,5,4,9,4.0
17273,1169,2020,8,3,41,4.0
17274,1002,2023,3,1,77,4.0
17275,588,2020,5,2,99,4.0
17276,120,2022,7,4,132,2.0
17277,848,2021,9,2,90,3.0
17278,1852,2021,2,5,146,4.0
17279,1417,2021,10,1,83,4.0
17280,117,2024,4,3,129,3.0
17281,1876,2023,11,1,122,4.0
17282,848,2023,11,4,74,4.0
17283,1152,2023,9,3,131,5.0
17284,2,2021,11,3,130,4.0
17285,621,2019,2,1,47,4.0
17286,1573,2019,6,3,33,4.0
17287,662,2021,2,2,19,4.0
17288,333,2024,6,2,139,3.0
17289,182,2021,7,2,67,3.0
17290,1850,2024,7,4,86,5.0
17291,1626,2022,1,2,41,5.0
17292,88,2022,2,1,59,4.0
17293,1851,2019,12,2,61,4.0
17294,1642,2023,4,3,88,4.0
17295,720,2024,6,2,27,4.0
17296,1314,2022,7,1,118,4.0
17297,516,2024,2,1,59,5.0
17298,500,2020,4,1,37,2.0
17299,1430,2021,8,4,3,3.0
17300,405,2024,3,4,16,5.0
17301,711,2022,10,4,41,4.0
17302,716,2023,8,3,110,4.0
17303,301,2021,12,2,129,4.0
17304,1657,2022,7,2,143,3.0
17305,1348,2021,10,4,45,3.0
17306,1724,2023,4,4,96,5.0
17307,1048,2019,9,5,41,5.0
17308,351,2022,12,5,22,
17309,560,2024,10,4,82,4.0
17310,707,2019,10,2,97,5.0
17311,1884,2021,6,5,115,3.0
17312,475,2022,8,1,18,4.0
17313,1387,2019,8,2,113,5.0
17314,246,2019,3,4,46,4.0
17315,1912,2019,4,3,42,4.0
17316,1293,2020,8,2,5,3.0
17317,862,2024,8,3,31,4.0
17318,692,2019,9,4,74,3.0
17319,710,2022,8,2,29,4.0
17320,451,2021,7,3,49,5.0
17321,1200,2022,7,2,80,3.0
17322,1732,2024,8,2,15,5.0
17323,483,2024,5,2,132,4.0
17324,1497,2019,2,4,47,3.0
17325,1133,2019,9,2,114,3.0
17326,1548,2021,5,3,98,4.0
17327,1540,2023,10,4,113,3.0
17328,79,2023,11,1,44,5.0
17329,43,2022,5,3,26,3.0
17330,1831,2024,2,2,22,4.0
17331,311,2020,1,3,35,5.0
17332,1150,2023,8,4,82,4.0
17333,1507,2024,11,5,94,3.0
17334,1008,2024,11,4,113,3.0
17335,13,2023,11,5,145,4.0
17336,22,2023,1,1,125,4.0
17337,1340,2020,1,3,54,4.0
17338,1796,2023,12,4,71,3.0
17339,687,2020,9,4,144,3.0
17340,1088,2021,11,3,107,5.0
17341,1868,2019,12,2,63,2.0
17342,1651,2020,9,3,125,2.0
17343,1082,2019,5,4,21,4.0
17344,1312,2021,9,3,101,3.0
17345,1923,2019,8,2,143,3.0
17346,1594,2023,11,1,80,
17347,832,2022,11,4,92,3.0
17348,1386,2022,3,3,9,3.0
17349,658,2023,11,4,91,5.0
17350,1842,2023,9,4,44,4.0
17351,188,2023,9,5,150,4.0
17352,451,2022,5,2,48,5.0
17353,693,2020,6,3,48,2.0
17354,405,2023,11,3,60,4.0
17355,1191,2021,2,2,105,5.0
17356,1426,2019,7,3,143,3.0
17357,1781,2021,12,3,52,4.0
17358,1003,2020,10,2,32,3.0
17359,1243,2020,2,2,115,3.0
17360,1199,2022,3,3,82,3.0
17361,7,2024,7,4,69,4.0
17362,1418,2019,3,4,149,4.0
17363,47,2019,11,4,75,4.0
17364,1095,2024,11,4,93,4.0
17365,2000,2023,12,1,148,5.0
17366,1576,2020,5,3,32,4.0
17367,1013,2021,4,2,136,4.0
17368,638,2019,7,3,145,3.0
17369,1675,2024,2,4,71,4.0
17370,1718,2022,9,5,51,5.0
17371,737,2020,11,2,25,5.0
17372,216,2020,3,3,8,1.0
17373,1165,2023,3,1,148,4.0
17374,1269,2022,4,3,65,3.0
17375,1869,2023,10,2,101,3.0
17376,1781,2020,4,3,37,3.0
17377,459,2024,9,2,49,4.0
17378,506,2019,12,1,123,3.0
17379,1994,2020,6,4,99,3.0
17380,654,2023,2,3,33,4.0
17381,917,2022,11,4,1,3.0
17382,611,2021,5,5,123,3.0
17383,787,2023,8,3,13,3.0
17384,1129,2022,12,4,6,4.0
17385,585,2021,11,2,46,4.0
17386,826,2020,11,3,140,4.0
17387,706,2023,5,4,97,3.0
17388,216,2022,9,4,7,4.0
17389,1574,2024,5,2,138,3.0
17390,1783,2021,7,4,141,4.0
17391,985,2020,5,4,105,2.0
17392,410,2019,11,2,12,4.0
17393,1287,2020,10,3,3,4.0
17394,1069,2023,12,3,131,4.0
17395,1103,2020,4,1,124,3.0
17396,1190,2022,12,3,125,5.0
17397,1436,2020,3,5,73,4.0
17398,82,2024,8,4,90,3.0
17399,199,2024,3,2,26,4.0
17400,192,2023,9,2,6,3.0
17401,310,2023,10,2,34,3.0
17402,1944,2022,10,1,94,4.0
17403,1461,2019,4,1,61,3.0
17404,1330,2019,10,4,93,5.0
17405,1398,2021,2,3,67,5.0
17406,68,2023,9,3,84,5.0
17407,427,2019,6,4,143,2.0
17408,1589,2022,3,1,95,3.0
17409,926,2024,12,5,144,4.0
17410,1018,2024,10,5,146,4.0
17411,1501,2022,2,1,93,5.0
17412,151,2022,5,1,150,4.0
17413,1598,2019,9,4,38,2.0
17414,1362,2019,3,3,79,2.0
17415,808,2020,6,5,12,5.0
17416,999,2023,2,2,14,4.0
17417,149,2019,1,4,20,5.0
17418,410,2023,3,3,21,4.0
17419,493,2020,9,3,62,3.0
17420,1756,2019,7,2,109,
17421,226,2019,4,3,148,2.0
17422,583,2023,3,3,148,4.0
17423,264,2019,10,2,27,5.0
17424,570,2022,8,4,66,1.0
17425,22,2024,11,2,65,3.0
17426,546,2022,12,2,15,4.0
17427,1448,2021,8,1,6,3.0
17428,1535,2024,1,3,53,3.0
17429,759,2019,12,2,129,5.0
17430,1413,2020,2,5,58,3.0
17431,1238,2020,9,4,58,3.0
17432,1807,2019,3,5,150,3.0
17433,1610,2024,10,2,57,2.0
17434,459,2020,10,3,103,4.0
17435,1178,2019,10,4,148,2.0
17436,1573,2024,4,5,18,2.0
17437,612,2024,8,3,77,4.0
17438,1147,2020,3,5,51,4.0
17439,801,2021,11,1,18,3.0
17440,618,2023,2,1,8,3.0
17441,399,2021,11,3,98,2.0
17442,71,2023,2,2,98,4.0
17443,1500,2020,4,5,85,4.0
17444,1638,2023,9,1,101,3.0
17445,1304,2022,12,2,108,3.0
17446,483,2019,9,2,9,4.0
17447,38,2022,5,4,6,3.0
17448,1264,2019,4,1,51,4.0
17449,400,2024,8,4,86,3.0
17450,1098,2024,6,5,136,3.0
17451,1941,2019,3,3,147,3.0
17452,9,2022,8,1,125,4.0
17453,1155,2021,6,1,44,2.0
17454,1989,2019,12,2,87,4.0
17455,669,2023,1,1,18,2.0
17456,1629,2019,9,3,73,3.0
17457,1657,2019,10,3,15,4.0
17458,973,2023,10,2,149,2.0
17459,614,2020,9,4,68,4.0
17460,1361,2024,12,3,109,4.0
17461,1239,2022,4,3,16,2.0
17462,954,2022,5,3,143,4.0
17463,386,2021,12,4,79,4.0
17464,1490,2021,1,3,11,2.0
17465,423,2020,10,1,56,3.0
17466,269,2023,9,2,32,2.0
17467,135,2022,8,3,11,2.0
17468,893,2019,2,2,5,5.0
17469,241,2020,8,5,107,3.0
17470,672,2024,6,2,131,4.0
17471,484,2021,2,4,100,3.0
17472,920,2020,9,5,105,4.0
17473,1556,2020,10,2,6,5.0
17474,901,2020,7,3,27,5.0
17475,1115,2024,2,2,6,4.0
17476,287,2020,5,4,147,4.0
17477,227,2020,7,4,111,3.0
17478,1953,2019,7,4,144,4.0
17479,1240,2024,8,1,136,3.0
17480,31,2021,3,4,34,5.0
17481,1131,2023,10,3,77,2.0
17482,21,2023,1,3,98,3.0
17483,155,2021,12,4,112,3.0
17484,747,2021,5,4,101,4.0
17485,1313,2019,10,3,68,3.0
17486,1241,2023,1,2,1,4.0
17487,1582,2023,9,2,141,5.0
17488,360,2020,12,2,104,4.0
17489,384,2020,12,2,126,4.0
17490,1067,2021,6,4,34,3.0
17491,1738,2023,5,2,16,4.0
17492,1446,2022,11,2,136,2.0
17493,1339,2019,8,2,121,4.0
17494,189,2022,12,1,126,4.0
17495,1757,2023,3,2,67,4.0
17496,1969,2020,6,1,136,3.0
17497,1165,2021,4,3,34,5.0
17498,674,2023,6,2,114,5.0
17499,1326,2020,11,2,75,4.0
17500,1285,2019,11,3,25,4.0
17501,1859,2024,8,2,108,4.0
17502,222,2019,1,2,55,5.0
17503,1031,2019,6,5,24,4.0
17504,1419,2020,6,1,107,4.0
17505,699,2023,9,4,116,4.0
17506,1681,2022,4,5,49,4.0
17507,130,2020,7,5,146,2.0
17508,211,2019,10,4,107,5.0
17509,1582,2024,7,4,4,3.0
17510,252,2019,11,2,51,3.0
17511,838,2024,4,2,147,3.0
17512,563,2021,8,3,27,4.0
17513,1377,2020,6,3,144,4.0
17514,24,2021,5,4,78,5.0
17515,714,2020,6,1,102,3.0
17516,1973,2019,7,2,103,5.0
17517,738,2021,7,3,77,2.0
17518,1197,2022,7,3,78,2.0
17519,1977,2021,12,2,86,3.0
17520,1216,2022,8,1,97,4.0
17521,1510,2024,7,4,111,3.0
17522,1918,2019,12,4,66,2.0
17523,1235,2023,3,1,66,5.0
17524,1665,2020,3,4,117,3.0
17525,1017,2019,2,1,114,4.0
17526,1629,2021,3,3,98,5.0
17527,1284,2021,1,3,70,4.0
17528,680,2024,3,3,87,5.0
17529,1117,2021,8,2,86,4.0
17530,670,2023,9,3,66,2.0
17531,795,2024,8,4,27,4.0
17532,584,2021,11,2,81,3.0
17533,983,2020,11,3,67,4.0
17534,694,2024,4,2,8,4.0
17535,1253,2021,3,5,144,3.0
17536,740,2021,6,3,101,3.0
17537,983,2023,12,4,18,3.0
17538,281,2021,12,3,31,4.0
17539,774,2022,3,2,86,3.0
17540,712,2024,2,1,130,5.0
17541,1923,2019,9,4,73,2.0
17542,894,2023,11,3,122,5.0
17543,44,2021,12,4,20,4.0
17544,619,2022,12,3,80,4.0
17545,1459,2024,4,1,125,4.0
17546,331,2022,10,3,128,2.0
17547,326,2021,9,2,37,3.0
17548,747,2024,5,3,101,
17549,714,2022,1,3,6,5.0
17550,962,2019,8,3,22,4.0
17551,69,2019,5,3,136,4.0
17552,1442,2021,4,2,112,5.0
17553,428,2023,1,3,32,4.0
17554,1423,2021,2,2,150,4.0
17555,1130,2020,3,3,149,3.0
17556,406,2024,2,2,7,4.0
17557,940,2020,12,2,4,3.0
17558,74,2019,1,5,37,5.0
17559,1404,2021,5,2,120,2.0
17560,608,2019,12,3,90,3.0
17561,767,2022,2,3,77,5.0
17562,315,2021,8,3,63,5.0
17563,730,2024,4,4,72,4.0
17564,792,2020,4,3,96,5.0
17565,450,2020,6,4,10,4.0
17566,1959,2023,7,1,88,5.0
17567,560,2023,10,1,34,4.0
17568,363,2021,8,3,119,4.0
17569,1097,2024,1,2,30,4.0
17570,638,2024,3,2,11,3.0
17571,908,2022,8,2,66,4.0
17572,1451,2023,4,3,67,4.0
17573,157,2022,1,4,78,4.0
17574,1019,2021,7,2,130,2.0
17575,44,2022,4,2,105,3.0
17576,88,2024,11,1,55,3.0
17577,186,2019,11,5,109,2.0
17578,324,2019,2,1,76,3.0
17579,699,2021,10,2,34,4.0
17580,1871,2022,11,2,4,4.0
17581,1813,2020,8,2,1,5.0
17582,207,2022,8,3,34,5.0
17583,1983,2019,6,1,123,4.0
17584,1271,2020,6,3,70,3.0
17585,1108,2021,1,2,68,
17586,1585,2019,2,3,60,3.0
17587,969,2022,9,1,39,5.0
17588,531,2022,7,2,108,5.0
17589,1060,2022,3,4,2,4.0
17590,1451,2022,5,5,92,3.0
17591,1366,2023,8,2,141,3.0
17592,340,2022,3,3,133,4.0
17593,1877,2022,3,3,56,2.0
17594,570,2020,11,4,129,5.0
17595,1640,2023,6,3,36,3.0
17596,624,2020,6,3,37,3.0
17597,127,2019,1,4,52,1.0
17598,1993,2024,1,3,3,2.0
17599,1178,2020,8,3,40,5.0
17600,430,2019,4,2,129,3.0
17601,1,2020,4,4,115,4.0
17602,259,2024,3,3,50,2.0
17603,340,2024,10,3,47,2.0
17604,1852,2023,12,3,53,4.0
17605,355,2020,4,3,18,3.0
17606,324,2022,3,3,24,3.0
17607,1676,2023,10,3,149,4.0
17608,1759,2021,7,1,104,3.0
17609,418,2020,10,4,102,5.0
17610,1301,2024,9,1,43,5.0
17611,1069,2019,10,5,129,5.0
17612,1154,2024,2,5,27,3.0
17613,623,2021,7,4,146,4.0
17614,1503,2023,6,1,76,3.0
17615,1762,2021,11,1,50,3.0
17616,1452,2023,8,3,113,4.0
17617,1807,2024,9,2,63,4.0
17618,222,2021,11,5,41,4.0
17619,1315,2020,9,3,103,3.0
17620,1999,2019,8,4,109,3.0
17621,1072,2024,7,5,91,2.0
17622,1884,2024,1,5,70,3.0
17623,697,2022,9,1,50,3.0
17624,1794,2019,4,5,61,4.0
17625,1878,2024,2,1,132,4.0
17626,1245,2021,5,4,54,4.0
17627,1410,2020,5,4,146,3.0
17628,1046,2021,5,2,22,5.0
17629,634,2024,4,2,25,4.0
17630,1073,2023,12,3,50,3.0
17631,1925,2022,11,3,1,4.0
17632,30,2023,1,4,132,3.0
17633,411,2024,6,1,52,2.0
17634,999,2022,4,3,16,3.0
17635,679,2020,11,4,93,5.0
17636,1248,2019,6,1,144,2.0
17637,722,2019,8,3,150,5.0
17638,1318,2020,2,3,17,3.0
17639,213,2023,9,5,119,2.0
17640,665,2019,6,5,55,3.0
17641,1386,2019,11,3,126,2.0
17642,943,2024,2,3,91,2.0
17643,1428,2021,4,3,110,3.0
17644,1273,2019,11,3,126,2.0
17645,657,2024,3,4,135,2.0
17646,857,2024,4,2,22,4.0
17647,1930,2022,4,2,109,3.0
17648,1925,2019,7,3,22,4.0
17649,72,2022,1,2,142,4.0
17650,1411,2024,8,4,95,4.0
17651,982,2024,10,2,29,4.0
17652,3,2022,4,3,44,4.0
17653,1269,2024,3,2,135,4.0
17654,47,2023,5,3,97,4.0
17655,638,2019,8,2,35,1.0
17656,1381,2022,7,3,124,3.0
17657,1626,2022,8,4,108,5.0
17658,826,2023,10,4,12,3.0
17659,1618,2022,12,2,43,4.0
17660,1679,2023,6,3,127,4.0
17661,896,2022,10,2,53,3.0
17662,347,2020,6,3,6,4.0
17663,1319,2021,2,4,91,3.0
17664,28,2024,8,4,135,3.0
17665,1787,2024,12,4,84,3.0
17666,777,2022,6,3,147,3.0
17667,1521,2020,7,4,18,2.0
17668,1473,2020,9,2,101,3.0
17669,946,2020,10,1,98,4.0
17670,1944,2020,1,3,148,3.0
17671,1593,2024,1,3,79,3.0
17672,1768,2022,6,4,124,5.0
17673,188,2021,2,4,22,5.0
17674,969,2024,12,4,7,2.0
17675,1904,2021,9,4,108,4.0
17676,1626,2023,8,3,1,4.0
17677,909,2022,8,1,132,5.0
17678,141,2020,6,1,4,4.0
17679,565,2024,1,1,104,5.0
17680,1145,2023,10,2,68,4.0
17681,1284,2024,6,4,97,3.0
17682,1849,2019,5,4,94,3.0
17683,186,2020,6,3,67,5.0
17684,793,2020,6,1,73,3.0
17685,545,2023,12,3,76,3.0
17686,1921,2024,3,4,102,4.0
17687,333,2019,3,2,107,4.0
17688,442,2019,2,2,68,4.0
17689,596,2023,8,3,53,2.0
17690,212,2021,1,1,7,1.0
17691,1287,2023,10,3,117,5.0
17692,1050,2019,9,5,34,5.0
17693,1116,2022,9,1,66,3.0
17694,1815,2019,6,2,149,4.0
17695,867,2024,5,3,118,3.0
17696,623,2019,12,1,52,3.0
17697,751,2020,10,4,72,5.0
17698,1601,2019,3,1,49,5.0
17699,1057,2020,4,2,94,4.0
17700,339,2021,3,3,23,2.0
17701,1380,2022,6,4,143,4.0
17702,1492,2024,8,2,149,3.0
17703,500,2024,3,1,45,3.0
17704,1115,2019,1,2,35,4.0
17705,1128,2021,5,1,81,5.0
17706,351,2024,7,2,98,4.0
17707,19,2019,9,3,97,5.0
17708,1437,2023,2,4,7,4.0
17709,1231,2021,9,4,107,4.0
17710,1428,2020,2,4,10,4.0
17711,755,2019,4,4,52,3.0
17712,1031,2020,7,3,108,3.0
17713,1964,2019,2,5,134,5.0
17714,451,2020,7,4,96,3.0
17715,1306,2022,1,3,24,4.0
17716,265,2023,3,2,103,5.0
17717,132,2022,7,4,6,4.0
17718,1915,2023,4,4,35,4.0
17719,260,2019,6,3,19,4.0
17720,1312,2020,4,2,148,5.0
17721,1029,2022,7,2,56,5.0
17722,1619,2019,2,4,84,2.0
17723,1094,2022,2,5,119,4.0
17724,1394,2020,12,3,146,3.0
17725,1789,2021,4,1,150,3.0
17726,1659,2022,9,1,25,3.0
17727,1444,2024,1,4,60,4.0
17728,325,2019,2,2,61,3.0
17729,339,2022,10,4,120,3.0
17730,994,2022,5,1,51,3.0
17731,1318,2019,4,1,35,4.0
17732,1335,2022,3,2,114,4.0
17733,1574,2019,4,2,75,5.0
17734,207,2023,3,5,113,5.0
17735,347,2020,10,2,57,5.0
17736,300,2019,12,4,73,4.0
17737,1083,2019,1,5,2,3.0
17738,1268,2021,2,4,3,3.0
17739,232,2020,8,5,1,3.0
17740,1738,2021,11,2,27,3.0
17741,607,2024,4,3,53,3.0
17742,1321,2024,11,3,8,4.0
17743,1504,2023,1,4,25,5.0
17744,73,2021,9,4,128,4.0
17745,1730,2019,12,4,129,5.0
17746,1941,2021,6,2,44,4.0
17747,1918,2019,8,3,142,1.0
17748,280,2019,4,4,18,2.0
17749,786,2020,10,2,5,4.0
17750,466,2023,10,1,54,2.0
17751,902,2023,10,2,40,2.0
17752,1950,2022,11,4,12,2.0
17753,1527,2020,1,3,128,4.0
17754,1543,2023,7,2,147,4.0
17755,844,2024,7,5,41,2.0
17756,1874,2022,1,1,48,5.0
17757,1841,2023,10,4,108,4.0
17758,1614,2024,3,4,140,2.0
17759,1629,2023,6,3,44,4.0
17760,1304,2024,1,2,103,3.0
17761,191,2020,10,3,4,3.0
17762,570,2020,3,2,85,2.0
17763,1538,2020,7,1,149,3.0
17764,654,2020,7,3,72,3.0
17765,345,2022,2,2,97,3.0
17766,1895,2024,11,5,104,3.0
17767,977,2020,1,3,95,4.0
17768,1722,2023,8,1,103,3.0
17769,569,2019,3,3,134,2.0
17770,719,2024,8,2,2,3.0
17771,687,2022,3,2,133,3.0
17772,747,2021,9,2,137,4.0
17773,876,2021,7,2,136,3.0
17774,596,2024,8,3,56,4.0
17775,1629,2021,12,2,88,3.0
17776,653,2019,6,1,53,4.0
17777,884,2022,10,4,127,3.0
17778,1722,2022,10,2,61,3.0
17779,875,2023,4,2,47,3.0
17780,22,2021,4,3,103,4.0
17781,1,2020,9,4,8,5.0
17782,873,2019,12,3,57,4.0
17783,1298,2024,1,1,31,2.0
17784,1886,2020,2,3,57,3.0
17785,262,2021,3,4,68,5.0
17786,1086,2019,8,1,10,4.0
17787,578,2020,6,1,130,3.0
17788,901,2019,7,4,63,5.0
17789,886,2021,4,3,54,4.0
17790,625,2024,6,2,23,5.0
17791,37,2020,10,3,150,4.0
17792,148,2024,6,1,129,4.0
17793,1045,2022,5,3,73,4.0
17794,449,2024,1,4,51,3.0
17795,655,2022,5,2,71,3.0
17796,181,2024,10,3,145,2.0
17797,100,2022,2,2,34,3.0
17798,254,2023,5,4,103,4.0
17799,755,2019,4,3,136,3.0
17800,328,2024,6,2,114,3.0
17801,463,2019,10,3,131,2.0
17802,605,2020,11,3,143,4.0
17803,583,2023,5,5,9,5.0
17804,23,2020,7,4,36,3.0
17805,235,2019,10,4,22,3.0
17806,1901,2024,11,5,86,3.0
17807,1336,2022,8,2,62,5.0
17808,248,2021,2,3,7,4.0
17809,568,2020,5,5,84,4.0
17810,767,2023,4,4,16,3.0
17811,1812,2020,9,2,62,4.0
17812,1760,2022,3,3,55,4.0
17813,1541,2019,1,2,135,4.0
17814,214,2020,11,4,103,2.0
17815,981,2019,2,3,94,3.0
17816,968,2020,10,3,125,2.0
17817,1276,2021,12,5,28,4.0
17818,1690,2023,11,1,39,4.0
17819,642,2023,6,5,113,2.0
17820,1114,2022,7,3,113,3.0
17821,528,2024,9,1,4,3.0
17822,421,2021,3,5,34,5.0
17823,627,2021,6,5,35,4.0
17824,1472,2022,5,5,1,5.0
17825,876,2020,4,4,100,4.0
17826,1363,2021,7,2,9,2.0
17827,1383,2024,6,2,127,3.0
17828,725,2021,1,2,88,3.0
17829,1911,2024,2,2,115,4.0
17830,93,2023,8,5,75,5.0
17831,1794,2020,7,3,146,4.0
17832,16,2021,11,2,41,3.0
17833,765,2021,1,4,84,4.0
17834,1651,2024,4,3,1,2.0
17835,1369,2021,5,2,125,3.0
17836,644,2021,9,5,86,2.0
17837,1772,2023,6,3,27,4.0
17838,276,2024,6,3,123,3.0
17839,1342,2022,12,1,149,4.0
17840,1038,2024,1,3,11,4.0
17841,415,2019,11,3,127,3.0
17842,1842,2024,4,4,111,5.0
17843,1532,2020,1,1,54,3.0
17844,17,2023,7,2,96,5.0
17845,174,2022,3,1,118,2.0
17846,113,2022,9,5,72,4.0
17847,831,2019,10,3,100,5.0
17848,835,2022,5,1,8,3.0
17849,1448,2019,10,4,139,2.0
17850,1352,2022,3,4,139,3.0
17851,31,2021,5,4,32,2.0
17852,953,2020,1,4,72,4.0
17853,1570,2021,8,4,36,4.0
17854,1796,2020,9,5,60,4.0
17855,585,2019,10,2,42,4.0
17856,89,2019,5,2,130,3.0
17857,306,2021,11,1,105,5.0
17858,681,2023,8,4,127,3.0
17859,887,2022,7,5,119,3.0
17860,703,2019,3,2,110,4.0
17861,182,2021,11,3,25,2.0
17862,681,2022,10,2,125,4.0
17863,580,2020,11,4,118,3.0
17864,976,2019,5,1,19,3.0
17865,159,2020,7,3,14,5.0
17866,1582,2019,1,3,115,2.0
17867,835,2020,8,2,59,3.0
17868,636,2022,7,5,50,3.0
17869,1814,2023,10,3,60,4.0
17870,1489,2024,9,3,131,4.0
17871,274,2023,12,1,55,3.0
17872,293,2021,12,3,56,3.0
17873,5,2024,3,2,60,2.0
17874,1122,2024,12,3,9,4.0
17875,710,2021,1,3,6,2.0
17876,751,2019,6,2,63,3.0
17877,1019,2021,12,5,3,2.0
17878,1079,2021,8,2,114,1.0
17879,2,2023,12,3,64,4.0
17880,216,2019,7,5,76,3.0
17881,1579,2022,9,4,51,4.0
17882,1907,2020,7,4,115,4.0
17883,1675,2021,12,1,65,4.0
17884,1813,2019,2,3,6,4.0
17885,928,2022,5,4,74,4.0
17886,1653,2019,9,3,27,5.0
17887,1765,2024,6,3,90,4.0
17888,1786,2023,12,5,85,4.0
17889,299,2024,7,3,72,3.0
17890,294,2022,2,4,58,3.0
17891,806,2024,8,4,90,4.0
17892,1008,2020,4,4,103,4.0
17893,1917,2019,6,1,132,3.0
17894,636,2024,1,4,145,5.0
17895,1664,2022,11,4,13,5.0
17896,1775,2023,5,3,99,3.0
17897,1931,2020,10,2,13,4.0
17898,379,2021,6,2,63,5.0
17899,484,2023,12,3,112,3.0
17900,440,2021,5,4,82,3.0
17901,1471,2019,2,5,122,5.0
17902,1374,2020,6,2,137,3.0
17903,815,2021,1,2,147,2.0
17904,178,2023,10,4,101,3.0
17905,1042,2021,12,5,102,3.0
17906,1465,2021,3,2,121,4.0
17907,949,2022,1,2,35,4.0
17908,537,2019,10,4,46,3.0
17909,1185,2022,9,2,52,1.0
17910,1322,2020,10,3,112,4.0
17911,1183,2024,7,5,53,4.0
17912,1747,2020,7,4,21,5.0
17913,628,2020,4,2,120,3.0
17914,1220,2021,4,5,113,3.0
17915,1711,2021,8,4,90,3.0
17916,426,2022,12,5,133,3.0
17917,564,2023,4,3,119,4.0
17918,99,2024,5,3,136,3.0
17919,750,2024,8,2,39,2.0
17920,90,2020,1,3,18,5.0
17921,1493,2022,8,3,52,3.0
17922,178,2020,2,3,125,4.0
17923,1385,2023,9,3,139,4.0
17924,1160,2019,11,3,17,3.0
17925,1976,2024,11,1,129,4.0
17926,697,2021,2,5,72,3.0
17927,690,2023,8,4,123,4.0
17928,487,2023,6,3,103,2.0
17929,1075,2021,6,4,10,4.0
17930,439,2024,9,5,73,4.0
17931,227,2020,12,3,14,2.0
17932,1898,2023,7,4,51,5.0
17933,1359,2024,7,1,114,1.0
17934,238,2019,8,5,103,2.0
17935,1237,2024,7,2,106,3.0
17936,610,2024,0,4,100,5.0
17937,361,2021,10,3,3,2.0
17938,943,2024,8,3,88,4.0
17939,1576,2019,7,3,73,5.0
17940,1,2020,1,3,80,3.0
17941,711,2023,4,5,32,4.0
17942,1842,2024,4,2,106,4.0
17943,789,2019,8,2,92,5.0
17944,199,2023,2,4,61,3.0
17945,858,2019,5,2,9,3.0
17946,1365,2023,6,1,11,3.0
17947,1993,2024,9,2,54,3.0
17948,1258,2021,2,2,81,5.0
17949,102,2019,8,4,150,4.0
17950,1619,2020,7,3,109,3.0
17951,1561,2022,9,1,73,5.0
17952,1303,2023,3,3,45,4.0
17953,1794,2022,8,3,26,4.0
17954,1539,2021,5,4,22,4.0
17955,465,2022,4,3,11,4.0
17956,843,2024,1,2,137,2.0
17957,1015,2023,5,5,3,4.0
17958,978,2019,6,2,130,5.0
17959,1278,2020,1,5,88,3.0
17960,1404,2021,10,2,93,3.0
17961,208,2020,9,3,144,3.0
17962,1137,2023,4,1,118,4.0
17963,78,2024,1,4,23,5.0
17964,1024,2022,9,3,146,3.0
17965,845,2024,1,4,27,5.0
17966,412,2021,6,4,86,4.0
17967,1982,2023,3,2,97,5.0
17968,517,2023,3,1,37,3.0
17969,113,2020,10,5,95,4.0
17970,717,2023,4,3,96,3.0
17971,1515,2022,3,4,147,2.0
17972,19,2022,4,3,138,3.0
17973,986,2020,2,4,60,1.0
17974,835,2020,9,3,104,3.0
17975,1732,2024,6,4,124,4.0
17976,6,2022,3,5,4,4.0
17977,35,2019,4,4,103,1.0
17978,1131,2022,12,5,138,3.0
17979,359,2022,7,2,19,4.0
17980,1409,2023,9,4,114,4.0
17981,557,2024,11,3,10,4.0
17982,1125,2022,5,1,61,3.0
17983,76,2019,5,3,123,4.0
17984,1388,2021,12,3,149,5.0
17985,1037,2020,7,5,110,3.0
17986,1,2019,3,3,109,2.0
17987,532,2024,11,1,39,3.0
17988,119,2020,10,5,124,2.0
17989,90,2020,5,2,99,3.0
17990,1397,2021,4,3,142,3.0
17991,856,2021,8,3,91,5.0
17992,1606,2022,7,2,6,3.0
17993,516,2020,3,3,77,3.0
17994,1436,2023,1,3,117,5.0
17995,1231,2019,10,4,119,4.0
17996,1327,2024,11,5,58,3.0
17997,1657,2024,11,5,26,4.0
17998,1415,2022,5,1,131,4.0
17999,1492,2019,9,2,124,3.0
18000,1480,2023,8,2,132,4.0
18001,895,2023,4,5,101,4.0
18002,1449,2022,12,1,125,2.0
18003,1685,2020,5,3,61,3.0
18004,1477,2021,1,5,117,2.0
18005,1216,2021,2,3,74,3.0
18006,149,2022,12,1,120,4.0
18007,874,2020,1,1,22,3.0
18008,127,2021,7,4,45,3.0
18009,208,2024,6,2,33,1.0
18010,723,2021,10,3,61,2.0
18011,929,2022,10,1,123,2.0
18012,1056,2024,6,4,18,2.0
18013,1801,2024,8,5,110,3.0
18014,1526,2022,10,3,125,4.0
18015,846,2020,10,3,101,4.0
18016,670,2019,11,2,97,5.0
18017,1426,2024,9,2,21,5.0
18018,551,2022,5,5,92,4.0
18019,1768,2022,7,3,34,4.0
18020,1563,2024,9,1,37,4.0
18021,1366,2021,4,4,130,3.0
18022,499,2019,12,5,93,4.0
18023,1244,2023,6,2,150,3.0
18024,1642,2024,10,3,69,2.0
18025,144,2020,7,5,54,2.0
18026,355,2024,12,1,150,2.0
18027,1031,2022,9,4,94,4.0
18028,719,2022,9,3,130,3.0
18029,1420,2024,10,3,7,3.0
18030,803,2020,4,2,79,2.0
18031,1994,2023,5,2,123,3.0
18032,600,2019,10,3,122,3.0
18033,721,2023,6,2,108,4.0
18034,7,2019,8,3,25,4.0
18035,495,2019,7,1,83,3.0
18036,472,2021,1,4,16,5.0
18037,1526,2021,6,2,121,3.0
18038,676,2023,3,4,95,2.0
18039,407,2024,2,2,30,5.0
18040,628,2024,4,4,110,1.0
18041,1126,2022,4,1,108,3.0
18042,1572,2019,9,2,8,4.0
18043,1958,2023,4,2,14,5.0
18044,95,2021,10,4,31,3.0
18045,1682,2022,3,1,11,3.0
18046,778,2022,10,4,81,5.0
18047,1617,2024,7,2,132,4.0
18048,76,2021,1,5,10,5.0
18049,1253,2024,2,2,93,4.0
18050,1862,2022,1,1,64,4.0
18051,79,2023,5,3,126,4.0
18052,1581,2024,4,2,73,4.0
18053,229,2023,1,3,101,2.0
18054,1965,2021,9,4,139,2.0
18055,1489,2020,11,4,21,5.0
18056,1821,2019,11,2,48,5.0
18057,1796,2021,2,2,41,4.0
18058,632,2022,11,2,26,3.0
18059,832,2023,6,2,98,4.0
18060,1384,2019,3,4,2,4.0
18061,350,2021,2,3,58,1.0
18062,614,2024,10,4,19,5.0
18063,199,2023,4,3,93,5.0
18064,1777,2024,8,3,113,3.0
18065,496,2024,7,3,71,3.0
18066,822,2019,12,3,67,4.0
18067,906,2023,9,2,68,5.0
18068,752,2022,10,2,30,3.0
18069,1556,2021,6,2,57,3.0
18070,1829,2023,7,5,140,3.0
18071,1146,2024,2,4,7,2.0
18072,1674,2021,10,1,119,4.0
18073,222,2022,10,2,25,4.0
18074,1933,2021,4,4,18,2.0
18075,232,2022,2,3,43,3.0
18076,133,2024,10,1,41,3.0
18077,45,2023,10,4,48,4.0
18078,487,2020,10,4,128,2.0
18079,1675,2024,1,2,136,2.0
18080,602,2022,11,4,104,4.0
18081,1582,2022,5,4,22,5.0
18082,849,2019,3,3,142,3.0
18083,208,2021,7,4,128,4.0
18084,947,2020,11,1,12,5.0
18085,465,2019,10,3,59,4.0
18086,583,2024,3,4,117,2.0
18087,1035,2019,12,3,14,4.0
18088,1581,2023,10,3,12,4.0
18089,1174,2023,12,3,91,3.0
18090,447,2022,12,3,51,2.0
18091,1435,2024,7,4,67,5.0
18092,1394,2019,1,4,113,1.0
18093,475,2019,1,4,82,3.0
18094,1704,2024,8,5,107,3.0
18095,1687,2020,2,3,19,3.0
18096,1208,2020,8,3,1,4.0
18097,593,2023,2,2,38,2.0
18098,709,2022,10,1,31,4.0
18099,879,2020,4,2,49,5.0
18100,376,2020,2,2,117,3.0
18101,612,2024,5,3,23,4.0
18102,269,2022,11,5,19,4.0
18103,310,2024,7,4,31,3.0
18104,1489,2022,12,4,49,3.0
18105,257,2022,4,2,30,3.0
18106,939,2021,9,1,28,4.0
18107,859,2019,3,1,87,5.0
18108,93,2022,6,3,17,4.0
18109,1663,2023,5,1,24,5.0
18110,1968,2021,8,2,126,3.0
18111,1277,2024,9,2,3,3.0
18112,1343,2023,1,4,10,4.0
18113,466,2022,9,5,11,4.0
18114,1689,2022,10,1,81,2.0
18115,1569,2020,5,1,105,5.0
18116,877,2024,1,2,104,4.0
18117,1412,2019,6,3,104,5.0
18118,1911,2019,4,2,9,3.0
18119,1206,2023,10,2,52,3.0
18120,400,2019,2,1,96,3.0
18121,661,2022,4,3,103,3.0
18122,371,2020,9,1,51,2.0
18123,664,2023,12,3,128,4.0
18124,1781,2019,8,4,126,3.0
18125,380,2020,1,5,115,3.0
18126,1784,2022,9,2,120,3.0
18127,571,2021,1,4,147,4.0
18128,999,2020,1,3,120,3.0
18129,1057,2019,9,2,88,2.0
18130,252,2019,5,1,60,4.0
18131,369,2020,1,3,55,4.0
18132,611,2020,5,4,124,4.0
18133,120,2019,5,5,45,2.0
18134,1509,2022,8,3,95,2.0
18135,1093,2024,12,4,76,4.0
18136,1692,2023,2,2,57,4.0
18137,1727,2020,8,4,68,3.0
18138,696,2021,8,1,13,3.0
18139,1635,2023,12,3,107,4.0
18140,123,2024,5,4,11,4.0
18141,860,2022,2,2,12,3.0
18142,1332,2020,11,1,38,2.0
18143,933,2024,1,5,80,2.0
18144,1479,2022,6,2,45,2.0
18145,1718,2019,8,1,133,3.0
18146,849,2020,2,3,140,3.0
18147,549,2022,4,3,59,5.0
18148,1167,2023,2,2,150,2.0
18149,1737,2024,11,5,14,3.0
18150,1975,2020,4,2,22,5.0
18151,1632,2023,8,3,53,3.0
18152,490,2024,3,1,142,3.0
18153,411,2023,9,1,76,5.0
18154,1146,2023,10,2,106,3.0
18155,805,2023,1,2,98,4.0
18156,1222,2022,9,3,75,3.0
18157,1847,2022,8,4,140,3.0
18158,1099,2022,1,4,144,2.0
18159,712,2024,4,3,68,4.0
18160,1739,2021,11,3,108,4.0
18161,879,2023,6,2,94,5.0
18162,1211,2019,2,2,90,3.0
18163,271,2021,8,3,16,5.0
18164,1016,2024,10,3,32,4.0
18165,853,2020,6,3,149,3.0
18166,247,2023,2,4,37,3.0
18167,424,2022,2,1,98,4.0
18168,1407,2019,5,1,137,2.0
18169,362,2019,6,5,91,3.0
18170,265,2019,10,2,33,3.0
18171,116,2021,9,5,129,4.0
18172,54,2020,4,2,5,3.0
18173,869,2024,9,1,109,3.0
18174,978,2023,2,3,40,3.0
18175,1249,2019,3,2,97,3.0
18176,1145,2022,10,4,73,2.0
18177,1074,2023,11,3,86,5.0
18178,1999,2022,9,3,58,3.0
18179,500,2019,6,2,80,4.0
18180,1425,2019,11,1,141,4.0
18181,160,2022,5,3,124,3.0
18182,1698,2024,8,2,63,3.0
18183,726,2019,9,3,142,
18184,693,2019,1,3,134,4.0
18185,271,2020,12,4,95,4.0
18186,1018,2020,8,3,90,5.0
18187,800,2024,3,4,6,5.0
18188,1949,2024,10,1,79,4.0
18189,357,2020,5,4,32,5.0
18190,835,2023,2,3,25,3.0
18191,1801,2019,9,2,129,5.0
18192,1615,2022,2,1,41,4.0
18193,1530,2022,8,4,93,4.0
18194,1052,2024,9,2,131,3.0
18195,1747,2023,2,1,90,3.0
18196,448,2019,10,3,117,2.0
18197,1620,2021,6,2,117,4.0
18198,1161,2019,5,2,68,4.0
18199,700,2019,2,1,139,3.0
18200,437,2019,9,3,137,5.0
18201,1044,2024,2,5,51,4.0
18202,7,2020,3,4,123,3.0
18203,1430,2023,4,2,28,3.0
18204,472,2023,6,2,17,5.0
18205,779,2024,11,4,80,3.0
18206,387,2022,9,4,91,4.0
18207,931,2024,9,2,88,3.0
18208,742,2021,3,4,120,4.0
18209,376,2023,8,5,59,4.0
18210,1778,2023,5,2,122,4.0
18211,1519,2022,6,4,136,3.0
18212,776,2020,8,3,14,3.0
18213,116,2019,2,4,68,2.0
18214,1691,2019,5,2,34,2.0
18215,1394,2021,5,2,99,2.0
18216,1112,2021,11,3,62,2.0
18217,1210,2020,12,2,43,3.0
18218,16,2023,12,3,38,3.0
18219,948,2019,7,3,54,3.0
18220,378,2021,8,2,17,5.0
18221,1303,2021,9,4,16,3.0
18222,1863,2024,10,1,95,5.0
18223,1062,2019,9,4,142,2.0
18224,1209,2024,11,3,77,4.0
18225,1335,2023,5,3,140,4.0
18226,1860,2023,9,4,24,4.0
18227,77,2023,8,3,146,3.0
18228,621,2023,10,2,88,3.0
18229,537,2021,12,2,112,4.0
18230,1434,2022,1,3,10,4.0
18231,896,2021,11,4,91,4.0
18232,1545,2024,10,3,58,2.0
18233,945,2020,11,2,135,4.0
18234,1952,2022,4,5,119,4.0
18235,1534,2020,7,3,130,4.0
18236,37,2021,1,3,134,3.0
18237,1977,2024,1,4,109,4.0
18238,1905,2020,8,2,37,3.0
18239,87,2024,12,4,43,2.0
18240,784,2023,3,2,129,4.0
18241,1942,2021,10,2,91,3.0
18242,1676,2021,1,2,134,4.0
18243,937,2019,1,4,120,5.0
18244,1090,2023,8,4,92,3.0
18245,60,2022,4,2,23,4.0
18246,1130,2024,2,1,148,5.0
18247,1333,2020,11,2,37,4.0
18248,719,2021,11,2,37,4.0
18249,614,2023,1,3,22,4.0
18250,1657,2021,12,3,11,3.0
18251,898,2020,1,1,57,3.0
18252,529,2020,9,3,127,4.0
18253,750,2024,10,3,130,4.0
18254,985,2021,4,2,74,4.0
18255,519,2023,2,4,48,4.0
18256,1121,2022,7,3,52,3.0
18257,1723,2022,11,4,138,4.0
18258,1486,2020,1,3,9,5.0
18259,463,2020,11,4,9,3.0
18260,944,2021,8,3,10,2.0
18261,1088,2019,12,4,134,3.0
18262,1361,2022,4,3,14,4.0
18263,1513,2019,8,2,142,3.0
18264,971,2020,6,1,28,3.0
18265,631,2022,8,3,83,3.0
18266,1319,2019,3,4,146,4.0
18267,252,2019,6,3,18,5.0
18268,1349,2020,12,1,43,2.0
18269,1793,2023,11,2,110,4.0
18270,1419,2023,3,3,123,4.0
18271,868,2019,1,3,137,4.0
18272,1647,2020,6,3,3,3.0
18273,1065,2019,3,2,117,4.0
18274,1082,2019,4,2,49,4.0
18275,1705,2024,3,3,84,4.0
18276,387,2021,7,5,136,1.0
18277,1560,2023,2,5,136,4.0
18278,1360,2023,11,2,28,5.0
18279,1059,2021,1,2,71,2.0
18280,155,2023,2,5,43,3.0
18281,1532,2020,7,4,93,3.0
18282,438,2021,2,4,124,3.0
18283,1791,2021,7,3,48,3.0
18284,1585,2022,1,4,19,5.0
18285,728,2020,11,4,10,5.0
18286,871,2023,8,4,8,3.0
18287,52,2024,4,4,55,3.0
18288,997,2024,8,3,145,3.0
18289,116,2024,7,5,38,3.0
18290,1975,2022,10,5,61,3.0
18291,1281,2023,9,3,102,4.0
18292,471,2023,11,5,99,4.0
18293,1608,2024,11,2,41,4.0
18294,40,2019,2,2,20,3.0
18295,1099,2020,10,2,24,4.0
18296,223,2021,11,1,34,3.0
18297,109,2022,3,2,13,4.0
18298,490,2024,10,5,69,4.0
18299,589,2019,8,2,97,5.0
18300,1452,2019,8,5,102,4.0
18301,1782,2024,9,1,137,3.0
18302,1552,2020,5,1,44,2.0
18303,1480,2019,11,2,99,4.0
18304,1131,2023,9,3,133,2.0
18305,743,2024,6,5,5,3.0
18306,511,2024,8,2,118,3.0
18307,1892,2024,12,2,14,3.0
18308,1044,2019,5,4,83,4.0
18309,1129,2019,11,3,125,3.0
18310,30,2024,1,2,69,2.0
18311,916,2023,10,3,84,4.0
18312,1364,2020,8,4,93,4.0
18313,991,2021,9,2,87,4.0
18314,1229,2024,7,3,110,3.0
18315,1620,2024,6,4,129,4.0
18316,44,2024,2,1,21,4.0
18317,1809,2021,3,4,63,4.0
18318,1635,2023,11,5,128,5.0
18319,840,2019,5,1,58,3.0
18320,1527,2024,2,1,74,4.0
18321,134,2020,2,3,112,3.0
18322,617,2024,4,3,141,2.0
18323,216,2019,9,3,38,3.0
18324,1271,2024,5,5,144,5.0
18325,1713,2022,6,1,107,4.0
18326,1203,2022,9,1,5,3.0
18327,1424,2023,8,1,130,4.0
18328,287,2021,1,4,58,2.0
18329,1869,2024,5,1,43,4.0
18330,387,2019,9,3,79,3.0
18331,1053,2022,9,5,87,4.0
18332,1367,2020,5,1,81,3.0
18333,1714,2019,3,1,9,3.0
18334,1868,2022,3,4,124,1.0
18335,1198,2023,2,2,52,3.0
18336,1153,2019,2,3,22,3.0
18337,835,2023,12,3,85,3.0
18338,1136,2024,5,4,94,1.0
18339,1350,2023,4,2,16,3.0
18340,1294,2020,6,4,142,4.0
18341,1185,2019,7,4,91,3.0
18342,882,2019,2,1,150,4.0
18343,392,2022,11,1,101,4.0
18344,109,2020,6,4,2,4.0
18345,842,2021,7,3,32,4.0
18346,794,2019,7,3,146,4.0
18347,1217,2021,12,2,84,4.0
18348,1801,2019,12,4,19,3.0
18349,1404,2021,2,1,12,3.0
18350,1610,2022,9,2,81,3.0
18351,1157,2024,2,4,90,4.0
18352,1855,2020,1,5,37,3.0
18353,1880,2020,7,2,30,3.0
18354,306,2023,6,3,91,3.0
18355,1279,2024,6,1,66,
18356,1012,2021,1,2,6,4.0
18357,1945,2021,8,1,9,4.0
18358,1170,2023,7,4,36,2.0
18359,32,2023,1,3,85,4.0
18360,420,2023,5,4,46,4.0
18361,260,2022,2,1,3,3.0
18362,402,2019,11,3,138,3.0
18363,192,2020,9,3,105,3.0
18364,1565,2019,6,3,88,4.0
18365,989,2021,2,5,37,3.0
18366,1344,2024,11,5,107,5.0
18367,2000,2020,5,4,142,3.0
18368,1295,2023,8,2,102,4.0
18369,959,2021,9,4,45,
18370,534,2020,5,5,59,3.0
18371,1510,2020,12,2,140,4.0
18372,1014,2023,3,2,3,3.0
18373,1514,2023,5,3,34,4.0
18374,47,2020,3,3,17,5.0
18375,327,2024,5,2,97,3.0
18376,260,2019,10,2,69,3.0
18377,1363,2022,6,2,20,4.0
18378,1037,2020,11,3,142,2.0
18379,634,2024,11,1,83,4.0
18380,620,2023,4,5,38,3.0
18381,1214,2019,10,3,142,3.0
18382,1932,2021,6,1,105,5.0
18383,1991,2023,6,4,20,3.0
18384,943,2022,4,2,124,1.0
18385,1342,2021,1,4,9,1.0
18386,168,2019,6,4,137,4.0
18387,1891,2022,9,3,60,4.0
18388,36,2019,11,2,45,2.0
18389,685,2020,5,3,9,4.0
18390,1451,2020,2,3,140,4.0
18391,1940,2022,6,2,84,4.0
18392,344,2021,4,4,92,4.0
18393,1323,2021,12,2,128,2.0
18394,376,2024,9,4,77,4.0
18395,101,2021,11,3,44,2.0
18396,848,2023,4,3,117,2.0
18397,1154,2024,6,1,80,2.0
18398,529,2019,1,2,36,4.0
18399,1947,2023,2,3,127,4.0
18400,1234,2019,5,4,122,5.0
18401,877,2022,5,5,38,4.0
18402,972,2020,9,1,98,3.0
18403,929,2020,3,5,139,4.0
18404,223,2024,12,2,120,3.0
18405,1213,2020,10,5,30,3.0
18406,1570,2022,11,1,129,4.0
18407,843,2023,4,3,9,3.0
18408,852,2023,7,4,93,5.0
18409,1821,2020,7,2,77,4.0
18410,1222,2021,10,5,6,4.0
18411,596,2022,11,5,109,3.0
18412,8,2022,7,2,45,3.0
18413,1647,2019,12,1,128,5.0
18414,1253,2022,6,2,132,4.0
18415,1253,2019,4,1,89,3.0
18416,566,2022,3,3,95,2.0
18417,373,2023,5,1,8,3.0
18418,989,2021,4,3,134,4.0
18419,1516,2020,3,2,103,2.0
18420,596,2020,6,4,58,4.0
18421,1055,2023,4,2,13,4.0
18422,1993,2021,12,3,76,5.0
18423,439,2024,4,3,136,3.0
18424,462,2024,8,2,130,2.0
18425,472,2021,10,4,15,3.0
18426,1826,2020,12,1,115,2.0
18427,1058,2023,9,4,13,3.0
18428,1836,2023,4,2,57,4.0
18429,1896,2019,7,1,68,3.0
18430,843,2024,1,5,4,2.0
18431,110,2020,4,2,21,3.0
18432,609,2022,12,2,133,4.0
18433,1088,2020,1,1,95,3.0
18434,763,2021,4,3,118,3.0
18435,5,2022,1,4,86,3.0
18436,1979,2019,7,1,68,5.0
18437,607,2020,10,3,3,3.0
18438,1238,2023,1,4,82,4.0
18439,1894,2024,2,4,116,4.0
18440,1090,2024,11,4,31,2.0
18441,1389,2023,4,1,74,3.0
18442,72,2024,1,2,62,5.0
18443,1394,2019,2,3,131,1.0
18444,1696,2020,11,3,25,2.0
18445,1837,2021,12,4,16,3.0
18446,168,2024,2,5,32,3.0
18447,457,2023,4,4,24,4.0
18448,94,2021,3,3,127,2.0
18449,1836,2019,6,3,40,4.0
18450,550,2022,10,1,55,5.0
18451,1064,2020,10,3,39,3.0
18452,952,2020,5,1,123,2.0
18453,1378,2020,9,4,100,3.0
18454,1791,2020,4,4,72,4.0
18455,648,2020,11,5,120,3.0
18456,1581,2022,8,3,11,4.0
18457,582,2019,12,1,102,3.0
18458,396,2021,4,1,55,4.0
18459,213,2024,12,5,57,5.0
18460,745,2024,4,2,24,3.0
18461,1121,2023,9,2,15,3.0
18462,1561,2020,1,1,105,4.0
18463,1697,2019,3,4,128,5.0
18464,1055,2024,7,2,137,4.0
18465,818,2021,7,2,37,
18466,349,2021,2,4,115,
18467,1829,2021,1,3,17,5.0
18468,793,2019,11,3,117,3.0
18469,1530,2023,3,1,85,5.0
18470,1252,2020,10,2,130,4.0
18471,1863,2020,3,2,11,2.0
18472,1947,2023,4,5,117,2.0
18473,1414,2023,1,2,71,4.0
18474,1324,2023,7,2,86,2.0
18475,275,2023,7,2,81,5.0
18476,33,2019,7,3,108,3.0
18477,1093,2021,9,1,90,2.0
18478,1411,2021,8,4,63,4.0
18479,1493,2020,3,4,66,4.0
18480,502,2021,6,3,11,3.0
18481,1007,2021,1,4,109,4.0
18482,1725,2022,8,1,106,4.0
18483,192,2024,5,3,86,4.0
18484,768,2022,3,2,109,5.0
18485,1890,2024,11,2,41,3.0
18486,400,2023,6,3,34,4.0
18487,634,2023,1,3,139,1.0
18488,936,2020,2,4,144,5.0
18489,1377,2022,4,5,128,3.0
18490,511,2019,12,2,8,3.0
18491,1585,2024,2,3,83,4.0
18492,472,2020,5,4,111,3.0
18493,737,2020,5,3,6,4.0
18494,1147,2024,8,3,146,4.0
18495,25,2019,8,3,119,3.0
18496,1535,2022,6,1,47,5.0
18497,1338,2022,10,3,76,4.0
18498,1670,2020,1,3,137,5.0
18499,550,2021,5,2,129,2.0
18500,796,2023,1,5,124,2.0
18501,1798,2023,4,1,148,4.0
18502,134,2022,4,5,112,2.0
18503,983,2022,11,3,141,3.0
18504,968,2021,9,1,144,2.0
18505,895,2022,3,2,3,3.0
18506,868,2019,8,4,99,3.0
18507,1495,2019,10,2,51,3.0
18508,394,2023,3,1,75,5.0
18509,1783,2020,7,3,26,4.0
18510,1793,2023,6,5,102,4.0
18511,359,2019,11,2,126,4.0
18512,1949,2020,5,3,62,4.0
18513,525,2024,9,4,105,4.0
18514,104,2020,7,3,49,2.0
18515,797,2024,4,2,113,5.0
18516,1592,2020,5,3,13,5.0
18517,1690,2022,11,3,133,3.0
18518,1292,2023,11,1,57,2.0
18519,1623,2022,4,1,76,2.0
18520,523,2020,6,3,121,3.0
18521,1758,2023,2,1,5,4.0
18522,1271,2020,6,4,142,3.0
18523,268,2023,11,3,93,3.0
18524,258,2021,9,1,147,4.0
18525,535,2024,6,5,83,4.0
18526,139,2024,10,4,31,4.0
18527,566,2023,7,3,88,4.0
18528,1987,2021,6,4,86,5.0
18529,481,2021,1,3,139,5.0
18530,1273,2021,2,1,87,4.0
18531,1956,2021,7,3,61,3.0
18532,507,2021,2,2,27,4.0
18533,1393,2021,1,5,49,4.0
18534,901,2023,4,3,88,4.0
18535,571,2024,7,4,56,2.0
18536,1901,2024,9,1,55,4.0
18537,1314,2022,12,3,3,3.0
18538,878,2024,8,1,142,4.0
18539,1625,2024,12,3,126,4.0
18540,1801,2021,4,3,39,3.0
18541,1563,2021,8,3,21,2.0
18542,1738,2021,1,2,126,2.0
18543,645,2019,2,2,126,3.0
18544,689,2020,8,3,135,3.0
18545,466,2021,4,1,83,4.0
18546,1393,2023,7,4,111,4.0
18547,1607,2020,12,3,110,3.0
18548,1321,2022,10,4,33,2.0
18549,1199,2020,5,5,79,4.0
18550,1543,2021,9,2,40,4.0
18551,363,2019,12,3,114,2.0
18552,732,2022,3,3,146,4.0
18553,1415,2019,7,3,12,3.0
18554,105,2020,9,3,12,4.0
18555,1822,2022,8,5,40,4.0
18556,343,2023,6,3,18,3.0
18557,1574,2021,6,4,2,4.0
18558,1234,2020,7,3,147,3.0
18559,1696,2024,6,4,88,4.0
18560,1551,2021,5,2,117,4.0
18561,1032,2020,11,2,85,3.0
18562,1513,2019,10,5,112,4.0
18563,693,2021,8,4,103,4.0
18564,1168,2020,3,3,25,4.0
18565,1831,2021,7,3,23,4.0
18566,170,2020,3,2,74,3.0
18567,712,2020,2,2,56,3.0
18568,35,2023,3,2,127,3.0
18569,1069,2021,2,5,46,4.0
18570,1565,2023,10,2,50,3.0
18571,78,2022,7,3,80,5.0
18572,1099,2022,9,3,29,3.0
18573,831,2021,12,3,129,3.0
18574,1566,2021,4,4,2,2.0
18575,441,2020,3,2,128,5.0
18576,326,2024,2,2,94,5.0
18577,190,2021,1,3,134,3.0
18578,815,2024,1,3,45,4.0
18579,976,2023,8,5,136,4.0
18580,1839,2022,9,3,130,4.0
18581,932,2024,4,4,69,3.0
18582,344,2022,7,5,43,
18583,1399,2023,3,1,30,4.0
18584,124,2023,9,2,23,5.0
18585,691,2022,9,1,88,4.0
18586,1307,2023,9,5,145,4.0
18587,508,2023,7,2,85,2.0
18588,1190,2020,11,3,145,4.0
18589,907,2024,2,3,114,4.0
18590,1905,2022,5,4,103,3.0
18591,575,2019,1,2,109,3.0
18592,1813,2019,10,1,140,3.0
18593,1252,2023,1,2,129,2.0
18594,1499,2023,6,3,25,4.0
18595,338,2022,3,3,88,5.0
18596,39,2022,9,2,70,2.0
18597,1462,2024,5,1,132,4.0
18598,961,2024,7,1,31,2.0
18599,618,2023,12,5,123,4.0
18600,1793,2019,12,1,72,3.0
18601,653,2023,6,2,140,3.0
18602,868,2022,5,1,119,4.0
18603,1449,2023,4,1,52,3.0
18604,1925,2023,9,3,127,3.0
18605,1798,2023,12,5,29,2.0
18606,1305,2024,8,2,1,4.0
18607,221,2019,7,4,77,3.0
18608,219,2024,12,4,59,5.0
18609,1386,2021,3,3,19,4.0
18610,1019,2020,1,4,150,3.0
18611,267,2023,2,2,6,2.0
18612,1392,2024,8,1,89,3.0
18613,1885,2019,11,3,40,3.0
18614,131,2024,3,3,45,4.0
18615,1652,2021,9,2,32,2.0
18616,690,2024,11,5,59,4.0
18617,796,2019,11,1,101,1.0
18618,1435,2022,10,5,49,4.0
18619,494,2022,5,3,109,3.0
18620,315,2023,8,4,68,4.0
18621,1928,2021,7,2,118,5.0
18622,697,2019,6,3,67,5.0
18623,340,2020,9,3,55,4.0
18624,1380,2020,9,3,77,5.0
18625,434,2024,10,4,103,5.0
18626,1552,2019,7,3,70,4.0
18627,141,2024,8,1,136,3.0
18628,1038,2022,4,4,78,4.0
18629,806,2022,6,3,45,4.0
18630,1914,2024,10,3,5,4.0
18631,1043,2023,10,2,59,4.0
18632,1851,2022,7,3,9,3.0
18633,498,2023,7,4,6,2.0
18634,947,2021,4,5,56,5.0
18635,1628,2024,5,2,44,3.0
18636,321,2023,8,2,133,2.0
18637,1856,2024,2,3,110,5.0
18638,1546,2022,1,3,119,2.0
18639,1354,2022,8,3,82,4.0
18640,487,2021,9,4,17,3.0
18641,1637,2024,12,5,128,3.0
18642,1686,2022,6,5,75,3.0
18643,586,2019,2,1,65,3.0
18644,1175,2022,8,2,91,4.0
18645,122,2019,4,2,25,5.0
18646,789,2022,2,5,73,4.0
18647,302,2023,8,4,91,2.0
18648,1113,2023,9,1,105,3.0
18649,1098,2019,1,3,76,
18650,1066,2021,9,5,150,4.0
18651,1355,2021,7,2,149,3.0
18652,1850,2021,9,3,15,5.0
18653,394,2024,8,3,13,4.0
18654,429,2022,6,1,78,4.0
18655,431,2021,5,3,125,3.0
18656,1857,2024,8,5,77,4.0
18657,186,2022,3,1,33,3.0
18658,63,2021,7,3,85,4.0
18659,321,2022,10,4,142,3.0
18660,1539,2024,3,3,26,4.0
18661,1160,2021,2,2,67,3.0
18662,1840,2022,1,4,96,5.0
18663,409,2020,7,2,59,4.0
18664,789,2019,5,2,7,4.0
18665,1111,2019,8,2,101,3.0
18666,147,2021,10,5,112,2.0
18667,1838,2023,12,4,99,2.0
18668,1610,2020,4,1,100,4.0
18669,288,2024,2,2,99,4.0
18670,1686,2019,9,4,50,3.0
18671,898,2023,1,4,3,3.0
18672,673,2020,8,2,149,3.0
18673,1893,2019,4,4,31,5.0
18674,1038,2023,5,1,125,4.0
18675,455,2022,2,1,82,3.0
18676,1619,2022,1,5,81,3.0
18677,1432,2024,3,3,4,4.0
18678,385,2022,6,1,149,3.0
18679,1355,2024,4,3,80,4.0
18680,1258,2021,5,3,125,4.0
18681,551,2021,2,5,117,3.0
18682,862,2021,2,1,21,3.0
18683,1679,2021,9,4,143,4.0
18684,349,2024,10,4,89,3.0
18685,1445,2022,9,4,28,4.0
18686,1663,2024,12,4,88,3.0
18687,1874,2020,9,4,93,5.0
18688,650,2023,2,3,98,5.0
18689,534,2019,9,1,49,3.0
18690,1869,2020,3,5,142,3.0
18691,926,2019,10,2,36,5.0
18692,1138,2024,8,2,74,4.0
18693,1027,2020,11,2,126,4.0
18694,1030,2023,12,2,12,3.0
18695,1250,2021,9,2,61,3.0
18696,847,2019,12,2,72,4.0
18697,785,2021,7,3,116,3.0
18698,802,2021,12,3,119,2.0
18699,1313,2022,2,5,120,4.0
18700,1636,2020,6,3,54,2.0
18701,1111,2023,10,5,74,
18702,1356,2023,12,1,5,3.0
18703,827,2019,11,2,124,4.0
18704,1548,2022,5,1,46,4.0
18705,788,2022,8,3,71,4.0
18706,843,2020,2,5,103,5.0
18707,111,2023,2,2,117,3.0
18708,523,2020,9,4,13,3.0
18709,1477,2024,4,4,116,4.0
18710,174,2021,7,1,57,5.0
18711,448,2021,3,3,63,5.0
18712,1554,2022,10,1,20,2.0
18713,1747,2022,2,2,108,4.0
18714,831,2022,8,4,72,3.0
18715,814,2023,9,2,16,5.0
18716,1019,2020,10,5,22,4.0
18717,1541,2023,4,4,109,3.0
18718,939,2022,5,2,17,3.0
18719,347,2020,7,3,79,3.0
18720,863,2024,4,3,105,3.0
18721,510,2024,9,3,137,3.0
18722,1368,2020,10,3,24,4.0
18723,286,2023,10,2,45,4.0
18724,1218,2022,6,5,24,4.0
18725,260,2023,8,1,132,3.0
18726,1945,2021,3,3,89,
18727,1281,2020,3,1,148,1.0
18728,278,2020,5,3,7,3.0
18729,1918,2019,3,2,106,4.0
18730,1148,2024,10,1,5,3.0
18731,1214,2020,4,1,17,3.0
18732,127,2024,12,5,65,2.0
18733,376,2020,5,1,56,2.0
18734,1616,2021,10,2,55,3.0
18735,936,2024,1,3,11,2.0
18736,1233,2021,9,1,82,1.0
18737,1975,2023,6,5,52,3.0
18738,857,2019,10,1,150,4.0
18739,762,2024,3,5,119,4.0
18740,1605,2022,3,1,66,3.0
18741,133,2023,11,3,115,4.0
18742,911,2019,7,4,87,5.0
18743,1710,2024,7,1,75,3.0
18744,456,2021,8,4,138,2.0
18745,609,2020,5,3,89,4.0
18746,946,2019,12,3,73,4.0
18747,149,2019,7,2,85,3.0
18748,142,2023,1,2,118,5.0
18749,503,2020,4,4,112,3.0
18750,1796,2024,12,1,83,4.0
18751,444,2020,6,2,27,4.0
18752,1462,2019,9,2,96,5.0
18753,853,2024,1,2,65,3.0
18754,1521,2023,1,2,140,4.0
18755,661,2022,3,1,137,3.0
18756,1749,2023,7,2,1,2.0
18757,742,2023,8,3,150,3.0
18758,1584,2020,1,3,136,2.0
18759,1663,2021,12,5,137,4.0
18760,864,2024,8,3,75,3.0
18761,1334,2023,5,3,41,4.0
18762,238,2022,6,1,92,3.0
18763,993,2020,7,4,133,4.0
18764,747,2022,10,3,68,4.0
18765,1909,2019,2,4,148,3.0
18766,1869,2023,7,2,40,4.0
18767,1567,2020,7,3,128,4.0
18768,1899,2020,10,4,10,3.0
18769,1952,2022,5,2,126,5.0
18770,1536,2019,5,3,142,2.0
18771,1188,2023,10,1,106,4.0
18772,409,2021,11,2,94,4.0
18773,1631,2022,10,2,62,4.0
18774,389,2023,11,2,132,4.0
18775,371,2023,2,1,19,4.0
18776,1760,2024,8,4,44,3.0
18777,229,2020,9,4,20,3.0
18778,284,2021,4,4,42,4.0
18779,1022,2019,6,5,79,3.0
18780,1169,2020,12,3,51,5.0
18781,92,2022,2,4,64,4.0
18782,757,2019,10,3,35,4.0
18783,451,2021,4,4,53,3.0
18784,605,2024,11,3,75,4.0
18785,362,2019,7,4,33,3.0
18786,1355,2020,1,2,141,4.0
18787,946,2020,2,3,135,2.0
18788,1920,2024,10,3,132,
18789,17,2023,10,2,1,3.0
18790,1556,2020,3,3,75,3.0
18791,1820,2023,8,2,120,5.0
18792,973,2019,7,3,53,3.0
18793,1399,2023,1,3,35,4.0
18794,882,2020,9,3,92,3.0
18795,1191,2023,2,3,1,4.0
18796,1816,2021,5,3,92,3.0
18797,1061,2023,1,3,68,3.0
18798,1157,2021,3,5,103,3.0
18799,1974,2022,12,1,103,3.0
18800,994,2024,7,4,81,5.0
18801,347,2023,9,1,88,4.0
18802,1366,2022,4,3,5,3.0
18803,1386,2024,1,2,148,4.0
18804,475,2019,8,4,12,5.0
18805,1458,2023,3,1,147,3.0
18806,128,2022,2,4,147,3.0
18807,641,2020,6,3,108,4.0
18808,1711,2021,5,2,112,3.0
18809,1236,2021,2,5,5,3.0
18810,1215,2023,8,2,143,3.0
18811,1242,2022,6,2,80,3.0
18812,330,2023,12,3,51,5.0
18813,1923,2022,2,2,101,3.0
18814,597,2024,6,4,81,2.0
18815,1573,2023,10,1,55,4.0
18816,1980,2022,6,3,49,4.0
18817,482,2019,3,3,18,3.0
18818,1269,2021,12,4,137,4.0
18819,85,2019,4,2,100,3.0
18820,1273,2021,12,1,44,4.0
18821,883,2024,11,4,109,3.0
18822,145,2021,9,1,105,4.0
18823,1345,2023,10,3,21,4.0
18824,1938,2021,7,4,27,5.0
18825,167,2022,9,5,35,3.0
18826,1786,2019,4,2,16,
18827,1688,2023,1,4,124,4.0
18828,1096,2020,8,4,24,5.0
18829,1803,2021,10,5,122,3.0
18830,619,2024,11,4,80,4.0
18831,1441,2020,10,1,18,2.0
18832,1397,2024,12,5,127,2.0
18833,1161,2023,8,1,27,4.0
18834,1667,2019,3,2,150,3.0
18835,1753,2021,3,2,3,2.0
18836,1573,2024,4,3,94,3.0
18837,1177,2021,12,2,48,3.0
18838,1955,2023,11,1,81,4.0
18839,1112,2024,9,4,126,3.0
18840,1274,2019,11,3,119,3.0
18841,378,2023,5,3,43,2.0
18842,643,2024,9,4,10,4.0
18843,1810,2022,3,5,43,4.0
18844,996,2024,2,2,122,
18845,1023,2023,8,2,78,4.0
18846,1633,2022,9,5,114,1.0
18847,653,2019,8,3,75,3.0
18848,531,2023,6,2,80,4.0
18849,18,2024,8,2,10,4.0
18850,463,2020,5,5,4,5.0
18851,1025,2019,4,3,106,4.0
18852,1450,2022,4,4,31,4.0
18853,659,2024,5,3,55,3.0
18854,889,2023,4,3,56,3.0
18855,444,2023,2,4,95,3.0
18856,1634,2022,7,2,142,4.0
18857,1050,2021,5,4,114,3.0
18858,288,2020,2,3,96,4.0
18859,1220,2023,11,4,126,2.0
18860,672,2022,7,3,77,1.0
18861,1731,2023,2,2,22,5.0
18862,537,2024,1,4,74,5.0
18863,1730,2024,2,4,147,4.0
18864,1396,2024,5,4,117,5.0
18865,271,2021,3,3,53,
18866,1519,2019,12,3,49,2.0
18867,1442,2022,6,1,138,5.0
18868,913,2021,9,1,15,3.0
18869,322,2024,3,5,140,3.0
18870,957,2019,1,4,102,5.0
18871,1218,2024,5,3,122,4.0
18872,265,2022,9,3,50,2.0
18873,683,2019,10,1,98,2.0
18874,1404,2020,3,3,49,3.0
18875,1106,2019,4,5,3,4.0
18876,1985,2024,6,3,69,3.0
18877,434,2022,5,3,147,4.0
18878,1556,2022,4,2,37,3.0
18879,851,2022,12,1,25,3.0
18880,447,2021,12,2,139,5.0
18881,1903,2020,5,1,137,3.0
18882,1247,2023,1,3,128,3.0
18883,1071,2019,5,5,147,5.0
18884,590,2020,11,2,149,3.0
18885,1763,2024,11,4,138,3.0
18886,61,2019,9,1,145,3.0
18887,231,2024,9,3,112,2.0
18888,360,2019,5,3,48,4.0
18889,1307,2021,6,2,69,4.0
18890,206,2022,11,1,58,3.0
18891,1595,2019,3,2,77,5.0
18892,392,2024,5,1,105,3.0
18893,1353,2024,11,4,37,4.0
18894,1592,2020,9,1,3,3.0
18895,1758,2020,2,1,91,4.0
18896,586,2023,10,4,150,5.0
18897,150,2021,1,2,130,5.0
18898,1515,2019,4,2,2,4.0
18899,898,2023,12,2,90,4.0
18900,1898,2021,1,4,80,3.0
18901,377,2021,3,5,64,3.0
18902,1149,2022,11,5,101,4.0
18903,239,2022,9,2,64,2.0
18904,971,2023,3,2,138,3.0
18905,3,2023,5,4,137,5.0
18906,1501,2024,12,4,97,2.0
18907,1210,2024,8,2,69,4.0
18908,195,2022,4,3,90,4.0
18909,999,2022,2,2,136,3.0
18910,857,2021,5,1,46,3.0
18911,1348,2022,4,3,131,2.0
18912,998,2019,6,4,89,3.0
18913,918,2021,1,4,10,3.0
18914,1663,2020,6,1,113,2.0
18915,1039,2022,3,2,31,4.0
18916,1629,2024,12,1,78,3.0
18917,1771,2021,4,2,143,3.0
18918,1697,2022,3,2,117,3.0
18919,1912,2021,4,1,105,4.0
18920,1396,2021,8,4,11,3.0
18921,1124,2023,9,4,129,5.0
18922,1062,2020,4,5,51,2.0
18923,410,2024,9,4,8,3.0
18924,1656,2019,2,4,144,4.0
18925,1387,2020,3,4,29,2.0
18926,1747,2023,4,3,49,3.0
18927,1403,2019,9,2,22,4.0
18928,961,2021,7,2,94,4.0
18929,591,2021,6,3,131,4.0
18930,1972,2024,8,3,78,3.0
18931,1468,2019,3,1,131,3.0
18932,1750,2021,4,3,141,2.0
18933,1171,2021,9,4,131,3.0
18934,1021,2023,12,1,25,4.0
18935,69,2022,1,2,31,3.0
18936,139,2019,5,5,45,4.0
18937,1414,2024,11,2,96,4.0
18938,449,2019,10,1,130,4.0
18939,165,2023,4,3,47,3.0
18940,1553,2020,1,5,100,3.0
18941,1242,2019,7,2,29,4.0
18942,223,2020,9,2,82,3.0
18943,1000,2024,4,3,117,3.0
18944,940,2024,4,3,60,4.0
18945,8,2022,9,4,25,2.0
18946,1210,2023,7,5,62,3.0
18947,794,2024,4,4,115,2.0
18948,1757,2021,11,2,141,3.0
18949,232,2023,11,4,93,4.0
18950,1695,2022,9,3,101,3.0
18951,13,2020,12,3,63,4.0
18952,1529,2022,5,3,140,5.0
18953,1566,2019,2,3,131,5.0
18954,816,2022,9,3,146,4.0
18955,562,2020,7,4,130,4.0
18956,285,2019,5,1,83,3.0
18957,680,2023,4,3,145,3.0
18958,1340,2021,1,2,92,3.0
18959,1450,2021,3,2,91,4.0
18960,363,2019,8,3,99,3.0
18961,23,2019,3,5,28,4.0
18962,1123,2024,12,2,126,3.0
18963,1162,2022,6,4,55,4.0
18964,1962,2021,2,2,99,3.0
18965,1523,2022,8,2,127,3.0
18966,1101,2023,9,3,18,3.0
18967,1184,2019,3,1,46,5.0
18968,1292,2024,11,4,142,3.0
18969,904,2022,9,3,55,5.0
18970,1356,2020,8,3,100,4.0
18971,391,2020,2,4,85,4.0
18972,1661,2019,6,3,131,3.0
18973,1724,2020,12,3,77,4.0
18974,870,2021,3,2,64,3.0
18975,914,2020,12,4,3,2.0
18976,996,2023,3,4,72,3.0
18977,1635,2020,8,3,88,3.0
18978,352,2021,5,1,104,3.0
18979,684,2022,1,4,118,4.0
18980,1230,2019,8,3,117,5.0
18981,1387,2020,6,2,69,3.0
18982,592,2019,4,3,12,4.0
18983,235,2023,3,3,39,3.0
18984,1016,2023,6,4,62,2.0
18985,1278,2019,2,3,147,5.0
18986,1534,2023,8,3,116,3.0
18987,6,2023,2,4,135,3.0
18988,36,2019,3,4,149,4.0
18989,774,2019,7,1,20,5.0
18990,1128,2023,9,1,2,4.0
18991,8,2020,5,3,87,5.0
18992,347,2021,8,4,40,3.0
18993,838,2022,12,1,131,4.0
18994,559,2019,8,4,70,2.0
18995,1422,2021,10,1,2,3.0
18996,70,2021,6,3,34,4.0
18997,1777,2023,4,4,52,4.0
18998,339,2023,5,1,5,3.0
18999,882,2020,5,4,48,5.0
19000,1974,2022,7,4,81,4.0
19001,1326,2021,2,1,134,3.0
19002,1998,2021,10,2,98,4.0
19003,40,2023,2,4,14,3.0
19004,1440,2020,9,5,63,5.0
19005,152,2022,6,3,116,3.0
19006,1224,2021,9,1,56,4.0
19007,652,2022,3,2,85,4.0
19008,1555,2021,3,2,148,4.0
19009,249,2024,4,3,21,1.0
19010,1794,2021,10,4,72,3.0
19011,962,2019,4,3,92,2.0
19012,1039,2021,5,4,120,4.0
19013,1143,2020,2,1,126,3.0
19014,71,2021,3,2,44,2.0
19015,621,2024,11,2,71,4.0
19016,1419,2019,2,4,125,3.0
19017,1922,2019,11,3,126,4.0
19018,1970,2020,10,4,124,4.0
19019,1072,2021,12,2,101,4.0
19020,517,2019,8,4,41,5.0
19021,956,2023,9,3,56,4.0
19022,927,2022,11,2,99,4.0
19023,795,2023,9,4,39,4.0
19024,723,2021,7,2,103,3.0
19025,1737,2024,6,4,78,3.0
19026,781,2023,11,3,67,5.0
19027,59,2024,4,3,54,5.0
19028,1443,2019,7,3,117,3.0
19029,1331,2023,1,5,70,4.0
19030,757,2021,8,3,47,3.0
19031,1260,2020,2,1,58,4.0
19032,1883,2020,1,5,73,3.0
19033,1849,2020,4,2,93,4.0
19034,1580,2019,9,3,149,4.0
19035,1167,2021,10,4,52,4.0
19036,56,2023,8,1,27,2.0
19037,1025,2021,8,2,147,5.0
19038,1638,2019,3,4,23,5.0
19039,1690,2023,2,1,136,4.0
19040,1546,2020,2,3,22,4.0
19041,1974,2024,1,2,55,5.0
19042,1033,2021,5,2,150,5.0
19043,220,2019,9,4,25,4.0
19044,994,2020,1,5,24,5.0
19045,638,2023,5,3,92,4.0
19046,1672,2024,8,2,29,4.0
19047,1555,2021,1,1,4,4.0
19048,850,2024,7,3,105,4.0
19049,777,2020,5,4,144,2.0
19050,319,2021,12,4,114,3.0
19051,87,2021,6,2,145,4.0
19052,626,2020,7,2,80,3.0
19053,483,2021,11,3,93,2.0
19054,531,2021,9,4,148,3.0
19055,1997,2023,7,3,76,3.0
19056,1363,2021,8,3,6,4.0
19057,1103,2019,5,4,36,4.0
19058,358,2021,9,1,94,4.0
19059,1683,2024,4,3,129,3.0
19060,1290,2019,4,1,91,3.0
19061,1030,2024,10,2,61,3.0
19062,932,2019,5,1,49,3.0
19063,1106,2019,7,3,103,4.0
19064,1680,2019,2,5,135,4.0
19065,1441,2020,5,1,42,4.0
19066,970,2021,8,3,83,5.0
19067,1336,2023,7,4,65,3.0
19068,1860,2022,4,4,37,4.0
19069,653,2022,1,3,61,3.0
19070,1801,2024,7,4,14,5.0
19071,1214,2019,5,1,80,4.0
19072,371,2020,12,4,17,2.0
19073,1934,2024,1,4,72,3.0
19074,1373,2023,9,3,135,2.0
19075,772,2019,5,1,22,5.0
19076,430,2020,4,2,38,3.0
19077,1832,2021,9,2,109,5.0
19078,1647,2019,7,1,137,4.0
19079,90,2022,1,4,144,2.0
19080,1272,2022,8,2,19,2.0
19081,230,2021,3,2,36,4.0
19082,589,2020,11,4,148,3.0
19083,1137,2021,3,2,76,4.0
19084,499,2024,10,3,126,4.0
19085,1025,2023,4,1,3,1.0
19086,860,2024,4,5,18,3.0
19087,1163,2022,1,5,31,4.0
19088,1602,2019,12,2,13,2.0
19089,311,2019,7,2,134,4.0
19090,1593,2020,2,4,121,3.0
19091,445,2022,1,4,59,2.0
19092,67,2020,4,2,12,4.0
19093,893,2020,6,3,16,4.0
19094,605,2024,1,2,40,5.0
19095,370,2019,5,2,110,3.0
19096,846,2019,4,3,121,5.0
19097,1738,2021,11,2,81,4.0
19098,1172,2023,5,3,137,4.0
19099,1456,2023,2,2,140,3.0
19100,300,2020,3,1,116,2.0
19101,152,2020,10,1,12,5.0
19102,671,2022,1,2,134,4.0
19103,1549,2024,2,3,137,3.0
19104,1772,2020,1,2,84,5.0
19105,204,2024,1,3,90,5.0
19106,954,2023,12,4,117,3.0
19107,794,2020,12,4,89,5.0
19108,1489,2023,9,5,52,2.0
19109,412,2022,2,2,105,4.0
19110,970,2019,9,5,118,4.0
19111,1700,2021,10,4,22,1.0
19112,930,2020,10,2,102,3.0
19113,1563,2019,9,2,26,3.0
19114,1244,2021,9,2,87,4.0
19115,1195,2023,6,4,17,3.0
19116,519,2022,1,3,149,1.0
19117,1985,2019,10,2,101,3.0
19118,500,2023,12,4,71,2.0
19119,1862,2019,7,4,76,3.0
19120,1979,2021,6,3,93,4.0
19121,1023,2022,12,2,19,4.0
19122,1738,2024,6,2,77,3.0
19123,1431,2023,5,4,108,4.0
19124,1476,2020,11,4,40,3.0
19125,138,2021,12,3,72,4.0
19126,275,2024,3,4,50,2.0
19127,140,2020,4,2,25,4.0
19128,61,2024,4,3,147,3.0
19129,1672,2022,2,2,89,3.0
19130,351,2022,11,5,59,4.0
19131,13,2022,12,3,51,3.0
19132,1876,2024,7,2,102,3.0
19133,558,2023,9,2,17,3.0
19134,1633,2021,6,5,86,5.0
19135,1922,2022,12,5,35,4.0
19136,1047,2023,12,4,134,4.0
19137,1854,2022,9,3,118,3.0
19138,1938,2019,11,3,114,1.0
19139,289,2024,2,4,22,3.0
19140,294,2020,11,1,13,2.0
19141,740,2022,6,1,69,4.0
19142,1119,2022,3,2,54,4.0
19143,1573,2019,12,2,109,4.0
19144,367,2024,11,3,107,4.0
19145,387,2019,2,2,60,3.0
19146,613,2024,8,3,25,3.0
19147,543,2024,11,4,49,4.0
19148,1881,2022,9,4,76,5.0
19149,792,2024,6,3,39,4.0
19150,1737,2024,1,2,48,4.0
19151,112,2024,6,2,37,5.0
19152,204,2023,7,3,10,4.0
19153,1608,2024,11,1,91,3.0
19154,500,2023,3,4,150,4.0
19155,166,2024,3,3,143,5.0
19156,1190,2019,12,3,140,4.0
19157,295,2021,11,3,99,4.0
19158,123,2021,7,1,113,2.0
19159,813,2024,6,4,10,2.0
19160,1101,2021,8,3,31,3.0
19161,1055,2021,2,3,106,3.0
19162,1169,2023,3,4,149,3.0
19163,48,2022,7,2,137,4.0
19164,582,2022,6,3,95,3.0
19165,687,2024,3,4,17,3.0
19166,587,2023,7,5,145,4.0
19167,1119,2023,8,4,48,3.0
19168,459,2024,10,1,7,4.0
19169,1264,2019,8,3,116,4.0
19170,1872,2022,8,3,27,4.0
19171,1322,2019,7,1,46,4.0
19172,778,2023,2,4,102,4.0
19173,870,2019,5,2,145,4.0
19174,1171,2022,6,3,137,2.0
19175,1448,2023,7,2,25,5.0
19176,604,2022,4,2,27,4.0
19177,77,2019,9,2,122,5.0
19178,1406,2021,7,2,48,4.0
19179,1324,2023,4,5,12,5.0
19180,203,2024,6,4,89,3.0
19181,1254,2024,9,1,99,5.0
19182,144,2023,1,2,150,3.0
19183,1287,2020,5,5,73,4.0
19184,1489,2023,3,3,120,4.0
19185,32,2020,4,3,81,4.0
19186,1454,2020,8,3,139,2.0
19187,241,2020,3,2,74,4.0
19188,531,2021,7,2,102,3.0
19189,1410,2024,5,2,145,4.0
19190,711,2024,1,4,132,3.0
19191,1955,2024,11,2,61,3.0
19192,1915,2024,8,3,77,3.0
19193,1974,2019,4,5,89,3.0
19194,209,2024,7,3,19,4.0
19195,353,2024,12,2,36,4.0
19196,367,2023,2,3,107,4.0
19197,1171,2019,11,2,11,2.0
19198,861,2023,1,4,91,3.0
19199,1492,2023,11,3,73,3.0
19200,565,2019,5,2,73,3.0
19201,400,2020,4,3,127,3.0
19202,1299,2023,10,3,42,3.0
19203,1235,2020,2,4,119,4.0
19204,1382,2021,2,2,118,4.0
19205,625,2022,6,3,149,3.0
19206,1053,2024,12,5,124,3.0
19207,1857,2020,4,2,77,3.0
19208,1223,2019,7,4,55,5.0
19209,1865,2024,5,3,118,3.0
19210,867,2024,10,1,140,3.0
19211,90,2024,11,5,43,3.0
19212,1521,2021,12,4,56,3.0
19213,921,2023,4,3,75,4.0
19214,85,2019,4,3,17,4.0
19215,278,2022,12,2,48,4.0
19216,626,2022,7,2,25,4.0
19217,382,2022,4,4,116,3.0
19218,1369,2023,5,3,75,5.0
19219,1223,2024,3,2,91,4.0
19220,660,2023,2,4,12,2.0
19221,170,2019,5,3,87,4.0
19222,158,2023,10,2,108,5.0
19223,1892,2023,8,2,104,1.0
19224,691,2022,1,5,120,2.0
19225,215,2022,1,2,18,4.0
19226,1423,2019,11,2,83,5.0
19227,1740,2020,10,3,73,4.0
19228,244,2024,10,3,135,4.0
19229,1890,2019,11,3,104,5.0
19230,1450,2024,8,5,144,3.0
19231,505,2020,5,2,4,3.0
19232,1551,2023,8,1,68,4.0
19233,840,2020,8,5,106,4.0
19234,1271,2019,11,2,14,4.0
19235,254,2022,7,5,98,4.0
19236,489,2023,1,4,35,5.0
19237,1547,2019,8,4,12,4.0
19238,1611,2020,9,1,99,3.0
19239,22,2020,12,1,64,3.0
19240,429,2024,3,2,61,4.0
19241,1216,2020,11,3,49,5.0
19242,1812,2019,1,4,103,4.0
19243,1349,2024,9,2,93,3.0
19244,1414,2019,4,1,101,3.0
19245,778,2021,2,1,119,3.0
19246,110,2020,4,3,91,3.0
19247,1532,2020,7,1,12,4.0
19248,1599,2023,3,4,24,3.0
19249,887,2019,7,2,149,3.0
19250,1013,2022,9,3,43,3.0
19251,471,2022,11,4,65,4.0
19252,906,2023,7,3,57,3.0
19253,484,2019,8,4,149,4.0
19254,842,2021,12,4,124,5.0
19255,269,2019,1,2,73,4.0
19256,1214,2024,10,1,103,4.0
19257,496,2024,12,4,83,3.0
19258,1450,2021,10,3,97,4.0
19259,1036,2022,12,5,144,3.0
19260,1792,2019,11,1,101,4.0
19261,443,2024,8,5,17,5.0
19262,546,2023,10,5,76,3.0
19263,487,2019,5,2,123,3.0
19264,1262,2022,2,1,6,4.0
19265,214,2020,2,2,54,3.0
19266,1373,2022,3,3,31,3.0
19267,1639,2022,9,2,109,3.0
19268,1350,2021,5,1,22,4.0
19269,270,2021,10,4,94,2.0
19270,987,2023,4,2,10,4.0
19271,1067,2019,10,4,139,5.0
19272,783,2019,11,2,48,4.0
19273,933,2021,4,4,62,3.0
19274,1525,2021,7,2,119,4.0
19275,1670,2020,7,1,57,3.0
19276,601,2021,11,4,18,3.0
19277,660,2019,5,2,136,2.0
19278,417,2023,5,2,17,2.0
19279,804,2023,10,3,75,4.0
19280,1092,2020,11,3,19,3.0
19281,1428,2022,1,3,105,2.0
19282,536,2020,1,1,41,4.0
19283,433,2021,12,5,140,5.0
19284,67,2020,6,1,31,4.0
19285,188,2024,7,4,101,3.0
19286,104,2021,11,4,3,5.0
19287,415,2022,5,2,17,2.0
19288,1391,2020,6,3,42,4.0
19289,1549,2024,11,3,133,5.0
19290,1947,2023,9,3,150,3.0
19291,1091,2019,9,4,93,4.0
19292,910,2020,5,3,51,3.0
19293,1799,2022,9,4,47,3.0
19294,295,2021,10,2,32,4.0
19295,1261,2023,11,3,52,2.0
19296,1637,2022,8,3,75,3.0
19297,1006,2022,11,5,103,3.0
19298,523,2021,10,4,35,2.0
19299,1242,2024,9,1,6,3.0
19300,1992,2023,7,4,84,2.0
19301,472,2023,6,3,37,2.0
19302,1127,2022,8,4,61,4.0
19303,102,2022,11,2,107,4.0
19304,466,2023,7,4,135,3.0
19305,1535,2020,9,1,81,3.0
19306,993,2022,7,4,140,4.0
19307,399,2019,8,3,41,3.0
19308,671,2021,9,1,107,3.0
19309,242,2020,1,4,147,5.0
19310,1559,2020,2,2,33,3.0
19311,1886,2022,1,2,111,
19312,212,2021,10,3,72,3.0
19313,476,2021,11,2,133,4.0
19314,1715,2024,5,2,46,4.0
19315,1758,2021,1,3,145,4.0
19316,1535,2019,1,2,120,4.0
19317,1431,2023,6,1,106,4.0
19318,1723,2020,8,2,5,5.0
19319,747,2024,4,3,13,3.0
19320,1790,2022,8,3,100,5.0
19321,1774,2020,2,3,72,3.0
19322,460,2022,9,5,49,2.0
19323,147,2024,4,2,127,4.0
19324,1043,2024,12,4,73,5.0
19325,1517,2021,10,3,69,4.0
19326,1700,2019,6,3,49,3.0
19327,285,2019,12,3,148,3.0
19328,755,2024,12,1,55,3.0
19329,1536,2022,3,3,39,4.0
19330,121,2023,7,3,102,3.0
19331,1446,2023,8,2,6,3.0
19332,584,2023,5,2,90,4.0
19333,45,2022,12,4,85,3.0
19334,484,2021,9,4,37,3.0
19335,1484,2020,10,3,116,4.0
19336,1741,2020,3,4,7,2.0
19337,163,2023,11,4,148,4.0
19338,928,2019,12,3,129,3.0
19339,403,2019,11,3,27,4.0
19340,1368,2023,6,1,74,3.0
19341,1562,2022,12,1,30,3.0
19342,1925,2019,1,3,93,3.0
19343,710,2019,3,3,53,4.0
19344,599,2020,8,2,74,2.0
19345,620,2019,10,3,144,3.0
19346,1523,2020,2,1,93,3.0
19347,891,2023,4,4,131,3.0
19348,46,2024,2,2,95,3.0
19349,1896,2020,2,3,72,4.0
19350,209,2020,1,5,3,2.0
19351,1857,2023,12,3,14,2.0
19352,324,2021,11,3,80,4.0
19353,1077,2020,8,1,76,3.0
19354,625,2023,1,1,76,2.0
19355,1374,2021,9,5,127,3.0
19356,806,2024,7,4,15,3.0
19357,735,2024,10,4,99,3.0
19358,955,2023,6,5,112,4.0
19359,1942,2024,1,1,97,2.0
19360,491,2022,11,4,36,4.0
19361,440,2022,11,1,61,3.0
19362,133,2019,11,3,9,3.0
19363,1478,2020,8,4,27,5.0
19364,1356,2019,12,3,121,4.0
19365,1218,2024,1,2,93,5.0
19366,48,2020,5,4,130,2.0
19367,1582,2022,4,3,104,4.0
19368,1619,2021,6,5,37,4.0
19369,1891,2023,1,3,122,3.0
19370,1859,2021,10,2,104,3.0
19371,527,2024,4,4,29,4.0
19372,1421,2022,2,4,1,3.0
19373,806,2020,3,1,115,4.0
19374,1192,2021,2,3,109,3.0
19375,665,2021,9,1,14,4.0
19376,1315,2023,12,4,70,4.0
19377,1906,2020,2,3,138,2.0
19378,1305,2019,1,2,119,4.0
19379,1842,2023,11,1,123,3.0
19380,1864,2024,5,2,59,5.0
19381,238,2020,2,2,19,3.0
19382,1929,2024,3,5,53,3.0
19383,1637,2019,9,5,104,3.0
19384,854,2021,2,3,127,4.0
19385,1201,2019,5,5,97,4.0
19386,1235,2021,12,4,6,4.0
19387,1573,2022,6,4,89,5.0
19388,1606,2024,2,2,29,3.0
19389,205,2024,10,4,92,3.0
19390,3,2024,6,5,62,4.0
19391,493,2022,5,4,80,4.0
19392,1055,2021,4,3,90,3.0
19393,1699,2024,10,1,96,5.0
19394,1306,2019,6,2,1,3.0
19395,272,2023,6,3,145,5.0
19396,1435,2024,10,1,87,5.0
19397,937,2019,5,3,77,4.0
19398,738,2022,8,4,57,4.0
19399,1544,2024,3,4,16,3.0
19400,592,2023,7,4,95,3.0
19401,1238,2024,6,3,55,3.0
19402,365,2020,7,2,137,2.0
19403,764,2022,5,3,99,4.0
19404,1116,2023,2,4,67,4.0
19405,1247,2019,12,3,5,2.0
19406,1839,2022,5,4,84,3.0
19407,581,2024,9,2,127,3.0
19408,1792,2021,11,3,70,4.0
19409,1634,2023,6,4,98,2.0
19410,720,2023,10,4,18,5.0
19411,281,2020,6,3,62,4.0
19412,516,2021,1,3,119,1.0
19413,1316,2021,11,5,64,3.0
19414,1578,2021,11,3,133,4.0
19415,1225,2022,7,1,62,3.0
19416,1450,2022,10,3,122,4.0
19417,204,2021,9,3,97,5.0
19418,1011,2022,10,4,143,3.0
19419,1748,2022,1,1,80,2.0
19420,779,2024,10,3,71,4.0
19421,1798,2023,3,3,54,3.0
19422,248,2022,12,3,98,4.0
19423,1958,2020,12,2,148,4.0
19424,1571,2020,1,4,26,5.0
19425,1253,2020,8,4,141,4.0
19426,1235,2020,5,1,147,3.0
19427,1873,2024,4,4,116,3.0
19428,754,2022,12,3,88,5.0
19429,330,2024,5,3,130,4.0
19430,1838,2019,7,4,40,3.0
19431,206,2023,4,1,96,4.0
19432,1320,2022,9,2,121,4.0
19433,532,2023,4,4,121,3.0
19434,1859,2021,5,1,88,3.0
19435,1948,2022,9,5,58,2.0
19436,949,2021,3,3,143,2.0
19437,1067,2023,10,1,102,3.0
19438,910,2020,12,2,116,3.0
19439,851,2022,9,1,94,4.0
19440,1875,2021,5,4,132,3.0
19441,575,2023,3,2,72,4.0
19442,1920,2019,7,3,82,3.0
19443,1301,2020,6,4,121,5.0
19444,1922,2022,3,5,78,4.0
19445,1225,2021,5,4,37,4.0
19446,1638,2020,12,3,114,4.0
19447,980,2024,3,1,57,3.0
19448,925,2024,4,2,16,3.0
19449,515,2019,5,2,56,3.0
19450,421,2022,11,5,9,2.0
19451,76,2023,5,4,132,3.0
19452,767,2023,4,2,148,5.0
19453,1976,2020,4,3,40,4.0
19454,1877,2024,12,2,138,5.0
19455,1381,2022,5,3,107,5.0
19456,728,2024,5,1,144,3.0
19457,1041,2023,5,4,25,4.0
19458,1514,2024,11,3,10,3.0
19459,5,2019,9,3,139,4.0
19460,1847,2020,8,2,41,4.0
19461,1741,2022,3,3,90,5.0
19462,1941,2020,2,3,136,3.0
19463,189,2020,2,1,52,4.0
19464,1896,2023,4,1,14,3.0
19465,1227,2024,10,3,119,2.0
19466,1111,2022,10,3,68,5.0
19467,360,2022,10,3,4,4.0
19468,984,2022,9,4,52,4.0
19469,727,2021,7,5,80,5.0
19470,1976,2023,5,4,132,4.0
19471,680,2023,9,1,34,5.0
19472,437,2019,3,2,78,4.0
19473,1893,2020,1,4,28,3.0
19474,376,2020,10,5,44,3.0
19475,1809,2023,6,5,40,5.0
19476,1927,2022,8,3,79,4.0
19477,615,2023,12,4,100,4.0
19478,1379,2022,9,2,17,3.0
19479,1594,2022,10,2,12,4.0
19480,1073,2023,6,1,110,4.0
19481,1394,2019,4,2,45,2.0
19482,265,2023,5,4,93,5.0
19483,1033,2024,11,2,12,4.0
19484,1027,2020,5,4,91,1.0
19485,1133,2023,12,4,137,3.0
19486,1889,2019,1,4,66,4.0
19487,1650,2019,4,5,87,3.0
19488,1206,2021,12,4,45,5.0
19489,807,2024,7,3,43,4.0
19490,810,2021,5,4,10,5.0
19491,41,2021,3,2,72,3.0
19492,1103,2023,6,4,143,2.0
19493,505,2023,12,5,18,3.0
19494,1773,2023,5,3,63,3.0
19495,1548,2019,6,1,126,3.0
19496,1826,2024,5,2,75,5.0
19497,1992,2020,11,1,115,3.0
19498,801,2022,9,3,57,2.0
19499,857,2023,8,4,91,4.0
19500,1217,2020,9,1,149,5.0
19501,862,2023,5,3,90,2.0
19502,559,2022,10,3,120,2.0
19503,1415,2019,8,5,105,4.0
19504,903,2020,1,2,15,3.0
19505,1884,2023,5,3,25,4.0
19506,440,2019,11,1,92,5.0
19507,888,2021,4,2,53,3.0
19508,1063,2021,12,2,73,4.0
19509,1816,2021,10,2,73,4.0
19510,1157,2021,12,1,120,3.0
19511,139,2024,10,2,149,3.0
19512,676,2019,2,1,150,5.0
19513,1773,2024,3,5,12,4.0
19514,545,2023,6,5,112,4.0
19515,682,2024,5,4,109,3.0
19516,303,2022,12,1,130,4.0
19517,1439,2024,11,2,65,4.0
19518,280,2019,10,3,76,2.0
19519,736,2023,12,2,68,4.0
19520,1423,2023,1,4,57,3.0
19521,1791,2024,9,3,38,5.0
19522,444,2019,11,2,97,4.0
19523,665,2022,12,1,3,3.0
19524,236,2022,11,3,113,3.0
19525,876,2019,10,4,127,5.0
19526,1998,2022,10,3,35,3.0
19527,609,2021,2,2,33,4.0
19528,520,2021,5,3,76,3.0
19529,800,2023,11,3,127,2.0
19530,1793,2023,8,4,18,5.0
19531,1095,2022,4,3,65,4.0
19532,1219,2021,9,4,33,3.0
19533,1562,2024,1,2,128,5.0
19534,1431,2020,5,1,133,4.0
19535,1198,2021,10,4,13,5.0
19536,1122,2021,10,5,22,2.0
19537,1067,2020,7,5,24,4.0
19538,362,2021,4,4,122,4.0
19539,829,2024,6,3,136,2.0
19540,1695,2019,3,2,56,3.0
19541,79,2022,12,5,24,4.0
19542,1656,2021,11,3,100,4.0
19543,1132,2019,9,4,134,3.0
19544,700,2020,5,3,137,3.0
19545,229,2020,2,4,67,5.0
19546,1528,2021,1,3,118,2.0
19547,2,2021,5,2,144,4.0
19548,1087,2022,10,5,124,3.0
19549,325,2021,5,2,72,3.0
19550,1819,2023,10,2,40,2.0
19551,365,2021,3,2,56,3.0
19552,1606,2024,10,2,55,3.0
19553,1149,2024,1,4,149,4.0
19554,82,2023,5,3,110,5.0
19555,1441,2019,2,4,129,4.0
19556,1759,2024,8,2,117,4.0
19557,443,2023,3,2,72,3.0
19558,1938,2022,1,4,119,3.0
19559,1597,2021,4,2,96,4.0
19560,1485,2023,1,1,112,3.0
19561,673,2022,5,1,46,3.0
19562,240,2023,4,2,35,4.0
19563,859,2022,12,3,28,3.0
19564,1615,2023,7,1,44,3.0
19565,1174,2024,6,3,147,5.0
19566,1295,2023,8,4,142,5.0
19567,1563,2020,2,4,22,3.0
19568,678,2024,2,3,84,5.0
19569,75,2023,2,3,142,2.0
19570,1769,2021,11,5,114,2.0
19571,1227,2019,9,1,92,2.0
19572,1132,2024,12,4,90,3.0
19573,1147,2022,10,2,49,3.0
19574,1706,2021,2,4,139,2.0
19575,1539,2022,2,3,13,3.0
19576,1341,2019,10,1,131,3.0
19577,1565,2023,7,4,131,4.0
19578,578,2020,8,1,40,4.0
19579,1424,2020,3,4,77,5.0
19580,1951,2022,7,3,133,2.0
19581,470,2022,11,2,72,5.0
19582,1143,2019,6,3,46,5.0
19583,1363,2022,9,3,11,3.0
19584,1034,2019,9,2,67,4.0
19585,1938,2024,12,4,42,4.0
19586,808,2021,3,1,128,5.0
19587,436,2021,11,1,130,2.0
19588,273,2022,8,2,49,3.0
19589,1699,2019,10,4,32,4.0
19590,1373,2019,4,2,44,4.0
19591,1156,2024,2,4,61,4.0
19592,862,2022,2,4,101,2.0
19593,820,2020,5,3,23,3.0
19594,1870,2022,7,3,150,4.0
19595,1361,2024,4,2,106,3.0
19596,1931,2023,4,2,20,5.0
19597,1604,2021,10,3,48,4.0
19598,1536,2022,9,3,106,3.0
19599,1108,2024,8,2,76,5.0
19600,485,2020,8,2,80,4.0
19601,1308,2023,11,1,7,4.0
19602,1432,2024,3,1,62,4.0
19603,1044,2021,12,3,93,3.0
19604,41,2024,11,5,113,3.0
19605,1921,2019,5,5,68,3.0
19606,1653,2021,5,1,84,3.0
19607,705,2020,3,3,34,2.0
19608,988,2019,9,2,120,4.0
19609,247,2022,4,3,105,3.0
19610,1874,2022,4,1,112,4.0
19611,462,2021,9,3,101,3.0
19612,756,2024,3,3,148,4.0
19613,858,2020,2,3,132,2.0
19614,527,2023,11,2,122,3.0
19615,1270,2022,1,3,51,3.0
19616,1991,2024,12,2,11,3.0
19617,1711,2019,9,3,1,3.0
19618,1062,2024,5,4,117,5.0
19619,262,2019,7,1,135,4.0
19620,1727,2023,4,2,98,4.0
19621,514,2023,5,3,109,2.0
19622,1823,2019,9,3,14,4.0
19623,791,2019,11,3,85,5.0
19624,1037,2019,3,4,91,3.0
19625,874,2019,7,3,24,3.0
19626,912,2019,11,3,113,3.0
19627,330,2024,1,2,51,3.0
19628,1106,2020,1,2,30,2.0
19629,806,2023,8,4,105,4.0
19630,1696,2019,2,3,66,5.0
19631,955,2022,12,2,81,4.0
19632,1930,2021,2,3,82,
19633,594,2022,9,3,94,3.0
19634,657,2023,4,3,62,5.0
19635,74,2020,12,1,123,3.0
19636,1478,2019,11,5,132,4.0
19637,147,2020,10,4,73,2.0
19638,571,2023,8,4,26,3.0
19639,1822,2022,3,2,42,5.0
19640,1222,2024,2,3,116,3.0
19641,1118,2024,4,5,39,3.0
19642,1610,2019,1,5,117,4.0
19643,1543,2019,10,1,100,3.0
19644,1773,2019,4,1,68,4.0
19645,1331,2020,6,3,19,3.0
19646,898,2021,8,2,81,4.0
19647,262,2019,9,2,104,4.0
19648,740,2024,8,3,24,3.0
19649,1411,2021,9,1,124,2.0
19650,507,2023,2,3,30,3.0
19651,1342,2024,4,2,62,3.0
19652,267,2019,10,1,80,3.0
19653,121,2021,9,4,111,4.0
19654,730,2023,8,3,34,4.0
19655,460,2024,12,5,51,4.0
19656,1744,2023,12,1,121,3.0
19657,757,2020,2,3,50,3.0
19658,838,2020,7,3,93,5.0
19659,808,2023,11,5,60,4.0
19660,635,2022,4,2,9,4.0
19661,1836,2020,1,3,78,3.0
19662,1479,2021,2,2,54,5.0
19663,318,2024,9,4,40,3.0
19664,432,2020,12,2,129,3.0
19665,163,2020,9,3,117,4.0
19666,513,2024,1,3,42,4.0
19667,1314,2023,5,2,79,3.0
19668,1872,2020,5,1,108,3.0
19669,964,2020,11,3,8,5.0
19670,164,2024,7,2,15,4.0
19671,95,2020,3,2,81,3.0
19672,830,2023,7,1,140,5.0
19673,530,2021,9,4,140,5.0
19674,1154,2020,7,4,68,4.0
19675,237,2021,6,4,106,3.0
19676,461,2023,9,3,74,4.0
19677,1112,2023,4,3,136,3.0
19678,563,2019,2,3,86,5.0
19679,730,2024,11,5,134,3.0
19680,444,2020,9,2,55,5.0
19681,104,2022,9,4,140,3.0
19682,691,2020,11,3,109,3.0
19683,660,2020,9,3,116,3.0
19684,1798,2024,1,1,3,3.0
19685,1786,2023,11,4,121,3.0
19686,864,2024,1,3,25,4.0
19687,576,2019,9,2,141,3.0
19688,836,2020,12,3,29,1.0
19689,1216,2019,5,4,124,3.0
19690,774,2021,4,3,96,5.0
19691,1513,2021,12,1,59,4.0
19692,1929,2024,6,2,134,3.0
19693,807,2020,12,3,59,5.0
19694,235,2022,4,4,10,2.0
19695,242,2024,0,3,12,4.0
19696,1744,2019,7,3,128,3.0
19697,833,2021,5,2,58,3.0
19698,655,2021,9,1,123,3.0
19699,1239,2019,4,3,4,3.0
19700,1914,2021,10,3,12,4.0
19701,850,2020,5,3,149,3.0
19702,631,2020,5,2,22,3.0
19703,1726,2020,9,1,104,2.0
19704,166,2022,4,2,53,4.0
19705,1689,2021,4,4,76,3.0
19706,1041,2023,7,2,18,2.0
19707,41,2021,4,3,41,2.0
19708,456,2023,5,2,114,3.0
19709,1359,2022,5,2,81,3.0
19710,1506,2021,8,2,76,4.0
19711,392,2023,5,3,142,5.0
19712,1315,2023,8,2,62,5.0
19713,1979,2022,3,2,121,3.0
19714,1373,2022,11,3,109,2.0
19715,1405,2023,12,4,70,5.0
19716,387,2023,1,4,44,4.0
19717,1275,2023,2,3,54,5.0
19718,1418,2019,2,2,131,3.0
19719,222,2020,3,3,46,3.0
19720,623,2021,10,3,99,5.0
19721,1766,2022,3,4,19,4.0
19722,1998,2021,8,4,52,4.0
19723,347,2023,4,2,141,3.0
19724,1464,2021,1,2,81,2.0
19725,1004,2022,2,1,124,2.0
19726,1181,2023,12,3,39,1.0
19727,1022,2021,7,3,115,3.0
19728,1735,2022,8,5,148,2.0
19729,891,2023,3,3,139,3.0
19730,1179,2021,6,3,66,3.0
19731,1339,2024,8,2,103,3.0
19732,1106,2022,10,1,135,4.0
19733,1760,2023,8,3,123,4.0
19734,475,2023,8,2,147,5.0
19735,1897,2023,8,3,5,5.0
19736,1357,2023,5,4,81,4.0
19737,1921,2022,9,4,119,4.0
19738,750,2023,4,1,110,4.0
19739,958,2021,9,3,24,5.0
19740,87,2024,6,4,86,3.0
19741,1848,2022,7,1,25,3.0
19742,1633,2023,6,1,14,2.0
19743,593,2020,7,3,17,3.0
19744,104,2020,9,3,143,3.0
19745,1394,2022,4,3,41,3.0
19746,1345,2024,6,4,69,4.0
19747,1056,2023,5,4,39,4.0
19748,314,2020,1,5,135,4.0
19749,1837,2024,11,5,134,4.0
19750,866,2022,9,1,99,5.0
19751,1450,2022,1,1,125,4.0
19752,1719,2024,1,4,16,3.0
19753,1097,2023,12,5,150,3.0
19754,189,2020,11,3,63,3.0
19755,1776,2019,9,1,61,5.0
19756,1335,2020,9,1,30,3.0
19757,1789,2020,11,5,132,3.0
19758,1226,2020,8,1,26,3.0
19759,1815,2022,1,5,129,3.0
19760,1736,2024,6,2,108,3.0
19761,432,2022,4,5,116,3.0
19762,346,2021,3,2,5,4.0
19763,321,2020,11,5,111,3.0
19764,1600,2023,8,3,145,3.0
19765,481,2022,11,4,60,4.0
19766,901,2019,2,2,68,5.0
19767,1576,2021,12,1,17,3.0
19768,858,2020,8,2,74,4.0
19769,124,2021,7,4,102,4.0
19770,724,2019,3,1,45,3.0
19771,190,2020,8,3,112,4.0
19772,772,2023,8,1,13,4.0
19773,1474,2020,9,3,102,4.0
19774,1040,2019,2,2,89,3.0
19775,1350,2020,8,5,35,4.0
19776,214,2024,2,2,52,2.0
19777,1501,2024,1,5,36,3.0
19778,851,2022,6,3,94,3.0
19779,574,2023,2,2,96,4.0
19780,1304,2024,9,4,84,5.0
19781,270,2020,6,2,30,3.0
19782,997,2021,3,3,33,4.0
19783,845,2019,4,3,122,4.0
19784,332,2022,6,4,70,4.0
19785,1905,2024,8,2,66,5.0
19786,727,2019,10,1,47,3.0
19787,82,2023,7,5,140,2.0
19788,886,2021,7,2,36,2.0
19789,1934,2024,8,3,116,4.0
19790,1338,2022,8,4,116,4.0
19791,1274,2021,5,1,37,3.0
19792,1802,2019,3,2,2,5.0
19793,168,2022,7,1,38,3.0
19794,1101,2024,2,5,41,3.0
19795,642,2019,3,5,112,3.0
19796,1353,2019,2,5,80,5.0
19797,1706,2024,6,2,65,3.0
19798,155,2020,12,3,72,5.0
19799,317,2022,11,5,143,4.0
19800,1909,2022,2,4,142,5.0
19801,984,2021,10,1,4,4.0
19802,631,2021,2,2,127,4.0
19803,305,2023,11,3,55,4.0
19804,709,2020,3,4,113,4.0
19805,10,2020,2,2,148,3.0
19806,446,2024,0,2,78,4.0
19807,367,2019,10,4,94,4.0
19808,170,2020,5,2,65,5.0
19809,1939,2023,7,1,12,5.0
19810,1581,2022,10,3,6,4.0
19811,1881,2020,11,4,55,4.0
19812,481,2019,6,3,124,4.0
19813,577,2021,10,5,52,4.0
19814,566,2019,10,4,65,3.0
19815,1118,2022,10,2,80,4.0
19816,364,2021,11,2,49,4.0
19817,471,2024,11,2,74,4.0
19818,1950,2023,6,3,91,4.0
19819,705,2021,4,3,128,4.0
19820,1563,2022,12,4,114,5.0
19821,458,2023,6,3,123,4.0
19822,1860,2020,12,1,79,4.0
19823,1388,2022,12,2,105,4.0
19824,1724,2019,1,3,23,4.0
19825,1033,2024,2,2,23,3.0
19826,1813,2024,7,1,139,3.0
19827,726,2024,2,4,91,3.0
19828,959,2020,8,3,17,2.0
19829,124,2023,1,3,62,4.0
19830,342,2022,11,1,146,3.0
19831,1543,2024,6,5,4,3.0
19832,654,2019,9,4,67,5.0
19833,205,2021,6,2,126,5.0
19834,585,2019,9,2,142,5.0
19835,706,2024,9,4,56,3.0
19836,1435,2020,4,3,138,3.0
19837,182,2019,10,4,108,4.0
19838,52,2019,10,3,61,4.0
19839,1449,2024,4,4,117,3.0
19840,285,2022,1,4,121,3.0
19841,840,2019,6,2,42,4.0
19842,1366,2021,8,4,14,2.0
19843,1029,2021,10,2,118,4.0
19844,247,2023,3,3,13,3.0
19845,1445,2020,6,2,117,4.0
19846,97,2019,10,3,54,5.0
19847,465,2023,7,4,106,4.0
19848,219,2021,10,2,92,2.0
19849,1026,2019,9,2,6,3.0
19850,1382,2021,3,3,2,2.0
19851,1300,2021,3,2,95,3.0
19852,279,2020,10,1,78,2.0
19853,687,2020,9,4,7,3.0
19854,293,2019,11,3,147,3.0
19855,686,2024,4,5,36,3.0
19856,461,2019,1,4,129,4.0
19857,1481,2022,3,3,18,4.0
19858,1502,2019,6,2,35,3.0
19859,1637,2023,2,2,80,3.0
19860,401,2021,3,3,80,4.0
19861,27,2024,2,3,91,3.0
19862,71,2019,2,3,26,3.0
19863,1687,2020,5,3,40,4.0
19864,1812,2021,10,2,40,3.0
19865,424,2019,5,3,67,5.0
19866,1753,2021,4,1,139,5.0
19867,1060,2021,7,3,70,3.0
19868,370,2021,8,3,150,4.0
19869,626,2022,5,3,38,2.0
19870,531,2020,1,4,37,3.0
19871,1528,2020,4,3,16,4.0
19872,378,2021,1,4,32,3.0
19873,367,2022,2,1,47,3.0
19874,1440,2021,8,4,58,3.0
19875,605,2021,3,2,108,3.0
19876,501,2024,5,3,67,4.0
19877,1616,2022,5,1,103,3.0
19878,1863,2019,11,2,14,4.0
19879,1111,2021,2,5,143,3.0
19880,1656,2019,1,1,23,5.0
19881,1683,2024,7,3,6,3.0
19882,1177,2023,8,1,64,4.0
19883,1660,2021,7,1,98,4.0
19884,18,2020,9,5,36,3.0
19885,71,2023,11,3,25,3.0
19886,1768,2020,8,3,127,5.0
19887,281,2023,7,2,124,2.0
19888,1456,2024,9,2,113,3.0
19889,841,2020,3,3,34,3.0
19890,1576,2022,3,2,81,3.0
19891,1331,2019,5,2,104,3.0
19892,144,2022,10,3,65,5.0
19893,674,2023,11,2,27,3.0
19894,1418,2019,7,5,125,5.0
19895,1844,2024,8,3,141,5.0
19896,1610,2020,10,1,25,3.0
19897,1784,2021,3,3,106,3.0
19898,1914,2020,2,3,134,4.0
19899,1789,2024,9,2,82,4.0
19900,1161,2023,2,4,8,2.0
19901,673,2024,2,3,104,3.0
19902,1017,2021,5,2,139,2.0
19903,1592,2022,10,3,40,5.0
19904,851,2022,5,4,21,4.0
19905,1662,2020,2,2,38,3.0
19906,1403,2024,2,4,122,3.0
19907,419,2024,4,1,84,3.0
19908,1842,2024,1,2,3,2.0
19909,1693,2021,4,5,89,4.0
19910,1200,2019,1,2,123,4.0
19911,389,2019,11,1,28,5.0
19912,455,2022,1,1,88,4.0
19913,1679,2023,3,4,35,4.0
19914,36,2023,1,2,3,4.0
19915,968,2023,4,4,61,3.0
19916,1239,2023,10,3,117,2.0
19917,466,2024,7,4,101,4.0
19918,1730,2024,12,5,16,3.0
19919,1045,2021,8,4,28,3.0
19920,132,2023,6,2,81,3.0
19921,641,2020,12,5,49,5.0
19922,796,2023,3,2,50,4.0
19923,446,2019,2,4,66,2.0
19924,1881,2019,4,3,114,3.0
19925,722,2020,12,2,87,5.0
19926,1004,2022,10,3,128,4.0
19927,1071,2024,7,3,16,4.0
19928,442,2022,12,5,70,4.0
19929,1136,2022,8,3,83,4.0
19930,708,2023,3,4,114,3.0
19931,21,2024,1,3,78,4.0
19932,817,2022,1,3,138,2.0
19933,1168,2023,11,2,126,3.0
19934,235,2021,4,2,104,2.0
19935,1559,2024,6,4,60,5.0
19936,1322,2021,5,3,49,4.0
19937,620,2024,2,3,81,5.0
19938,1185,2024,1,5,70,2.0
19939,608,2024,9,3,5,5.0
19940,1296,2020,9,4,35,3.0
19941,308,2021,3,4,126,5.0
19942,1222,2023,2,3,69,3.0
19943,111,2024,7,3,143,2.0
19944,34,2022,1,5,37,4.0
19945,509,2023,4,3,146,3.0
19946,349,2021,9,2,122,3.0
19947,982,2024,3,1,54,2.0
19948,332,2021,10,2,92,4.0
19949,489,2022,11,4,149,
19950,196,2022,3,5,95,4.0
19951,1774,2024,8,4,140,4.0
19952,1471,2023,10,4,17,3.0
19953,436,2024,7,4,25,4.0
19954,241,2019,4,3,1,4.0
19955,1701,2020,12,1,49,3.0
19956,1337,2024,4,3,119,4.0
19957,1772,2019,3,5,145,4.0
19958,357,2023,2,3,82,5.0
19959,718,2022,11,4,64,2.0
19960,237,2021,3,4,140,3.0
19961,847,2019,2,1,89,4.0
19962,326,2019,1,3,81,5.0
19963,9,2024,4,3,13,5.0
19964,1017,2019,9,3,33,5.0
19965,1959,2023,9,2,105,5.0
19966,1291,2019,11,3,105,4.0
19967,1514,2021,9,4,75,5.0
19968,1624,2019,1,3,106,4.0
19969,1945,2022,11,5,104,3.0
19970,258,2019,4,4,10,2.0
19971,502,2022,12,4,126,3.0
19972,1233,2024,5,2,105,4.0
19973,1643,2023,1,1,33,3.0
19974,1548,2022,5,3,32,4.0
19975,1456,2024,6,4,144,5.0
19976,625,2023,10,2,39,3.0
19977,730,2023,7,4,5,5.0
19978,160,2022,1,3,5,4.0
19979,628,2021,1,2,35,5.0
19980,312,2022,8,2,95,4.0
19981,1877,2019,2,3,69,4.0
19982,184,2024,7,3,110,3.0
19983,727,2024,11,1,35,4.0
19984,1775,2020,11,3,35,4.0
19985,1912,2023,8,1,61,5.0
19986,754,2023,4,3,119,5.0
19987,931,2024,7,5,76,3.0
19988,1047,2024,2,1,115,3.0
19989,1645,2023,9,3,15,4.0
19990,1538,2024,2,4,62,4.0
19991,1049,2020,1,3,66,2.0
19992,743,2021,8,2,11,4.0
19993,745,2019,7,3,48,3.0
19994,1299,2024,7,4,43,3.0
19995,1671,2020,6,4,69,5.0
19996,154,2022,8,2,25,4.0
19997,1538,2019,6,5,41,4.0
19998,962,2020,2,2,144,5.0
19999,291,2023,7,2,22,4.0
20000,194,2020,1,4,123,4.0
11457,1769,2021,0,4,77,5.0
16529,1527,2022,9,2,68,4.0
3254,863,2021,8,3,146,3.0
18615,1652,2021,9,2,32,2.0
1545,1023,2022,12,4,138,4.0
12569,62,2021,9,1,111,4.0
15498,114,2019,5,3,17,3.0
13988,829,2021,5,4,58,4.0
9599,257,2024,9,2,101,5.0
6669,736,2024,3,3,100,4.0
4245,275,2021,5,5,45,4.0
17421,226,2019,4,3,148,2.0
5782,536,2023,3,1,10,3.0
4571,1039,2019,2,1,65,2.0
15717,1793,2019,6,2,49,4.0
2402,1452,2024,2,3,5,3.0
6296,1025,2021,3,1,139,4.0
16205,1918,2021,1,3,24,2.0
10058,715,2022,1,4,11,2.0
416,71,2019,12,3,109,4.0
5643,1322,2022,11,2,1,4.0
8267,1304,2024,1,2,148,1.0
8646,1244,2023,10,2,54,5.0
7332,451,2020,2,3,150,4.0
8215,566,2019,12,2,63,5.0
10787,1882,2023,9,3,48,4.0
3730,1839,2020,8,3,125,4.0
6794,1878,2020,7,4,79,4.0
4896,593,2023,1,2,32,3.0
3170,332,2021,9,2,44,3.0
12493,1977,2019,5,2,75,3.0
10812,1355,2020,12,4,3,3.0
14234,1134,2023,5,4,112,3.0
13770,1205,2021,4,3,126,4.0
6596,1547,2024,2,1,30,3.0
16325,673,2022,5,1,103,4.0
18337,835,2023,12,3,85,3.0
5066,557,2019,8,5,64,4.0
10986,1682,2019,12,5,42,4.0
3154,985,2023,6,5,99,3.0
4909,1755,2020,5,2,125,3.0
19729,891,2023,3,3,139,3.0
645,1820,2022,9,3,98,4.0
6097,1404,2022,7,2,16,3.0
7485,40,2021,12,2,23,2.0
8830,1126,2022,1,3,59,3.0
6053,561,2022,4,4,9,3.0
4219,902,2021,8,4,22,4.0
11824,272,2019,8,3,99,4.0
19006,1224,2021,9,1,56,4.0
